Origin,Destination,Airline name,Travel_date,Fare,Base price,GST,Currency,Scraped_at time,Source
DEL,BOM,IndiGo,2026-08-27,6425.0,6119.05,305.95,INR,2026-08-26 14:43:18,Google Flights
DEL,BOM,IndiGo,2026-08-27,6425.0,6119.05,305.95,INR,2026-08-26 14:43:18,Google Flights
DEL,BOM,IndiGo,2026-08-27,6425.0,6119.05,305.95,INR,2026-08-26 14:43:18,Google Flights
DEL,BOM,IndiGo,2026-08-27,6425.0,6119.05,305.95,INR,2026-08-26 14:43:18,Google Flights
DEL,BOM,IndiGo,2026-08-27,6425.0,6119.05,305.95,INR,2026-08-26 14:43:18,Google Flights
DEL,BOM,IndiGo,2026-08-27,6425.0,6119.05,305.95,INR,2026-08-26 14:43:18,Google Flights
DEL,BOM,IndiGo,2026-08-27,6425.0,6119.05,305.95,INR,2026-08-26 14:43:18,Google Flights
DEL,BOM,IndiGo,2026-08-27,6425.0,6119.05,305.95,INR,2026-08-26 14:43:18,Google Flights
DEL,BOM,IndiGo,2026-08-27,6425.0,6119.05,305.95,INR,2026-08-26 14:43:18,Google Flights
DEL,BOM,IndiGo,2026-08-27,6425.0,6119.05,305.95,INR,2026-08-26 14:43:18,Google Flights
DEL,BOM,IndiGo,2026-08-27,6425.0,6119.05,305.95,INR,2026-08-26 14:43:18,Google Flights
DEL,BOM,Air India,2026-08-27,6582.0,6268.57,313.43,INR,2026-08-26 14:43:18,Google Flights
DEL,BOM,Air India,2026-08-27,6582.0,6268.57,313.43,INR,2026-08-26 14:43:18,Google Flights
DEL,BOM,Air India,2026-08-27,6582.0,6268.57,313.43,INR,2026-08-26 14:43:18,Google Flights
DEL,BOM,Air India,2026-08-27,6582.0,6268.57,313.43,INR,2026-08-26 14:43:18,Google Flights
DEL,BOM,Air India,2026-08-27,6582.0,6268.57,313.43,INR,2026-08-26 14:43:18,Google Flights
DEL,BOM,Air India,2026-08-27,6582.0,6268.57,313.43,INR,2026-08-26 14:43:18,Google Flights
DEL,BOM,Air India,2026-08-27,6582.0,6268.57,313.43,INR,2026-08-26 14:43:18,Google Flights
DEL,BOM,Air India,2026-08-27,6582.0,6268.57,313.43,INR,2026-08-26 14:43:18,Google Flights
DEL,BOM,Air India,2026-08-27,6582.0,6268.57,313.43,INR,2026-08-26 14:43:18,Google Flights
DEL,BOM,Air India,2026-08-27,6582.0,6268.57,313.43,INR,2026-08-26 14:43:18,Google Flights
DEL,BOM,Air India,2026-08-27,6582.0,6268.57,313.43,INR,2026-08-26 14:43:18,Google Flights
DEL,BOM,Air India,2026-08-27,6582.0,6268.57,313.43,INR,2026-08-26 14:43:18,Google Flights
DEL,BOM,Air India,2026-08-27,6582.0,6268.57,313.43,INR,2026-08-26 14:43:18,Google Flights
DEL,BOM,Air India,2026-08-27,6582.0,6268.57,313.43,INR,2026-08-26 14:43:18,Google Flights
DEL,BOM,IndiGo,2026-08-27,6583.0,6269.52,313.48,INR,2026-08-26 14:43:18,Google Flights
DEL,BOM,IndiGo,2026-08-27,6583.0,6269.52,313.48,INR,2026-08-26 14:43:18,Google Flights
DEL,BOM,Air India,2026-08-27,6740.0,6419.05,320.95,INR,2026-08-26 14:43:18,Google Flights
DEL,BOM,Air India,2026-08-27,6740.0,6419.05,320.95,INR,2026-08-26 14:43:18,Google Flights
DEL,BOM,IndiGo,2026-08-27,6793.0,6469.52,323.48,INR,2026-08-26 14:43:18,Google Flights
DEL,BOM,IndiGo,2026-08-27,6793.0,6469.52,323.48,INR,2026-08-26 14:43:18,Google Flights
DEL,BOM,Akasa Air,2026-08-27,6880.0,6552.38,327.62,INR,2026-08-26 14:43:18,Google Flights
DEL,BOM,Akasa Air,2026-08-27,6880.0,6552.38,327.62,INR,2026-08-26 14:43:18,Google Flights
DEL,BOM,Akasa Air,2026-08-27,6880.0,6552.38,327.62,INR,2026-08-26 14:43:18,Google Flights
DEL,BOM,Akasa Air,2026-08-27,6880.0,6552.38,327.62,INR,2026-08-26 14:43:18,Google Flights
DEL,BOM,Akasa Air,2026-08-27,6880.0,6552.38,327.62,INR,2026-08-26 14:43:18,Google Flights
DEL,BOM,Air India Express,2026-08-27,6991.0,6658.1,332.9,INR,2026-08-26 14:43:18,Google Flights
DEL,BOM,Air India,2026-08-27,7212.0,6868.57,343.43,INR,2026-08-26 14:43:18,Google Flights
DEL,BOM,IndiGo,2026-08-27,7685.0,7319.05,365.95,INR,2026-08-26 14:43:18,Google Flights
DEL,BOM,IndiGo,2026-08-27,7685.0,7319.05,365.95,INR,2026-08-26 14:43:18,Google Flights
DEL,BOM,Akasa Air,2026-08-27,7896.0,7520.0,376.0,INR,2026-08-26 14:43:18,Google Flights
DEL,BOM,Air India,2026-08-27,7916.0,7539.05,376.95,INR,2026-08-26 14:43:18,Google Flights
DEL,BOM,Air India,2026-08-27,7916.0,7539.05,376.95,INR,2026-08-26 14:43:18,Google Flights
DEL,BOM,Air India,2026-08-27,8252.0,7859.05,392.95,INR,2026-08-26 14:43:18,Google Flights
DEL,BOM,IndiGo,2026-08-27,8473.0,8069.52,403.48,INR,2026-08-26 14:43:18,Google Flights
DEL,BOM,Akasa Air,2026-08-27,8772.0,8354.29,417.71,INR,2026-08-26 14:43:18,Google Flights
DEL,BOM,IndiGo,2026-08-27,8998.0,8569.52,428.48,INR,2026-08-26 14:43:18,Google Flights
DEL,BOM,Air India,2026-08-27,9569.0,9113.33,455.67,INR,2026-08-26 14:43:18,Google Flights
DEL,BOM,IndiGo,2026-08-27,9628.0,9169.52,458.48,INR,2026-08-26 14:43:18,Google Flights
DEL,BOM,IndiGo,2026-08-27,9628.0,9169.52,458.48,INR,2026-08-26 14:43:18,Google Flights
DEL,BOM,Air India,2026-08-27,9727.0,9263.81,463.19,INR,2026-08-26 14:43:18,Google Flights
DEL,BOM,Air India,2026-08-27,9821.0,9353.33,467.67,INR,2026-08-26 14:43:18,Google Flights
DEL,BOM,Air India,2026-08-27,9968.0,9493.33,474.67,INR,2026-08-26 14:43:18,Google Flights
DEL,BOM,Air India,2026-08-27,10320.0,9828.57,491.43,INR,2026-08-26 14:43:18,Google Flights
DEL,BOM,Air India,2026-08-27,12887.0,12273.33,613.67,INR,2026-08-26 14:43:18,Google Flights
DEL,BOM,IndiGo,2026-09-02,6205.0,5909.52,295.48,INR,2026-08-26 14:43:21,Google Flights
DEL,BOM,IndiGo,2026-09-02,6205.0,5909.52,295.48,INR,2026-08-26 14:43:21,Google Flights
DEL,BOM,IndiGo,2026-09-02,6205.0,5909.52,295.48,INR,2026-08-26 14:43:21,Google Flights
DEL,BOM,IndiGo,2026-09-02,6205.0,5909.52,295.48,INR,2026-08-26 14:43:21,Google Flights
DEL,BOM,IndiGo,2026-09-02,6205.0,5909.52,295.48,INR,2026-08-26 14:43:21,Google Flights
DEL,BOM,IndiGo,2026-09-02,6425.0,6119.05,305.95,INR,2026-08-26 14:43:21,Google Flights
DEL,BOM,IndiGo,2026-09-02,6425.0,6119.05,305.95,INR,2026-08-26 14:43:21,Google Flights
DEL,BOM,IndiGo,2026-09-02,6425.0,6119.05,305.95,INR,2026-08-26 14:43:21,Google Flights
DEL,BOM,IndiGo,2026-09-02,6425.0,6119.05,305.95,INR,2026-08-26 14:43:21,Google Flights
DEL,BOM,IndiGo,2026-09-02,6425.0,6119.05,305.95,INR,2026-08-26 14:43:21,Google Flights
DEL,BOM,IndiGo,2026-09-02,6425.0,6119.05,305.95,INR,2026-08-26 14:43:21,Google Flights
DEL,BOM,IndiGo,2026-09-02,6425.0,6119.05,305.95,INR,2026-08-26 14:43:21,Google Flights
DEL,BOM,IndiGo,2026-09-02,6425.0,6119.05,305.95,INR,2026-08-26 14:43:21,Google Flights
DEL,BOM,IndiGo,2026-09-02,6425.0,6119.05,305.95,INR,2026-08-26 14:43:21,Google Flights
DEL,BOM,IndiGo,2026-09-02,6425.0,6119.05,305.95,INR,2026-08-26 14:43:21,Google Flights
DEL,BOM,IndiGo,2026-09-02,6425.0,6119.05,305.95,INR,2026-08-26 14:43:21,Google Flights
DEL,BOM,IndiGo,2026-09-02,6425.0,6119.05,305.95,INR,2026-08-26 14:43:21,Google Flights
DEL,BOM,IndiGo,2026-09-02,6425.0,6119.05,305.95,INR,2026-08-26 14:43:21,Google Flights
DEL,BOM,IndiGo,2026-09-02,6425.0,6119.05,305.95,INR,2026-08-26 14:43:21,Google Flights
DEL,BOM,IndiGo,2026-09-02,6425.0,6119.05,305.95,INR,2026-08-26 14:43:21,Google Flights
DEL,BOM,Air India,2026-09-02,6582.0,6268.57,313.43,INR,2026-08-26 14:43:21,Google Flights
DEL,BOM,Air India,2026-09-02,6582.0,6268.57,313.43,INR,2026-08-26 14:43:21,Google Flights
DEL,BOM,Air India,2026-09-02,6582.0,6268.57,313.43,INR,2026-08-26 14:43:21,Google Flights
DEL,BOM,Air India,2026-09-02,6582.0,6268.57,313.43,INR,2026-08-26 14:43:21,Google Flights
DEL,BOM,Air India,2026-09-02,6582.0,6268.57,313.43,INR,2026-08-26 14:43:21,Google Flights
DEL,BOM,Air India,2026-09-02,6582.0,6268.57,313.43,INR,2026-08-26 14:43:21,Google Flights
DEL,BOM,Air India,2026-09-02,6582.0,6268.57,313.43,INR,2026-08-26 14:43:21,Google Flights
DEL,BOM,Air India,2026-09-02,6582.0,6268.57,313.43,INR,2026-08-26 14:43:21,Google Flights
DEL,BOM,Air India,2026-09-02,6582.0,6268.57,313.43,INR,2026-08-26 14:43:21,Google Flights
DEL,BOM,Air India,2026-09-02,6582.0,6268.57,313.43,INR,2026-08-26 14:43:21,Google Flights
DEL,BOM,Air India,2026-09-02,6582.0,6268.57,313.43,INR,2026-08-26 14:43:21,Google Flights
DEL,BOM,Air India,2026-09-02,6582.0,6268.57,313.43,INR,2026-08-26 14:43:21,Google Flights
DEL,BOM,Air India,2026-09-02,6582.0,6268.57,313.43,INR,2026-08-26 14:43:21,Google Flights
DEL,BOM,Air India,2026-09-02,6582.0,6268.57,313.43,INR,2026-08-26 14:43:21,Google Flights
DEL,BOM,Air India,2026-09-02,6582.0,6268.57,313.43,INR,2026-08-26 14:43:21,Google Flights
DEL,BOM,Air India,2026-09-02,6582.0,6268.57,313.43,INR,2026-08-26 14:43:21,Google Flights
DEL,BOM,Air India,2026-09-02,6582.0,6268.57,313.43,INR,2026-08-26 14:43:21,Google Flights
DEL,BOM,Air India,2026-09-02,6582.0,6268.57,313.43,INR,2026-08-26 14:43:21,Google Flights
DEL,BOM,Air India,2026-09-02,6582.0,6268.57,313.43,INR,2026-08-26 14:43:21,Google Flights
DEL,BOM,Air India,2026-09-02,6582.0,6268.57,313.43,INR,2026-08-26 14:43:21,Google Flights
DEL,BOM,Air India,2026-09-02,6582.0,6268.57,313.43,INR,2026-08-26 14:43:21,Google Flights
DEL,BOM,IndiGo,2026-09-02,6583.0,6269.52,313.48,INR,2026-08-26 14:43:21,Google Flights
DEL,BOM,IndiGo,2026-09-02,6583.0,6269.52,313.48,INR,2026-08-26 14:43:21,Google Flights
DEL,BOM,IndiGo,2026-09-02,6583.0,6269.52,313.48,INR,2026-08-26 14:43:21,Google Flights
DEL,BOM,IndiGo,2026-09-02,6583.0,6269.52,313.48,INR,2026-08-26 14:43:21,Google Flights
DEL,BOM,SpiceJet,2026-09-02,6591.0,6277.14,313.86,INR,2026-08-26 14:43:21,Google Flights
DEL,BOM,Air India Express,2026-09-02,6610.0,6295.24,314.76,INR,2026-08-26 14:43:21,Google Flights
DEL,BOM,Air India Express,2026-09-02,6610.0,6295.24,314.76,INR,2026-08-26 14:43:21,Google Flights
DEL,BOM,SpiceJet,2026-09-02,6697.0,6378.1,318.9,INR,2026-08-26 14:43:21,Google Flights
DEL,BOM,SpiceJet,2026-09-02,6697.0,6378.1,318.9,INR,2026-08-26 14:43:21,Google Flights
DEL,BOM,Air India,2026-09-02,6740.0,6419.05,320.95,INR,2026-08-26 14:43:21,Google Flights
DEL,BOM,IndiGo,2026-09-02,6793.0,6469.52,323.48,INR,2026-08-26 14:43:21,Google Flights
DEL,BOM,Akasa Air,2026-09-02,6880.0,6552.38,327.62,INR,2026-08-26 14:43:21,Google Flights
DEL,BOM,Akasa Air,2026-09-02,6880.0,6552.38,327.62,INR,2026-08-26 14:43:21,Google Flights
DEL,BOM,Akasa Air,2026-09-02,6880.0,6552.38,327.62,INR,2026-08-26 14:43:21,Google Flights
DEL,BOM,Akasa Air,2026-09-02,6880.0,6552.38,327.62,INR,2026-08-26 14:43:21,Google Flights
DEL,BOM,Akasa Air,2026-09-02,6880.0,6552.38,327.62,INR,2026-08-26 14:43:21,Google Flights
DEL,BOM,Akasa Air,2026-09-02,6880.0,6552.38,327.62,INR,2026-08-26 14:43:21,Google Flights
DEL,BOM,Akasa Air,2026-09-02,6880.0,6552.38,327.62,INR,2026-08-26 14:43:21,Google Flights
DEL,BOM,Akasa Air,2026-09-02,6880.0,6552.38,327.62,INR,2026-08-26 14:43:21,Google Flights
DEL,BOM,Air India,2026-09-02,7349.0,6999.05,349.95,INR,2026-08-26 14:43:21,Google Flights
DEL,BOM,IndiGo,2026-09-10,6074.0,5784.76,289.24,INR,2026-08-26 14:43:24,Google Flights
DEL,BOM,IndiGo,2026-09-10,6074.0,5784.76,289.24,INR,2026-08-26 14:43:24,Google Flights
DEL,BOM,IndiGo,2026-09-10,6074.0,5784.76,289.24,INR,2026-08-26 14:43:24,Google Flights
DEL,BOM,IndiGo,2026-09-10,6074.0,5784.76,289.24,INR,2026-08-26 14:43:24,Google Flights
DEL,BOM,IndiGo,2026-09-10,6074.0,5784.76,289.24,INR,2026-08-26 14:43:24,Google Flights
DEL,BOM,IndiGo,2026-09-10,6074.0,5784.76,289.24,INR,2026-08-26 14:43:24,Google Flights
DEL,BOM,IndiGo,2026-09-10,6425.0,6119.05,305.95,INR,2026-08-26 14:43:24,Google Flights
DEL,BOM,IndiGo,2026-09-10,6425.0,6119.05,305.95,INR,2026-08-26 14:43:24,Google Flights
DEL,BOM,IndiGo,2026-09-10,6425.0,6119.05,305.95,INR,2026-08-26 14:43:24,Google Flights
DEL,BOM,IndiGo,2026-09-10,6425.0,6119.05,305.95,INR,2026-08-26 14:43:24,Google Flights
DEL,BOM,IndiGo,2026-09-10,6425.0,6119.05,305.95,INR,2026-08-26 14:43:24,Google Flights
DEL,BOM,IndiGo,2026-09-10,6425.0,6119.05,305.95,INR,2026-08-26 14:43:24,Google Flights
DEL,BOM,IndiGo,2026-09-10,6425.0,6119.05,305.95,INR,2026-08-26 14:43:24,Google Flights
DEL,BOM,IndiGo,2026-09-10,6425.0,6119.05,305.95,INR,2026-08-26 14:43:24,Google Flights
DEL,BOM,IndiGo,2026-09-10,6425.0,6119.05,305.95,INR,2026-08-26 14:43:24,Google Flights
DEL,BOM,Air India,2026-09-10,6582.0,6268.57,313.43,INR,2026-08-26 14:43:24,Google Flights
DEL,BOM,Air India,2026-09-10,6582.0,6268.57,313.43,INR,2026-08-26 14:43:24,Google Flights
DEL,BOM,Air India,2026-09-10,6582.0,6268.57,313.43,INR,2026-08-26 14:43:24,Google Flights
DEL,BOM,Air India,2026-09-10,6582.0,6268.57,313.43,INR,2026-08-26 14:43:24,Google Flights
DEL,BOM,Air India,2026-09-10,6582.0,6268.57,313.43,INR,2026-08-26 14:43:24,Google Flights
DEL,BOM,Air India,2026-09-10,6582.0,6268.57,313.43,INR,2026-08-26 14:43:24,Google Flights
DEL,BOM,Air India,2026-09-10,6582.0,6268.57,313.43,INR,2026-08-26 14:43:24,Google Flights
DEL,BOM,Air India,2026-09-10,6582.0,6268.57,313.43,INR,2026-08-26 14:43:24,Google Flights
DEL,BOM,Air India,2026-09-10,6582.0,6268.57,313.43,INR,2026-08-26 14:43:24,Google Flights
DEL,BOM,Air India,2026-09-10,6582.0,6268.57,313.43,INR,2026-08-26 14:43:24,Google Flights
DEL,BOM,Air India,2026-09-10,6582.0,6268.57,313.43,INR,2026-08-26 14:43:24,Google Flights
DEL,BOM,Air India,2026-09-10,6582.0,6268.57,313.43,INR,2026-08-26 14:43:24,Google Flights
DEL,BOM,Air India,2026-09-10,6582.0,6268.57,313.43,INR,2026-08-26 14:43:24,Google Flights
DEL,BOM,Air India,2026-09-10,6582.0,6268.57,313.43,INR,2026-08-26 14:43:24,Google Flights
DEL,BOM,Air India,2026-09-10,6582.0,6268.57,313.43,INR,2026-08-26 14:43:24,Google Flights
DEL,BOM,Air India,2026-09-10,6582.0,6268.57,313.43,INR,2026-08-26 14:43:24,Google Flights
DEL,BOM,Air India,2026-09-10,6582.0,6268.57,313.43,INR,2026-08-26 14:43:24,Google Flights
DEL,BOM,Air India,2026-09-10,6582.0,6268.57,313.43,INR,2026-08-26 14:43:24,Google Flights
DEL,BOM,Air India,2026-09-10,6582.0,6268.57,313.43,INR,2026-08-26 14:43:24,Google Flights
DEL,BOM,Air India,2026-09-10,6582.0,6268.57,313.43,INR,2026-08-26 14:43:24,Google Flights
DEL,BOM,Air India,2026-09-10,6582.0,6268.57,313.43,INR,2026-08-26 14:43:24,Google Flights
DEL,BOM,Air India,2026-09-10,6582.0,6268.57,313.43,INR,2026-08-26 14:43:24,Google Flights
DEL,BOM,Air India,2026-09-10,6582.0,6268.57,313.43,INR,2026-08-26 14:43:24,Google Flights
DEL,BOM,IndiGo,2026-09-10,6583.0,6269.52,313.48,INR,2026-08-26 14:43:24,Google Flights
DEL,BOM,IndiGo,2026-09-10,6583.0,6269.52,313.48,INR,2026-08-26 14:43:24,Google Flights
DEL,BOM,IndiGo,2026-09-10,6583.0,6269.52,313.48,INR,2026-08-26 14:43:24,Google Flights
DEL,BOM,IndiGo,2026-09-10,6583.0,6269.52,313.48,INR,2026-08-26 14:43:24,Google Flights
DEL,BOM,IndiGo,2026-09-10,6583.0,6269.52,313.48,INR,2026-08-26 14:43:24,Google Flights
DEL,BOM,Air India Express,2026-09-10,6610.0,6295.24,314.76,INR,2026-08-26 14:43:24,Google Flights
DEL,BOM,Air India Express,2026-09-10,6610.0,6295.24,314.76,INR,2026-08-26 14:43:24,Google Flights
DEL,BOM,SpiceJet,2026-09-10,6697.0,6378.1,318.9,INR,2026-08-26 14:43:24,Google Flights
DEL,BOM,SpiceJet,2026-09-10,6697.0,6378.1,318.9,INR,2026-08-26 14:43:24,Google Flights
DEL,BOM,SpiceJet,2026-09-10,6697.0,6378.1,318.9,INR,2026-08-26 14:43:24,Google Flights
DEL,BOM,SpiceJet,2026-09-10,6697.0,6378.1,318.9,INR,2026-08-26 14:43:24,Google Flights
DEL,BOM,SpiceJet,2026-09-10,6697.0,6378.1,318.9,INR,2026-08-26 14:43:24,Google Flights
DEL,BOM,Air India,2026-09-10,6740.0,6419.05,320.95,INR,2026-08-26 14:43:24,Google Flights
DEL,BOM,IndiGo,2026-09-10,6793.0,6469.52,323.48,INR,2026-08-26 14:43:24,Google Flights
DEL,BOM,IndiGo,2026-09-10,6793.0,6469.52,323.48,INR,2026-08-26 14:43:24,Google Flights
DEL,BOM,IndiGo,2026-09-10,6793.0,6469.52,323.48,INR,2026-08-26 14:43:24,Google Flights
DEL,BOM,IndiGo,2026-09-10,6793.0,6469.52,323.48,INR,2026-08-26 14:43:24,Google Flights
DEL,BOM,IndiGo,2026-09-10,6793.0,6469.52,323.48,INR,2026-08-26 14:43:24,Google Flights
DEL,BOM,Akasa Air,2026-09-10,6880.0,6552.38,327.62,INR,2026-08-26 14:43:24,Google Flights
DEL,BOM,Akasa Air,2026-09-10,6880.0,6552.38,327.62,INR,2026-08-26 14:43:24,Google Flights
DEL,BOM,Akasa Air,2026-09-10,6880.0,6552.38,327.62,INR,2026-08-26 14:43:24,Google Flights
DEL,BOM,Akasa Air,2026-09-10,6880.0,6552.38,327.62,INR,2026-08-26 14:43:24,Google Flights
DEL,BOM,Akasa Air,2026-09-10,6880.0,6552.38,327.62,INR,2026-08-26 14:43:24,Google Flights
DEL,BOM,Akasa Air,2026-09-10,6880.0,6552.38,327.62,INR,2026-08-26 14:43:24,Google Flights
DEL,BOM,Akasa Air,2026-09-10,6880.0,6552.38,327.62,INR,2026-08-26 14:43:24,Google Flights
DEL,BOM,IndiGo,2026-09-10,7055.0,6719.05,335.95,INR,2026-08-26 14:43:24,Google Flights
DEL,BOM,IndiGo,2026-09-10,7055.0,6719.05,335.95,INR,2026-08-26 14:43:24,Google Flights
DEL,BOM,SpiceJet,2026-09-10,7335.0,6985.71,349.29,INR,2026-08-26 14:43:24,Google Flights
DEL,BOM,IndiGo,2026-09-25,6425.0,6119.05,305.95,INR,2026-08-26 14:43:27,Google Flights
DEL,BOM,IndiGo,2026-09-25,6425.0,6119.05,305.95,INR,2026-08-26 14:43:27,Google Flights
DEL,BOM,IndiGo,2026-09-25,6425.0,6119.05,305.95,INR,2026-08-26 14:43:27,Google Flights
DEL,BOM,IndiGo,2026-09-25,6425.0,6119.05,305.95,INR,2026-08-26 14:43:27,Google Flights
DEL,BOM,IndiGo,2026-09-25,6425.0,6119.05,305.95,INR,2026-08-26 14:43:27,Google Flights
DEL,BOM,Air India,2026-09-25,6582.0,6268.57,313.43,INR,2026-08-26 14:43:27,Google Flights
DEL,BOM,Air India,2026-09-25,6582.0,6268.57,313.43,INR,2026-08-26 14:43:27,Google Flights
DEL,BOM,Air India,2026-09-25,6582.0,6268.57,313.43,INR,2026-08-26 14:43:27,Google Flights
DEL,BOM,Air India,2026-09-25,6582.0,6268.57,313.43,INR,2026-08-26 14:43:27,Google Flights
DEL,BOM,Air India,2026-09-25,6582.0,6268.57,313.43,INR,2026-08-26 14:43:27,Google Flights
DEL,BOM,Air India,2026-09-25,6582.0,6268.57,313.43,INR,2026-08-26 14:43:27,Google Flights
DEL,BOM,Air India,2026-09-25,6582.0,6268.57,313.43,INR,2026-08-26 14:43:27,Google Flights
DEL,BOM,Air India,2026-09-25,6582.0,6268.57,313.43,INR,2026-08-26 14:43:27,Google Flights
DEL,BOM,Air India,2026-09-25,6582.0,6268.57,313.43,INR,2026-08-26 14:43:27,Google Flights
DEL,BOM,Air India,2026-09-25,6582.0,6268.57,313.43,INR,2026-08-26 14:43:27,Google Flights
DEL,BOM,Air India,2026-09-25,6582.0,6268.57,313.43,INR,2026-08-26 14:43:27,Google Flights
DEL,BOM,Air India,2026-09-25,6582.0,6268.57,313.43,INR,2026-08-26 14:43:27,Google Flights
DEL,BOM,Air India,2026-09-25,6582.0,6268.57,313.43,INR,2026-08-26 14:43:27,Google Flights
DEL,BOM,Air India,2026-09-25,6582.0,6268.57,313.43,INR,2026-08-26 14:43:27,Google Flights
DEL,BOM,Air India,2026-09-25,6582.0,6268.57,313.43,INR,2026-08-26 14:43:27,Google Flights
DEL,BOM,Air India,2026-09-25,6582.0,6268.57,313.43,INR,2026-08-26 14:43:27,Google Flights
DEL,BOM,IndiGo,2026-09-25,6583.0,6269.52,313.48,INR,2026-08-26 14:43:27,Google Flights
DEL,BOM,IndiGo,2026-09-25,6583.0,6269.52,313.48,INR,2026-08-26 14:43:27,Google Flights
DEL,BOM,IndiGo,2026-09-25,6583.0,6269.52,313.48,INR,2026-08-26 14:43:27,Google Flights
DEL,BOM,IndiGo,2026-09-25,6583.0,6269.52,313.48,INR,2026-08-26 14:43:27,Google Flights
DEL,BOM,IndiGo,2026-09-25,6583.0,6269.52,313.48,INR,2026-08-26 14:43:27,Google Flights
DEL,BOM,IndiGo,2026-09-25,6583.0,6269.52,313.48,INR,2026-08-26 14:43:27,Google Flights
DEL,BOM,Air India Express,2026-09-25,6610.0,6295.24,314.76,INR,2026-08-26 14:43:27,Google Flights
DEL,BOM,SpiceJet,2026-09-25,6697.0,6378.1,318.9,INR,2026-08-26 14:43:27,Google Flights
DEL,BOM,SpiceJet,2026-09-25,6697.0,6378.1,318.9,INR,2026-08-26 14:43:27,Google Flights
DEL,BOM,SpiceJet,2026-09-25,6697.0,6378.1,318.9,INR,2026-08-26 14:43:27,Google Flights
DEL,BOM,SpiceJet,2026-09-25,6697.0,6378.1,318.9,INR,2026-08-26 14:43:27,Google Flights
DEL,BOM,SpiceJet,2026-09-25,6697.0,6378.1,318.9,INR,2026-08-26 14:43:27,Google Flights
DEL,BOM,SpiceJet,2026-09-25,6697.0,6378.1,318.9,INR,2026-08-26 14:43:27,Google Flights
DEL,BOM,SpiceJet,2026-09-25,6697.0,6378.1,318.9,INR,2026-08-26 14:43:27,Google Flights
DEL,BOM,Air India Express,2026-09-25,6722.0,6401.9,320.1,INR,2026-08-26 14:43:27,Google Flights
DEL,BOM,Air India,2026-09-25,6740.0,6419.05,320.95,INR,2026-08-26 14:43:27,Google Flights
DEL,BOM,IndiGo,2026-09-25,6793.0,6469.52,323.48,INR,2026-08-26 14:43:27,Google Flights
DEL,BOM,IndiGo,2026-09-25,6793.0,6469.52,323.48,INR,2026-08-26 14:43:27,Google Flights
DEL,BOM,IndiGo,2026-09-25,6793.0,6469.52,323.48,INR,2026-08-26 14:43:27,Google Flights
DEL,BOM,IndiGo,2026-09-25,6793.0,6469.52,323.48,INR,2026-08-26 14:43:27,Google Flights
DEL,BOM,IndiGo,2026-09-25,6793.0,6469.52,323.48,INR,2026-08-26 14:43:27,Google Flights
DEL,BOM,Akasa Air,2026-09-25,6880.0,6552.38,327.62,INR,2026-08-26 14:43:27,Google Flights
DEL,BOM,Akasa Air,2026-09-25,6880.0,6552.38,327.62,INR,2026-08-26 14:43:27,Google Flights
DEL,BOM,Akasa Air,2026-09-25,6880.0,6552.38,327.62,INR,2026-08-26 14:43:27,Google Flights
DEL,BOM,Akasa Air,2026-09-25,6880.0,6552.38,327.62,INR,2026-08-26 14:43:27,Google Flights
DEL,BOM,Akasa Air,2026-09-25,6880.0,6552.38,327.62,INR,2026-08-26 14:43:27,Google Flights
DEL,BOM,Akasa Air,2026-09-25,6880.0,6552.38,327.62,INR,2026-08-26 14:43:27,Google Flights
DEL,BOM,Akasa Air,2026-09-25,6880.0,6552.38,327.62,INR,2026-08-26 14:43:27,Google Flights
DEL,BOM,Air India,2026-09-25,6950.0,6619.05,330.95,INR,2026-08-26 14:43:27,Google Flights
DEL,BOM,Air India,2026-09-25,6950.0,6619.05,330.95,INR,2026-08-26 14:43:27,Google Flights
DEL,BOM,IndiGo,2026-09-25,7055.0,6719.05,335.95,INR,2026-08-26 14:43:27,Google Flights
DEL,BOM,IndiGo,2026-09-25,7055.0,6719.05,335.95,INR,2026-08-26 14:43:27,Google Flights
DEL,BOM,IndiGo,2026-09-25,7055.0,6719.05,335.95,INR,2026-08-26 14:43:27,Google Flights
DEL,BOM,IndiGo,2026-09-25,7055.0,6719.05,335.95,INR,2026-08-26 14:43:27,Google Flights
DEL,BOM,IndiGo,2026-09-25,7055.0,6719.05,335.95,INR,2026-08-26 14:43:27,Google Flights
DEL,BOM,Air India,2026-09-25,7181.0,6839.05,341.95,INR,2026-08-26 14:43:27,Google Flights
DEL,BOM,Air India,2026-09-25,7406.0,7053.33,352.67,INR,2026-08-26 14:43:27,Google Flights
DEL,BOM,Air India,2026-09-25,7406.0,7053.33,352.67,INR,2026-08-26 14:43:27,Google Flights
DEL,BOM,Air India,2026-09-25,7916.0,7539.05,376.95,INR,2026-08-26 14:43:27,Google Flights
BOM,DEL,IndiGo,2026-08-27,6457.0,6149.52,307.48,INR,2026-08-26 14:43:31,Google Flights
BOM,DEL,IndiGo,2026-08-27,6457.0,6149.52,307.48,INR,2026-08-26 14:43:31,Google Flights
BOM,DEL,IndiGo,2026-08-27,6457.0,6149.52,307.48,INR,2026-08-26 14:43:31,Google Flights
BOM,DEL,IndiGo,2026-08-27,6457.0,6149.52,307.48,INR,2026-08-26 14:43:31,Google Flights
BOM,DEL,IndiGo,2026-08-27,6615.0,6300.0,315.0,INR,2026-08-26 14:43:31,Google Flights
BOM,DEL,IndiGo,2026-08-27,6615.0,6300.0,315.0,INR,2026-08-26 14:43:31,Google Flights
BOM,DEL,IndiGo,2026-08-27,6615.0,6300.0,315.0,INR,2026-08-26 14:43:31,Google Flights
BOM,DEL,IndiGo,2026-08-27,6615.0,6300.0,315.0,INR,2026-08-26 14:43:31,Google Flights
BOM,DEL,IndiGo,2026-08-27,6615.0,6300.0,315.0,INR,2026-08-26 14:43:31,Google Flights
BOM,DEL,Air India,2026-08-27,6772.0,6449.52,322.48,INR,2026-08-26 14:43:31,Google Flights
BOM,DEL,Air India,2026-08-27,6772.0,6449.52,322.48,INR,2026-08-26 14:43:31,Google Flights
BOM,DEL,Air India,2026-08-27,6772.0,6449.52,322.48,INR,2026-08-26 14:43:31,Google Flights
BOM,DEL,Air India,2026-08-27,6772.0,6449.52,322.48,INR,2026-08-26 14:43:31,Google Flights
BOM,DEL,Akasa Air,2026-08-27,6912.0,6582.86,329.14,INR,2026-08-26 14:43:31,Google Flights
BOM,DEL,Akasa Air,2026-08-27,6912.0,6582.86,329.14,INR,2026-08-26 14:43:31,Google Flights
BOM,DEL,Air India,2026-08-27,7155.0,6814.29,340.71,INR,2026-08-26 14:43:31,Google Flights
BOM,DEL,Air India,2026-08-27,7244.0,6899.05,344.95,INR,2026-08-26 14:43:31,Google Flights
BOM,DEL,Air India Express,2026-08-27,7355.0,7004.76,350.24,INR,2026-08-26 14:43:31,Google Flights
BOM,DEL,Air India,2026-08-27,7423.0,7069.52,353.48,INR,2026-08-26 14:43:31,Google Flights
BOM,DEL,Akasa Air,2026-08-27,8353.0,7955.24,397.76,INR,2026-08-26 14:43:31,Google Flights
BOM,DEL,Air India,2026-08-27,8504.0,8099.05,404.95,INR,2026-08-26 14:43:31,Google Flights
BOM,DEL,Air India,2026-08-27,8504.0,8099.05,404.95,INR,2026-08-26 14:43:31,Google Flights
BOM,DEL,Air India,2026-08-27,8803.0,8383.81,419.19,INR,2026-08-26 14:43:31,Google Flights
BOM,DEL,Akasa Air,2026-08-27,9281.0,8839.05,441.95,INR,2026-08-26 14:43:31,Google Flights
BOM,DEL,Akasa Air,2026-08-27,9447.0,8997.14,449.86,INR,2026-08-26 14:43:31,Google Flights
BOM,DEL,Air India,2026-08-27,10000.0,9523.81,476.19,INR,2026-08-26 14:43:31,Google Flights
BOM,DEL,Akasa Air,2026-08-27,10145.0,9661.9,483.1,INR,2026-08-26 14:43:31,Google Flights
BOM,DEL,Air India,2026-08-27,10352.0,9859.05,492.95,INR,2026-08-26 14:43:31,Google Flights
BOM,DEL,Akasa Air,2026-08-27,11716.0,11158.1,557.9,INR,2026-08-26 14:43:31,Google Flights
BOM,DEL,IndiGo,2026-08-27,12285.0,11700.0,585.0,INR,2026-08-26 14:43:31,Google Flights
BOM,DEL,IndiGo,2026-08-27,12285.0,11700.0,585.0,INR,2026-08-26 14:43:31,Google Flights
BOM,DEL,Air India,2026-08-27,12919.0,12303.81,615.19,INR,2026-08-26 14:43:31,Google Flights
BOM,DEL,Air India,2026-08-27,12919.0,12303.81,615.19,INR,2026-08-26 14:43:31,Google Flights
BOM,DEL,Air India,2026-08-27,12919.0,12303.81,615.19,INR,2026-08-26 14:43:31,Google Flights
BOM,DEL,IndiGo,2026-08-27,13545.0,12900.0,645.0,INR,2026-08-26 14:43:31,Google Flights
BOM,DEL,SpiceJet,2026-08-27,14971.0,14258.1,712.9,INR,2026-08-26 14:43:31,Google Flights
BOM,DEL,IndiGo,2026-08-27,15120.0,14400.0,720.0,INR,2026-08-26 14:43:31,Google Flights
BOM,DEL,IndiGo,2026-08-27,15120.0,14400.0,720.0,INR,2026-08-26 14:43:31,Google Flights
BOM,DEL,IndiGo,2026-08-27,15120.0,14400.0,720.0,INR,2026-08-26 14:43:31,Google Flights
BOM,DEL,Air India,2026-08-27,16615.0,15823.81,791.19,INR,2026-08-26 14:43:31,Google Flights
BOM,DEL,Air India,2026-08-27,16615.0,15823.81,791.19,INR,2026-08-26 14:43:31,Google Flights
BOM,DEL,Air India,2026-08-27,16615.0,15823.81,791.19,INR,2026-08-26 14:43:31,Google Flights
BOM,DEL,Air India,2026-08-27,16615.0,15823.81,791.19,INR,2026-08-26 14:43:31,Google Flights
BOM,DEL,Air India,2026-08-27,17077.0,16263.81,813.19,INR,2026-08-26 14:43:31,Google Flights
BOM,DEL,IndiGo,2026-08-27,17115.0,16300.0,815.0,INR,2026-08-26 14:43:31,Google Flights
BOM,DEL,IndiGo,2026-08-27,17115.0,16300.0,815.0,INR,2026-08-26 14:43:31,Google Flights
BOM,DEL,SpiceJet,2026-08-27,18322.0,17449.52,872.48,INR,2026-08-26 14:43:31,Google Flights
BOM,DEL,Air India,2026-08-27,20689.0,19703.81,985.19,INR,2026-08-26 14:43:31,Google Flights
BOM,DEL,IndiGo,2026-08-27,22680.0,21600.0,1080.0,INR,2026-08-26 14:43:31,Google Flights
BOM,DEL,IndiGo,2026-08-27,22680.0,21600.0,1080.0,INR,2026-08-26 14:43:31,Google Flights
BOM,DEL,IndiGo,2026-08-27,22680.0,21600.0,1080.0,INR,2026-08-26 14:43:31,Google Flights
BOM,DEL,IndiGo,2026-08-27,22680.0,21600.0,1080.0,INR,2026-08-26 14:43:31,Google Flights
BOM,DEL,Air India,2026-08-27,23876.0,22739.05,1136.95,INR,2026-08-26 14:43:31,Google Flights
BOM,DEL,Air India,2026-08-27,24779.0,23599.05,1179.95,INR,2026-08-26 14:43:31,Google Flights
BOM,DEL,IndiGo,2026-09-02,6037.0,5749.52,287.48,INR,2026-08-26 14:43:33,Google Flights
BOM,DEL,IndiGo,2026-09-02,6457.0,6149.52,307.48,INR,2026-08-26 14:43:33,Google Flights
BOM,DEL,IndiGo,2026-09-02,6457.0,6149.52,307.48,INR,2026-08-26 14:43:33,Google Flights
BOM,DEL,IndiGo,2026-09-02,6457.0,6149.52,307.48,INR,2026-08-26 14:43:33,Google Flights
BOM,DEL,IndiGo,2026-09-02,6457.0,6149.52,307.48,INR,2026-08-26 14:43:33,Google Flights
BOM,DEL,IndiGo,2026-09-02,6457.0,6149.52,307.48,INR,2026-08-26 14:43:33,Google Flights
BOM,DEL,IndiGo,2026-09-02,6457.0,6149.52,307.48,INR,2026-08-26 14:43:33,Google Flights
BOM,DEL,IndiGo,2026-09-02,6457.0,6149.52,307.48,INR,2026-08-26 14:43:33,Google Flights
BOM,DEL,IndiGo,2026-09-02,6457.0,6149.52,307.48,INR,2026-08-26 14:43:33,Google Flights
BOM,DEL,IndiGo,2026-09-02,6457.0,6149.52,307.48,INR,2026-08-26 14:43:33,Google Flights
BOM,DEL,IndiGo,2026-09-02,6457.0,6149.52,307.48,INR,2026-08-26 14:43:33,Google Flights
BOM,DEL,IndiGo,2026-09-02,6457.0,6149.52,307.48,INR,2026-08-26 14:43:33,Google Flights
BOM,DEL,Air India,2026-09-02,6614.0,6299.05,314.95,INR,2026-08-26 14:43:33,Google Flights
BOM,DEL,Air India,2026-09-02,6614.0,6299.05,314.95,INR,2026-08-26 14:43:33,Google Flights
BOM,DEL,Air India,2026-09-02,6614.0,6299.05,314.95,INR,2026-08-26 14:43:33,Google Flights
BOM,DEL,Air India,2026-09-02,6614.0,6299.05,314.95,INR,2026-08-26 14:43:33,Google Flights
BOM,DEL,Air India,2026-09-02,6614.0,6299.05,314.95,INR,2026-08-26 14:43:33,Google Flights
BOM,DEL,Air India,2026-09-02,6614.0,6299.05,314.95,INR,2026-08-26 14:43:33,Google Flights
BOM,DEL,Air India,2026-09-02,6614.0,6299.05,314.95,INR,2026-08-26 14:43:33,Google Flights
BOM,DEL,Air India,2026-09-02,6614.0,6299.05,314.95,INR,2026-08-26 14:43:33,Google Flights
BOM,DEL,Air India,2026-09-02,6614.0,6299.05,314.95,INR,2026-08-26 14:43:33,Google Flights
BOM,DEL,Air India,2026-09-02,6614.0,6299.05,314.95,INR,2026-08-26 14:43:33,Google Flights
BOM,DEL,IndiGo,2026-09-02,6615.0,6300.0,315.0,INR,2026-08-26 14:43:33,Google Flights
BOM,DEL,IndiGo,2026-09-02,6615.0,6300.0,315.0,INR,2026-08-26 14:43:33,Google Flights
BOM,DEL,IndiGo,2026-09-02,6615.0,6300.0,315.0,INR,2026-08-26 14:43:33,Google Flights
BOM,DEL,IndiGo,2026-09-02,6615.0,6300.0,315.0,INR,2026-08-26 14:43:33,Google Flights
BOM,DEL,SpiceJet,2026-09-02,6616.0,6300.95,315.05,INR,2026-08-26 14:43:33,Google Flights
BOM,DEL,SpiceJet,2026-09-02,6616.0,6300.95,315.05,INR,2026-08-26 14:43:33,Google Flights
BOM,DEL,Air India Express,2026-09-02,6760.0,6438.1,321.9,INR,2026-08-26 14:43:33,Google Flights
BOM,DEL,Air India,2026-09-02,6772.0,6449.52,322.48,INR,2026-08-26 14:43:33,Google Flights
BOM,DEL,Air India,2026-09-02,6772.0,6449.52,322.48,INR,2026-08-26 14:43:33,Google Flights
BOM,DEL,Air India,2026-09-02,6772.0,6449.52,322.48,INR,2026-08-26 14:43:33,Google Flights
BOM,DEL,Air India,2026-09-02,6772.0,6449.52,322.48,INR,2026-08-26 14:43:33,Google Flights
BOM,DEL,IndiGo,2026-09-02,6825.0,6500.0,325.0,INR,2026-08-26 14:43:33,Google Flights
BOM,DEL,IndiGo,2026-09-02,6825.0,6500.0,325.0,INR,2026-08-26 14:43:33,Google Flights
BOM,DEL,IndiGo,2026-09-02,6825.0,6500.0,325.0,INR,2026-08-26 14:43:33,Google Flights
BOM,DEL,IndiGo,2026-09-02,6825.0,6500.0,325.0,INR,2026-08-26 14:43:33,Google Flights
BOM,DEL,IndiGo,2026-09-02,6825.0,6500.0,325.0,INR,2026-08-26 14:43:33,Google Flights
BOM,DEL,Akasa Air,2026-09-02,6912.0,6582.86,329.14,INR,2026-08-26 14:43:33,Google Flights
BOM,DEL,Akasa Air,2026-09-02,6912.0,6582.86,329.14,INR,2026-08-26 14:43:33,Google Flights
BOM,DEL,Akasa Air,2026-09-02,6912.0,6582.86,329.14,INR,2026-08-26 14:43:33,Google Flights
BOM,DEL,Akasa Air,2026-09-02,6912.0,6582.86,329.14,INR,2026-08-26 14:43:33,Google Flights
BOM,DEL,Akasa Air,2026-09-02,6912.0,6582.86,329.14,INR,2026-08-26 14:43:33,Google Flights
BOM,DEL,Akasa Air,2026-09-02,6912.0,6582.86,329.14,INR,2026-08-26 14:43:33,Google Flights
BOM,DEL,IndiGo,2026-09-02,7087.0,6749.52,337.48,INR,2026-08-26 14:43:33,Google Flights
BOM,DEL,Air India,2026-09-02,7244.0,6899.05,344.95,INR,2026-08-26 14:43:33,Google Flights
BOM,DEL,Air India,2026-09-02,7244.0,6899.05,344.95,INR,2026-08-26 14:43:33,Google Flights
BOM,DEL,Akasa Air,2026-09-02,7275.0,6928.57,346.43,INR,2026-08-26 14:43:33,Google Flights
BOM,DEL,Air India,2026-09-02,7423.0,7069.52,353.48,INR,2026-08-26 14:43:33,Google Flights
BOM,DEL,Air India,2026-09-02,7423.0,7069.52,353.48,INR,2026-08-26 14:43:33,Google Flights
BOM,DEL,Air India,2026-09-02,7423.0,7069.52,353.48,INR,2026-08-26 14:43:33,Google Flights
BOM,DEL,Air India,2026-09-02,7486.0,7129.52,356.48,INR,2026-08-26 14:43:33,Google Flights
BOM,DEL,Air India,2026-09-02,8719.0,8303.81,415.19,INR,2026-08-26 14:43:33,Google Flights
BOM,DEL,Air India,2026-09-02,9937.0,9463.81,473.19,INR,2026-08-26 14:43:33,Google Flights
BOM,DEL,IndiGo,2026-09-10,6037.0,5749.52,287.48,INR,2026-08-26 14:43:36,Google Flights
BOM,DEL,IndiGo,2026-09-10,6037.0,5749.52,287.48,INR,2026-08-26 14:43:36,Google Flights
BOM,DEL,IndiGo,2026-09-10,6037.0,5749.52,287.48,INR,2026-08-26 14:43:36,Google Flights
BOM,DEL,IndiGo,2026-09-10,6037.0,5749.52,287.48,INR,2026-08-26 14:43:36,Google Flights
BOM,DEL,IndiGo,2026-09-10,6037.0,5749.52,287.48,INR,2026-08-26 14:43:36,Google Flights
BOM,DEL,IndiGo,2026-09-10,6037.0,5749.52,287.48,INR,2026-08-26 14:43:36,Google Flights
BOM,DEL,IndiGo,2026-09-10,6457.0,6149.52,307.48,INR,2026-08-26 14:43:36,Google Flights
BOM,DEL,IndiGo,2026-09-10,6457.0,6149.52,307.48,INR,2026-08-26 14:43:36,Google Flights
BOM,DEL,IndiGo,2026-09-10,6457.0,6149.52,307.48,INR,2026-08-26 14:43:36,Google Flights
BOM,DEL,IndiGo,2026-09-10,6457.0,6149.52,307.48,INR,2026-08-26 14:43:36,Google Flights
BOM,DEL,IndiGo,2026-09-10,6457.0,6149.52,307.48,INR,2026-08-26 14:43:36,Google Flights
BOM,DEL,IndiGo,2026-09-10,6457.0,6149.52,307.48,INR,2026-08-26 14:43:36,Google Flights
BOM,DEL,IndiGo,2026-09-10,6457.0,6149.52,307.48,INR,2026-08-26 14:43:36,Google Flights
BOM,DEL,IndiGo,2026-09-10,6457.0,6149.52,307.48,INR,2026-08-26 14:43:36,Google Flights
BOM,DEL,IndiGo,2026-09-10,6457.0,6149.52,307.48,INR,2026-08-26 14:43:36,Google Flights
BOM,DEL,Air India,2026-09-10,6614.0,6299.05,314.95,INR,2026-08-26 14:43:36,Google Flights
BOM,DEL,Air India,2026-09-10,6614.0,6299.05,314.95,INR,2026-08-26 14:43:36,Google Flights
BOM,DEL,Air India,2026-09-10,6614.0,6299.05,314.95,INR,2026-08-26 14:43:36,Google Flights
BOM,DEL,Air India,2026-09-10,6614.0,6299.05,314.95,INR,2026-08-26 14:43:36,Google Flights
BOM,DEL,Air India,2026-09-10,6614.0,6299.05,314.95,INR,2026-08-26 14:43:36,Google Flights
BOM,DEL,Air India,2026-09-10,6614.0,6299.05,314.95,INR,2026-08-26 14:43:36,Google Flights
BOM,DEL,Air India,2026-09-10,6614.0,6299.05,314.95,INR,2026-08-26 14:43:36,Google Flights
BOM,DEL,Air India,2026-09-10,6614.0,6299.05,314.95,INR,2026-08-26 14:43:36,Google Flights
BOM,DEL,Air India,2026-09-10,6614.0,6299.05,314.95,INR,2026-08-26 14:43:36,Google Flights
BOM,DEL,Air India,2026-09-10,6614.0,6299.05,314.95,INR,2026-08-26 14:43:36,Google Flights
BOM,DEL,Air India,2026-09-10,6614.0,6299.05,314.95,INR,2026-08-26 14:43:36,Google Flights
BOM,DEL,Air India,2026-09-10,6614.0,6299.05,314.95,INR,2026-08-26 14:43:36,Google Flights
BOM,DEL,IndiGo,2026-09-10,6615.0,6300.0,315.0,INR,2026-08-26 14:43:36,Google Flights
BOM,DEL,IndiGo,2026-09-10,6615.0,6300.0,315.0,INR,2026-08-26 14:43:36,Google Flights
BOM,DEL,IndiGo,2026-09-10,6615.0,6300.0,315.0,INR,2026-08-26 14:43:36,Google Flights
BOM,DEL,IndiGo,2026-09-10,6615.0,6300.0,315.0,INR,2026-08-26 14:43:36,Google Flights
BOM,DEL,Air India Express,2026-09-10,6642.0,6325.71,316.29,INR,2026-08-26 14:43:36,Google Flights
BOM,DEL,Air India Express,2026-09-10,6642.0,6325.71,316.29,INR,2026-08-26 14:43:36,Google Flights
BOM,DEL,SpiceJet,2026-09-10,6668.0,6350.48,317.52,INR,2026-08-26 14:43:36,Google Flights
BOM,DEL,SpiceJet,2026-09-10,6668.0,6350.48,317.52,INR,2026-08-26 14:43:36,Google Flights
BOM,DEL,SpiceJet,2026-09-10,6668.0,6350.48,317.52,INR,2026-08-26 14:43:36,Google Flights
BOM,DEL,SpiceJet,2026-09-10,6668.0,6350.48,317.52,INR,2026-08-26 14:43:36,Google Flights
BOM,DEL,SpiceJet,2026-09-10,6668.0,6350.48,317.52,INR,2026-08-26 14:43:36,Google Flights
BOM,DEL,Air India,2026-09-10,6772.0,6449.52,322.48,INR,2026-08-26 14:43:36,Google Flights
BOM,DEL,Air India,2026-09-10,6772.0,6449.52,322.48,INR,2026-08-26 14:43:36,Google Flights
BOM,DEL,Air India,2026-09-10,6772.0,6449.52,322.48,INR,2026-08-26 14:43:36,Google Flights
BOM,DEL,Air India,2026-09-10,6772.0,6449.52,322.48,INR,2026-08-26 14:43:36,Google Flights
BOM,DEL,Air India,2026-09-10,6772.0,6449.52,322.48,INR,2026-08-26 14:43:36,Google Flights
BOM,DEL,IndiGo,2026-09-10,6825.0,6500.0,325.0,INR,2026-08-26 14:43:36,Google Flights
BOM,DEL,IndiGo,2026-09-10,6825.0,6500.0,325.0,INR,2026-08-26 14:43:36,Google Flights
BOM,DEL,IndiGo,2026-09-10,6825.0,6500.0,325.0,INR,2026-08-26 14:43:36,Google Flights
BOM,DEL,Akasa Air,2026-09-10,6912.0,6582.86,329.14,INR,2026-08-26 14:43:36,Google Flights
BOM,DEL,Akasa Air,2026-09-10,6912.0,6582.86,329.14,INR,2026-08-26 14:43:36,Google Flights
BOM,DEL,Akasa Air,2026-09-10,6912.0,6582.86,329.14,INR,2026-08-26 14:43:36,Google Flights
BOM,DEL,Akasa Air,2026-09-10,6912.0,6582.86,329.14,INR,2026-08-26 14:43:36,Google Flights
BOM,DEL,Akasa Air,2026-09-10,6912.0,6582.86,329.14,INR,2026-08-26 14:43:36,Google Flights
BOM,DEL,Akasa Air,2026-09-10,6912.0,6582.86,329.14,INR,2026-08-26 14:43:36,Google Flights
BOM,DEL,Akasa Air,2026-09-10,6912.0,6582.86,329.14,INR,2026-08-26 14:43:36,Google Flights
BOM,DEL,Air India,2026-09-10,6982.0,6649.52,332.48,INR,2026-08-26 14:43:36,Google Flights
BOM,DEL,Air India,2026-09-10,6982.0,6649.52,332.48,INR,2026-08-26 14:43:36,Google Flights
BOM,DEL,Air India,2026-09-10,6982.0,6649.52,332.48,INR,2026-08-26 14:43:36,Google Flights
BOM,DEL,Air India,2026-09-10,6982.0,6649.52,332.48,INR,2026-08-26 14:43:36,Google Flights
BOM,DEL,IndiGo,2026-09-10,7087.0,6749.52,337.48,INR,2026-08-26 14:43:36,Google Flights
BOM,DEL,IndiGo,2026-09-10,7087.0,6749.52,337.48,INR,2026-08-26 14:43:36,Google Flights
BOM,DEL,IndiGo,2026-09-10,7087.0,6749.52,337.48,INR,2026-08-26 14:43:36,Google Flights
BOM,DEL,Air India,2026-09-10,7155.0,6814.29,340.71,INR,2026-08-26 14:43:36,Google Flights
BOM,DEL,Air India,2026-09-10,7213.0,6869.52,343.48,INR,2026-08-26 14:43:36,Google Flights
BOM,DEL,SpiceJet,2026-09-10,7305.0,6957.14,347.86,INR,2026-08-26 14:43:36,Google Flights
BOM,DEL,IndiGo,2026-09-10,7402.0,7049.52,352.48,INR,2026-08-26 14:43:36,Google Flights
BOM,DEL,IndiGo,2026-09-10,7402.0,7049.52,352.48,INR,2026-08-26 14:43:36,Google Flights
BOM,DEL,IndiGo,2026-09-25,6457.0,6149.52,307.48,INR,2026-08-26 14:43:39,Google Flights
BOM,DEL,IndiGo,2026-09-25,6457.0,6149.52,307.48,INR,2026-08-26 14:43:39,Google Flights
BOM,DEL,IndiGo,2026-09-25,6457.0,6149.52,307.48,INR,2026-08-26 14:43:39,Google Flights
BOM,DEL,IndiGo,2026-09-25,6457.0,6149.52,307.48,INR,2026-08-26 14:43:39,Google Flights
BOM,DEL,IndiGo,2026-09-25,6457.0,6149.52,307.48,INR,2026-08-26 14:43:39,Google Flights
BOM,DEL,Air India,2026-09-25,6614.0,6299.05,314.95,INR,2026-08-26 14:43:39,Google Flights
BOM,DEL,Air India,2026-09-25,6614.0,6299.05,314.95,INR,2026-08-26 14:43:39,Google Flights
BOM,DEL,Air India,2026-09-25,6614.0,6299.05,314.95,INR,2026-08-26 14:43:39,Google Flights
BOM,DEL,Air India,2026-09-25,6614.0,6299.05,314.95,INR,2026-08-26 14:43:39,Google Flights
BOM,DEL,Air India,2026-09-25,6614.0,6299.05,314.95,INR,2026-08-26 14:43:39,Google Flights
BOM,DEL,Air India,2026-09-25,6614.0,6299.05,314.95,INR,2026-08-26 14:43:39,Google Flights
BOM,DEL,Air India,2026-09-25,6614.0,6299.05,314.95,INR,2026-08-26 14:43:39,Google Flights
BOM,DEL,Air India,2026-09-25,6614.0,6299.05,314.95,INR,2026-08-26 14:43:39,Google Flights
BOM,DEL,Air India,2026-09-25,6614.0,6299.05,314.95,INR,2026-08-26 14:43:39,Google Flights
BOM,DEL,IndiGo,2026-09-25,6615.0,6300.0,315.0,INR,2026-08-26 14:43:39,Google Flights
BOM,DEL,IndiGo,2026-09-25,6615.0,6300.0,315.0,INR,2026-08-26 14:43:39,Google Flights
BOM,DEL,IndiGo,2026-09-25,6615.0,6300.0,315.0,INR,2026-08-26 14:43:39,Google Flights
BOM,DEL,IndiGo,2026-09-25,6615.0,6300.0,315.0,INR,2026-08-26 14:43:39,Google Flights
BOM,DEL,IndiGo,2026-09-25,6615.0,6300.0,315.0,INR,2026-08-26 14:43:39,Google Flights
BOM,DEL,IndiGo,2026-09-25,6615.0,6300.0,315.0,INR,2026-08-26 14:43:39,Google Flights
BOM,DEL,Air India Express,2026-09-25,6642.0,6325.71,316.29,INR,2026-08-26 14:43:39,Google Flights
BOM,DEL,SpiceJet,2026-09-25,6668.0,6350.48,317.52,INR,2026-08-26 14:43:39,Google Flights
BOM,DEL,SpiceJet,2026-09-25,6668.0,6350.48,317.52,INR,2026-08-26 14:43:39,Google Flights
BOM,DEL,SpiceJet,2026-09-25,6668.0,6350.48,317.52,INR,2026-08-26 14:43:39,Google Flights
BOM,DEL,SpiceJet,2026-09-25,6668.0,6350.48,317.52,INR,2026-08-26 14:43:39,Google Flights
BOM,DEL,SpiceJet,2026-09-25,6668.0,6350.48,317.52,INR,2026-08-26 14:43:39,Google Flights
BOM,DEL,SpiceJet,2026-09-25,6668.0,6350.48,317.52,INR,2026-08-26 14:43:39,Google Flights
BOM,DEL,Air India,2026-09-25,6772.0,6449.52,322.48,INR,2026-08-26 14:43:39,Google Flights
BOM,DEL,Air India,2026-09-25,6772.0,6449.52,322.48,INR,2026-08-26 14:43:39,Google Flights
BOM,DEL,Air India,2026-09-25,6772.0,6449.52,322.48,INR,2026-08-26 14:43:39,Google Flights
BOM,DEL,Air India,2026-09-25,6772.0,6449.52,322.48,INR,2026-08-26 14:43:39,Google Flights
BOM,DEL,Air India,2026-09-25,6772.0,6449.52,322.48,INR,2026-08-26 14:43:39,Google Flights
BOM,DEL,Air India,2026-09-25,6772.0,6449.52,322.48,INR,2026-08-26 14:43:39,Google Flights
BOM,DEL,Air India,2026-09-25,6772.0,6449.52,322.48,INR,2026-08-26 14:43:39,Google Flights
BOM,DEL,IndiGo,2026-09-25,6825.0,6500.0,325.0,INR,2026-08-26 14:43:39,Google Flights
BOM,DEL,IndiGo,2026-09-25,6825.0,6500.0,325.0,INR,2026-08-26 14:43:39,Google Flights
BOM,DEL,IndiGo,2026-09-25,6825.0,6500.0,325.0,INR,2026-08-26 14:43:39,Google Flights
BOM,DEL,IndiGo,2026-09-25,6825.0,6500.0,325.0,INR,2026-08-26 14:43:39,Google Flights
BOM,DEL,IndiGo,2026-09-25,6825.0,6500.0,325.0,INR,2026-08-26 14:43:39,Google Flights
BOM,DEL,IndiGo,2026-09-25,6825.0,6500.0,325.0,INR,2026-08-26 14:43:39,Google Flights
BOM,DEL,Akasa Air,2026-09-25,6912.0,6582.86,329.14,INR,2026-08-26 14:43:39,Google Flights
BOM,DEL,Akasa Air,2026-09-25,6912.0,6582.86,329.14,INR,2026-08-26 14:43:39,Google Flights
BOM,DEL,Akasa Air,2026-09-25,6912.0,6582.86,329.14,INR,2026-08-26 14:43:39,Google Flights
BOM,DEL,Akasa Air,2026-09-25,6912.0,6582.86,329.14,INR,2026-08-26 14:43:39,Google Flights
BOM,DEL,Akasa Air,2026-09-25,6912.0,6582.86,329.14,INR,2026-08-26 14:43:39,Google Flights
BOM,DEL,Akasa Air,2026-09-25,6912.0,6582.86,329.14,INR,2026-08-26 14:43:39,Google Flights
BOM,DEL,Akasa Air,2026-09-25,6912.0,6582.86,329.14,INR,2026-08-26 14:43:39,Google Flights
BOM,DEL,Air India Express,2026-09-25,6954.0,6622.86,331.14,INR,2026-08-26 14:43:39,Google Flights
BOM,DEL,Air India,2026-09-25,6982.0,6649.52,332.48,INR,2026-08-26 14:43:39,Google Flights
BOM,DEL,IndiGo,2026-09-25,7087.0,6749.52,337.48,INR,2026-08-26 14:43:39,Google Flights
BOM,DEL,IndiGo,2026-09-25,7087.0,6749.52,337.48,INR,2026-08-26 14:43:39,Google Flights
BOM,DEL,IndiGo,2026-09-25,7087.0,6749.52,337.48,INR,2026-08-26 14:43:39,Google Flights
BOM,DEL,IndiGo,2026-09-25,7087.0,6749.52,337.48,INR,2026-08-26 14:43:39,Google Flights
BOM,DEL,Air India,2026-09-25,7155.0,6814.29,340.71,INR,2026-08-26 14:43:39,Google Flights
BOM,DEL,Air India,2026-09-25,7213.0,6869.52,343.48,INR,2026-08-26 14:43:39,Google Flights
BOM,DEL,Air India,2026-09-25,7244.0,6899.05,344.95,INR,2026-08-26 14:43:39,Google Flights
BOM,DEL,Air India,2026-09-25,7244.0,6899.05,344.95,INR,2026-08-26 14:43:39,Google Flights
BOM,DEL,SpiceJet,2026-09-25,7305.0,6957.14,347.86,INR,2026-08-26 14:43:39,Google Flights
BOM,DEL,Air India,2026-09-25,7423.0,7069.52,353.48,INR,2026-08-26 14:43:39,Google Flights
BOM,DEL,Air India,2026-09-25,7486.0,7129.52,356.48,INR,2026-08-26 14:43:39,Google Flights
BOM,DEL,Air India,2026-09-25,8504.0,8099.05,404.95,INR,2026-08-26 14:43:39,Google Flights
BLR,DEL,Air India Express,2026-08-27,11553.0,11002.86,550.14,INR,2026-08-26 14:43:42,Google Flights
BLR,DEL,IndiGo,2026-08-27,13503.0,12860.0,643.0,INR,2026-08-26 14:43:42,Google Flights
BLR,DEL,IndiGo,2026-08-27,14553.0,13860.0,693.0,INR,2026-08-26 14:43:42,Google Flights
BLR,DEL,IndiGo,2026-08-27,14599.0,13903.81,695.19,INR,2026-08-26 14:43:42,Google Flights
BLR,DEL,Akasa Air,2026-08-27,15364.0,14632.38,731.62,INR,2026-08-26 14:43:42,Google Flights
BLR,DEL,Air India Express,2026-08-27,16162.0,15392.38,769.62,INR,2026-08-26 14:43:42,Google Flights
BLR,DEL,Air India,2026-08-27,16202.0,15430.48,771.52,INR,2026-08-26 14:43:42,Google Flights
BLR,DEL,Air India,2026-08-27,16202.0,15430.48,771.52,INR,2026-08-26 14:43:42,Google Flights
BLR,DEL,Air India,2026-08-27,16202.0,15430.48,771.52,INR,2026-08-26 14:43:42,Google Flights
BLR,DEL,Akasa Air,2026-08-27,16513.0,15726.67,786.33,INR,2026-08-26 14:43:42,Google Flights
BLR,DEL,IndiGo,2026-08-27,16573.0,15783.81,789.19,INR,2026-08-26 14:43:42,Google Flights
BLR,DEL,Akasa Air,2026-08-27,17123.0,16307.62,815.38,INR,2026-08-26 14:43:42,Google Flights
BLR,DEL,IndiGo,2026-08-27,17568.0,16731.43,836.57,INR,2026-08-26 14:43:42,Google Flights
BLR,DEL,IndiGo,2026-08-27,17568.0,16731.43,836.57,INR,2026-08-26 14:43:42,Google Flights
BLR,DEL,IndiGo,2026-08-27,18631.0,17743.81,887.19,INR,2026-08-26 14:43:42,Google Flights
BLR,DEL,IndiGo,2026-08-27,18631.0,17743.81,887.19,INR,2026-08-26 14:43:42,Google Flights
BLR,DEL,Air India Express,2026-08-27,18828.0,17931.43,896.57,INR,2026-08-26 14:43:42,Google Flights
BLR,DEL,Air India,2026-08-27,19010.0,18104.76,905.24,INR,2026-08-26 14:43:42,Google Flights
BLR,DEL,Air India,2026-08-27,19010.0,18104.76,905.24,INR,2026-08-26 14:43:42,Google Flights
BLR,DEL,Air India,2026-08-27,19010.0,18104.76,905.24,INR,2026-08-26 14:43:42,Google Flights
BLR,DEL,Air India,2026-08-27,19010.0,18104.76,905.24,INR,2026-08-26 14:43:42,Google Flights
BLR,DEL,Air India,2026-08-27,19010.0,18104.76,905.24,INR,2026-08-26 14:43:42,Google Flights
BLR,DEL,Air India,2026-08-27,19010.0,18104.76,905.24,INR,2026-08-26 14:43:42,Google Flights
BLR,DEL,IndiGo,2026-08-27,19764.0,18822.86,941.14,INR,2026-08-26 14:43:42,Google Flights
BLR,DEL,Akasa Air,2026-08-27,20073.0,19117.14,955.86,INR,2026-08-26 14:43:42,Google Flights
BLR,DEL,Air India,2026-08-27,22066.0,21015.24,1050.76,INR,2026-08-26 14:43:42,Google Flights
BLR,DEL,Air India,2026-08-27,22066.0,21015.24,1050.76,INR,2026-08-26 14:43:42,Google Flights
BLR,DEL,Air India,2026-08-27,22066.0,21015.24,1050.76,INR,2026-08-26 14:43:42,Google Flights
BLR,DEL,IndiGo,2026-08-27,22266.0,21205.71,1060.29,INR,2026-08-26 14:43:42,Google Flights
BLR,DEL,IndiGo,2026-08-27,22266.0,21205.71,1060.29,INR,2026-08-26 14:43:42,Google Flights
BLR,DEL,IndiGo,2026-08-27,22266.0,21205.71,1060.29,INR,2026-08-26 14:43:42,Google Flights
BLR,DEL,Air India,2026-08-27,26129.0,24884.76,1244.24,INR,2026-08-26 14:43:42,Google Flights
BLR,DEL,Air India,2026-08-27,26129.0,24884.76,1244.24,INR,2026-08-26 14:43:42,Google Flights
BLR,DEL,Air India,2026-08-27,26129.0,24884.76,1244.24,INR,2026-08-26 14:43:42,Google Flights
BLR,DEL,Air India,2026-08-27,47384.0,45127.62,2256.38,INR,2026-08-26 14:43:42,Google Flights
BLR,DEL,IndiGo,2026-09-02,8554.0,8146.67,407.33,INR,2026-08-26 14:43:44,Google Flights
BLR,DEL,IndiGo,2026-09-02,8554.0,8146.67,407.33,INR,2026-08-26 14:43:44,Google Flights
BLR,DEL,IndiGo,2026-09-02,8554.0,8146.67,407.33,INR,2026-08-26 14:43:44,Google Flights
BLR,DEL,IndiGo,2026-09-02,8554.0,8146.67,407.33,INR,2026-08-26 14:43:44,Google Flights
BLR,DEL,IndiGo,2026-09-02,8554.0,8146.67,407.33,INR,2026-08-26 14:43:44,Google Flights
BLR,DEL,IndiGo,2026-09-02,8554.0,8146.67,407.33,INR,2026-08-26 14:43:44,Google Flights
BLR,DEL,IndiGo,2026-09-02,8554.0,8146.67,407.33,INR,2026-08-26 14:43:44,Google Flights
BLR,DEL,IndiGo,2026-09-02,8554.0,8146.67,407.33,INR,2026-08-26 14:43:44,Google Flights
BLR,DEL,IndiGo,2026-09-02,8554.0,8146.67,407.33,INR,2026-08-26 14:43:44,Google Flights
BLR,DEL,IndiGo,2026-09-02,8554.0,8146.67,407.33,INR,2026-08-26 14:43:44,Google Flights
BLR,DEL,IndiGo,2026-09-02,8554.0,8146.67,407.33,INR,2026-08-26 14:43:44,Google Flights
BLR,DEL,Air India,2026-09-02,8710.0,8295.24,414.76,INR,2026-08-26 14:43:44,Google Flights
BLR,DEL,Air India,2026-09-02,8710.0,8295.24,414.76,INR,2026-08-26 14:43:44,Google Flights
BLR,DEL,Air India,2026-09-02,8710.0,8295.24,414.76,INR,2026-08-26 14:43:44,Google Flights
BLR,DEL,Air India,2026-09-02,8710.0,8295.24,414.76,INR,2026-08-26 14:43:44,Google Flights
BLR,DEL,Air India,2026-09-02,8710.0,8295.24,414.76,INR,2026-08-26 14:43:44,Google Flights
BLR,DEL,Air India,2026-09-02,8710.0,8295.24,414.76,INR,2026-08-26 14:43:44,Google Flights
BLR,DEL,Air India,2026-09-02,8710.0,8295.24,414.76,INR,2026-08-26 14:43:44,Google Flights
BLR,DEL,Air India,2026-09-02,8710.0,8295.24,414.76,INR,2026-08-26 14:43:44,Google Flights
BLR,DEL,Akasa Air,2026-09-02,9009.0,8580.0,429.0,INR,2026-08-26 14:43:44,Google Flights
BLR,DEL,Akasa Air,2026-09-02,9009.0,8580.0,429.0,INR,2026-08-26 14:43:44,Google Flights
BLR,DEL,Akasa Air,2026-09-02,9009.0,8580.0,429.0,INR,2026-08-26 14:43:44,Google Flights
BLR,DEL,Akasa Air,2026-09-02,9009.0,8580.0,429.0,INR,2026-08-26 14:43:44,Google Flights
BLR,DEL,IndiGo,2026-09-02,9010.0,8580.95,429.05,INR,2026-08-26 14:43:44,Google Flights
BLR,DEL,IndiGo,2026-09-02,9010.0,8580.95,429.05,INR,2026-08-26 14:43:44,Google Flights
BLR,DEL,Air India,2026-09-02,9167.0,8730.48,436.52,INR,2026-08-26 14:43:44,Google Flights
BLR,DEL,Air India,2026-09-02,9167.0,8730.48,436.52,INR,2026-08-26 14:43:44,Google Flights
BLR,DEL,Air India,2026-09-02,9167.0,8730.48,436.52,INR,2026-08-26 14:43:44,Google Flights
BLR,DEL,Akasa Air,2026-09-02,9436.0,8986.67,449.33,INR,2026-08-26 14:43:44,Google Flights
BLR,DEL,IndiGo,2026-09-02,9496.0,9043.81,452.19,INR,2026-08-26 14:43:44,Google Flights
BLR,DEL,Air India,2026-09-02,9655.0,9195.24,459.76,INR,2026-08-26 14:43:44,Google Flights
BLR,DEL,Air India,2026-09-02,9655.0,9195.24,459.76,INR,2026-08-26 14:43:44,Google Flights
BLR,DEL,Air India,2026-09-02,10175.0,9690.48,484.52,INR,2026-08-26 14:43:44,Google Flights
BLR,DEL,Air India,2026-09-02,10337.0,9844.76,492.24,INR,2026-08-26 14:43:44,Google Flights
BLR,DEL,IndiGo,2026-09-10,8554.0,8146.67,407.33,INR,2026-08-26 14:43:47,Google Flights
BLR,DEL,IndiGo,2026-09-10,8554.0,8146.67,407.33,INR,2026-08-26 14:43:47,Google Flights
BLR,DEL,IndiGo,2026-09-10,8554.0,8146.67,407.33,INR,2026-08-26 14:43:47,Google Flights
BLR,DEL,IndiGo,2026-09-10,8554.0,8146.67,407.33,INR,2026-08-26 14:43:47,Google Flights
BLR,DEL,IndiGo,2026-09-10,8554.0,8146.67,407.33,INR,2026-08-26 14:43:47,Google Flights
BLR,DEL,IndiGo,2026-09-10,8554.0,8146.67,407.33,INR,2026-08-26 14:43:47,Google Flights
BLR,DEL,IndiGo,2026-09-10,8554.0,8146.67,407.33,INR,2026-08-26 14:43:47,Google Flights
BLR,DEL,IndiGo,2026-09-10,8554.0,8146.67,407.33,INR,2026-08-26 14:43:47,Google Flights
BLR,DEL,Air India,2026-09-10,8710.0,8295.24,414.76,INR,2026-08-26 14:43:47,Google Flights
BLR,DEL,Air India,2026-09-10,8710.0,8295.24,414.76,INR,2026-08-26 14:43:47,Google Flights
BLR,DEL,Air India,2026-09-10,8710.0,8295.24,414.76,INR,2026-08-26 14:43:47,Google Flights
BLR,DEL,Air India,2026-09-10,8710.0,8295.24,414.76,INR,2026-08-26 14:43:47,Google Flights
BLR,DEL,Air India,2026-09-10,8710.0,8295.24,414.76,INR,2026-08-26 14:43:47,Google Flights
BLR,DEL,Air India,2026-09-10,8710.0,8295.24,414.76,INR,2026-08-26 14:43:47,Google Flights
BLR,DEL,Air India,2026-09-10,8710.0,8295.24,414.76,INR,2026-08-26 14:43:47,Google Flights
BLR,DEL,Air India,2026-09-10,8710.0,8295.24,414.76,INR,2026-08-26 14:43:47,Google Flights
BLR,DEL,Air India,2026-09-10,8710.0,8295.24,414.76,INR,2026-08-26 14:43:47,Google Flights
BLR,DEL,Air India,2026-09-10,8710.0,8295.24,414.76,INR,2026-08-26 14:43:47,Google Flights
BLR,DEL,Air India Express,2026-09-10,8740.0,8323.81,416.19,INR,2026-08-26 14:43:47,Google Flights
BLR,DEL,Akasa Air,2026-09-10,9009.0,8580.0,429.0,INR,2026-08-26 14:43:47,Google Flights
BLR,DEL,Akasa Air,2026-09-10,9009.0,8580.0,429.0,INR,2026-08-26 14:43:47,Google Flights
BLR,DEL,Akasa Air,2026-09-10,9009.0,8580.0,429.0,INR,2026-08-26 14:43:47,Google Flights
BLR,DEL,Akasa Air,2026-09-10,9009.0,8580.0,429.0,INR,2026-08-26 14:43:47,Google Flights
BLR,DEL,IndiGo,2026-09-10,9010.0,8580.95,429.05,INR,2026-08-26 14:43:47,Google Flights
BLR,DEL,IndiGo,2026-09-10,9010.0,8580.95,429.05,INR,2026-08-26 14:43:47,Google Flights
BLR,DEL,IndiGo,2026-09-10,9010.0,8580.95,429.05,INR,2026-08-26 14:43:47,Google Flights
BLR,DEL,IndiGo,2026-09-10,9010.0,8580.95,429.05,INR,2026-08-26 14:43:47,Google Flights
BLR,DEL,Air India,2026-09-10,9167.0,8730.48,436.52,INR,2026-08-26 14:43:47,Google Flights
BLR,DEL,Air India,2026-09-10,9167.0,8730.48,436.52,INR,2026-08-26 14:43:47,Google Flights
BLR,DEL,Air India,2026-09-10,9167.0,8730.48,436.52,INR,2026-08-26 14:43:47,Google Flights
BLR,DEL,Akasa Air,2026-09-10,9436.0,8986.67,449.33,INR,2026-08-26 14:43:47,Google Flights
BLR,DEL,IndiGo,2026-09-10,9496.0,9043.81,452.19,INR,2026-08-26 14:43:47,Google Flights
BLR,DEL,IndiGo,2026-09-10,9496.0,9043.81,452.19,INR,2026-08-26 14:43:47,Google Flights
BLR,DEL,IndiGo,2026-09-10,9496.0,9043.81,452.19,INR,2026-08-26 14:43:47,Google Flights
BLR,DEL,Air India,2026-09-10,9655.0,9195.24,459.76,INR,2026-08-26 14:43:47,Google Flights
BLR,DEL,Air India,2026-09-10,10196.0,9710.48,485.52,INR,2026-08-26 14:43:47,Google Flights
BLR,DEL,IndiGo,2026-09-25,8554.0,8146.67,407.33,INR,2026-08-26 14:43:50,Google Flights
BLR,DEL,IndiGo,2026-09-25,8554.0,8146.67,407.33,INR,2026-08-26 14:43:50,Google Flights
BLR,DEL,IndiGo,2026-09-25,8554.0,8146.67,407.33,INR,2026-08-26 14:43:50,Google Flights
BLR,DEL,IndiGo,2026-09-25,8554.0,8146.67,407.33,INR,2026-08-26 14:43:50,Google Flights
BLR,DEL,IndiGo,2026-09-25,8554.0,8146.67,407.33,INR,2026-08-26 14:43:50,Google Flights
BLR,DEL,IndiGo,2026-09-25,8554.0,8146.67,407.33,INR,2026-08-26 14:43:50,Google Flights
BLR,DEL,IndiGo,2026-09-25,8554.0,8146.67,407.33,INR,2026-08-26 14:43:50,Google Flights
BLR,DEL,IndiGo,2026-09-25,8554.0,8146.67,407.33,INR,2026-08-26 14:43:50,Google Flights
BLR,DEL,IndiGo,2026-09-25,8554.0,8146.67,407.33,INR,2026-08-26 14:43:50,Google Flights
BLR,DEL,IndiGo,2026-09-25,8554.0,8146.67,407.33,INR,2026-08-26 14:43:50,Google Flights
BLR,DEL,IndiGo,2026-09-25,8554.0,8146.67,407.33,INR,2026-08-26 14:43:50,Google Flights
BLR,DEL,Air India,2026-09-25,8710.0,8295.24,414.76,INR,2026-08-26 14:43:50,Google Flights
BLR,DEL,Air India,2026-09-25,8710.0,8295.24,414.76,INR,2026-08-26 14:43:50,Google Flights
BLR,DEL,Air India,2026-09-25,8710.0,8295.24,414.76,INR,2026-08-26 14:43:50,Google Flights
BLR,DEL,Air India,2026-09-25,8710.0,8295.24,414.76,INR,2026-08-26 14:43:50,Google Flights
BLR,DEL,Air India,2026-09-25,8710.0,8295.24,414.76,INR,2026-08-26 14:43:50,Google Flights
BLR,DEL,Air India,2026-09-25,8710.0,8295.24,414.76,INR,2026-08-26 14:43:50,Google Flights
BLR,DEL,Air India,2026-09-25,8710.0,8295.24,414.76,INR,2026-08-26 14:43:50,Google Flights
BLR,DEL,Air India,2026-09-25,8710.0,8295.24,414.76,INR,2026-08-26 14:43:50,Google Flights
BLR,DEL,Air India,2026-09-25,8710.0,8295.24,414.76,INR,2026-08-26 14:43:50,Google Flights
BLR,DEL,Air India,2026-09-25,8710.0,8295.24,414.76,INR,2026-08-26 14:43:50,Google Flights
BLR,DEL,Air India Express,2026-09-25,9001.0,8572.38,428.62,INR,2026-08-26 14:43:50,Google Flights
BLR,DEL,Akasa Air,2026-09-25,9009.0,8580.0,429.0,INR,2026-08-26 14:43:50,Google Flights
BLR,DEL,IndiGo,2026-09-25,9010.0,8580.95,429.05,INR,2026-08-26 14:43:50,Google Flights
BLR,DEL,IndiGo,2026-09-25,9010.0,8580.95,429.05,INR,2026-08-26 14:43:50,Google Flights
BLR,DEL,Air India,2026-09-25,9167.0,8730.48,436.52,INR,2026-08-26 14:43:50,Google Flights
BLR,DEL,IndiGo,2026-09-25,9496.0,9043.81,452.19,INR,2026-08-26 14:43:50,Google Flights
BLR,DEL,IndiGo,2026-09-25,9496.0,9043.81,452.19,INR,2026-08-26 14:43:50,Google Flights
BLR,DEL,Akasa Air,2026-09-25,9594.0,9137.14,456.86,INR,2026-08-26 14:43:50,Google Flights
BLR,DEL,Akasa Air,2026-09-25,9594.0,9137.14,456.86,INR,2026-08-26 14:43:50,Google Flights
BLR,DEL,Akasa Air,2026-09-25,9594.0,9137.14,456.86,INR,2026-08-26 14:43:50,Google Flights
BLR,DEL,Air India,2026-09-25,10584.0,10080.0,504.0,INR,2026-08-26 14:43:50,Google Flights
BLR,DEL,Air India,2026-09-25,10726.0,10215.24,510.76,INR,2026-08-26 14:43:50,Google Flights
BLR,DEL,Air India,2026-09-25,10752.0,10240.0,512.0,INR,2026-08-26 14:43:50,Google Flights
BLR,DEL,Air India,2026-09-25,14411.0,13724.76,686.24,INR,2026-08-26 14:43:50,Google Flights
DEL,BLR,IndiGo,2026-08-27,8576.0,8167.62,408.38,INR,2026-08-26 14:43:53,Google Flights
DEL,BLR,IndiGo,2026-08-27,8576.0,8167.62,408.38,INR,2026-08-26 14:43:53,Google Flights
DEL,BLR,IndiGo,2026-08-27,8576.0,8167.62,408.38,INR,2026-08-26 14:43:53,Google Flights
DEL,BLR,IndiGo,2026-08-27,8576.0,8167.62,408.38,INR,2026-08-26 14:43:53,Google Flights
DEL,BLR,IndiGo,2026-08-27,8576.0,8167.62,408.38,INR,2026-08-26 14:43:53,Google Flights
DEL,BLR,IndiGo,2026-08-27,8576.0,8167.62,408.38,INR,2026-08-26 14:43:53,Google Flights
DEL,BLR,IndiGo,2026-08-27,8576.0,8167.62,408.38,INR,2026-08-26 14:43:53,Google Flights
DEL,BLR,Air India,2026-08-27,8735.0,8319.05,415.95,INR,2026-08-26 14:43:53,Google Flights
DEL,BLR,Air India,2026-08-27,8735.0,8319.05,415.95,INR,2026-08-26 14:43:53,Google Flights
DEL,BLR,Air India,2026-08-27,8735.0,8319.05,415.95,INR,2026-08-26 14:43:53,Google Flights
DEL,BLR,Air India,2026-08-27,8735.0,8319.05,415.95,INR,2026-08-26 14:43:53,Google Flights
DEL,BLR,Air India,2026-08-27,8735.0,8319.05,415.95,INR,2026-08-26 14:43:53,Google Flights
DEL,BLR,Air India,2026-08-27,8735.0,8319.05,415.95,INR,2026-08-26 14:43:53,Google Flights
DEL,BLR,Air India,2026-08-27,8735.0,8319.05,415.95,INR,2026-08-26 14:43:53,Google Flights
DEL,BLR,Air India Express,2026-08-27,8761.0,8343.81,417.19,INR,2026-08-26 14:43:53,Google Flights
DEL,BLR,Akasa Air,2026-08-27,9031.0,8600.95,430.05,INR,2026-08-26 14:43:53,Google Flights
DEL,BLR,Akasa Air,2026-08-27,9031.0,8600.95,430.05,INR,2026-08-26 14:43:53,Google Flights
DEL,BLR,Akasa Air,2026-08-27,9031.0,8600.95,430.05,INR,2026-08-26 14:43:53,Google Flights
DEL,BLR,IndiGo,2026-08-27,9033.0,8602.86,430.14,INR,2026-08-26 14:43:53,Google Flights
DEL,BLR,IndiGo,2026-08-27,9033.0,8602.86,430.14,INR,2026-08-26 14:43:53,Google Flights
DEL,BLR,IndiGo,2026-08-27,9033.0,8602.86,430.14,INR,2026-08-26 14:43:53,Google Flights
DEL,BLR,IndiGo,2026-08-27,9033.0,8602.86,430.14,INR,2026-08-26 14:43:53,Google Flights
DEL,BLR,IndiGo,2026-08-27,9033.0,8602.86,430.14,INR,2026-08-26 14:43:53,Google Flights
DEL,BLR,Air India,2026-08-27,9192.0,8754.29,437.71,INR,2026-08-26 14:43:53,Google Flights
DEL,BLR,Air India,2026-08-27,9192.0,8754.29,437.71,INR,2026-08-26 14:43:53,Google Flights
DEL,BLR,Air India,2026-08-27,9192.0,8754.29,437.71,INR,2026-08-26 14:43:53,Google Flights
DEL,BLR,Air India,2026-08-27,9192.0,8754.29,437.71,INR,2026-08-26 14:43:53,Google Flights
DEL,BLR,Air India,2026-08-27,9192.0,8754.29,437.71,INR,2026-08-26 14:43:53,Google Flights
DEL,BLR,Air India,2026-08-27,9192.0,8754.29,437.71,INR,2026-08-26 14:43:53,Google Flights
DEL,BLR,Air India Express,2026-08-27,9230.0,8790.48,439.52,INR,2026-08-26 14:43:53,Google Flights
DEL,BLR,Air India,2026-08-27,9349.0,8903.81,445.19,INR,2026-08-26 14:43:53,Google Flights
DEL,BLR,Air India,2026-08-27,9349.0,8903.81,445.19,INR,2026-08-26 14:43:53,Google Flights
DEL,BLR,Akasa Air,2026-08-27,9360.0,8914.29,445.71,INR,2026-08-26 14:43:53,Google Flights
DEL,BLR,IndiGo,2026-08-27,9518.0,9064.76,453.24,INR,2026-08-26 14:43:53,Google Flights
DEL,BLR,Air India,2026-08-27,9675.0,9214.29,460.71,INR,2026-08-26 14:43:53,Google Flights
DEL,BLR,IndiGo,2026-09-02,8576.0,8167.62,408.38,INR,2026-08-26 14:43:55,Google Flights
DEL,BLR,IndiGo,2026-09-02,8576.0,8167.62,408.38,INR,2026-08-26 14:43:55,Google Flights
DEL,BLR,IndiGo,2026-09-02,8576.0,8167.62,408.38,INR,2026-08-26 14:43:55,Google Flights
DEL,BLR,IndiGo,2026-09-02,8576.0,8167.62,408.38,INR,2026-08-26 14:43:55,Google Flights
DEL,BLR,Air India,2026-09-02,8735.0,8319.05,415.95,INR,2026-08-26 14:43:55,Google Flights
DEL,BLR,Air India,2026-09-02,8735.0,8319.05,415.95,INR,2026-08-26 14:43:55,Google Flights
DEL,BLR,Air India,2026-09-02,8735.0,8319.05,415.95,INR,2026-08-26 14:43:55,Google Flights
DEL,BLR,Air India,2026-09-02,8735.0,8319.05,415.95,INR,2026-08-26 14:43:55,Google Flights
DEL,BLR,Air India,2026-09-02,8735.0,8319.05,415.95,INR,2026-08-26 14:43:55,Google Flights
DEL,BLR,Air India,2026-09-02,8735.0,8319.05,415.95,INR,2026-08-26 14:43:55,Google Flights
DEL,BLR,Air India,2026-09-02,8735.0,8319.05,415.95,INR,2026-08-26 14:43:55,Google Flights
DEL,BLR,Air India,2026-09-02,8735.0,8319.05,415.95,INR,2026-08-26 14:43:55,Google Flights
DEL,BLR,Air India,2026-09-02,8735.0,8319.05,415.95,INR,2026-08-26 14:43:55,Google Flights
DEL,BLR,Air India Express,2026-09-02,8971.0,8543.81,427.19,INR,2026-08-26 14:43:55,Google Flights
DEL,BLR,Akasa Air,2026-09-02,9031.0,8600.95,430.05,INR,2026-08-26 14:43:55,Google Flights
DEL,BLR,Akasa Air,2026-09-02,9031.0,8600.95,430.05,INR,2026-08-26 14:43:55,Google Flights
DEL,BLR,IndiGo,2026-09-02,9033.0,8602.86,430.14,INR,2026-08-26 14:43:55,Google Flights
DEL,BLR,IndiGo,2026-09-02,9033.0,8602.86,430.14,INR,2026-08-26 14:43:55,Google Flights
DEL,BLR,IndiGo,2026-09-02,9033.0,8602.86,430.14,INR,2026-08-26 14:43:55,Google Flights
DEL,BLR,IndiGo,2026-09-02,9033.0,8602.86,430.14,INR,2026-08-26 14:43:55,Google Flights
DEL,BLR,IndiGo,2026-09-02,9033.0,8602.86,430.14,INR,2026-08-26 14:43:55,Google Flights
DEL,BLR,IndiGo,2026-09-02,9033.0,8602.86,430.14,INR,2026-08-26 14:43:55,Google Flights
DEL,BLR,IndiGo,2026-09-02,9033.0,8602.86,430.14,INR,2026-08-26 14:43:55,Google Flights
DEL,BLR,Air India,2026-09-02,9192.0,8754.29,437.71,INR,2026-08-26 14:43:55,Google Flights
DEL,BLR,Air India,2026-09-02,9192.0,8754.29,437.71,INR,2026-08-26 14:43:55,Google Flights
DEL,BLR,Air India,2026-09-02,9192.0,8754.29,437.71,INR,2026-08-26 14:43:55,Google Flights
DEL,BLR,Air India,2026-09-02,9192.0,8754.29,437.71,INR,2026-08-26 14:43:55,Google Flights
DEL,BLR,Air India Express,2026-09-02,9230.0,8790.48,439.52,INR,2026-08-26 14:43:55,Google Flights
DEL,BLR,Air India,2026-09-02,9349.0,8903.81,445.19,INR,2026-08-26 14:43:55,Google Flights
DEL,BLR,Akasa Air,2026-09-02,9530.0,9076.19,453.81,INR,2026-08-26 14:43:55,Google Flights
DEL,BLR,IndiGo,2026-09-02,10032.0,9554.29,477.71,INR,2026-08-26 14:43:55,Google Flights
DEL,BLR,IndiGo,2026-09-02,10032.0,9554.29,477.71,INR,2026-08-26 14:43:55,Google Flights
DEL,BLR,Akasa Air,2026-09-02,10244.0,9756.19,487.81,INR,2026-08-26 14:43:55,Google Flights
DEL,BLR,IndiGo,2026-09-02,11161.0,10629.52,531.48,INR,2026-08-26 14:43:55,Google Flights
DEL,BLR,Air India,2026-09-02,14956.0,14243.81,712.19,INR,2026-08-26 14:43:55,Google Flights
DEL,BLR,IndiGo,2026-09-10,8576.0,8167.62,408.38,INR,2026-08-26 14:43:58,Google Flights
DEL,BLR,IndiGo,2026-09-10,8576.0,8167.62,408.38,INR,2026-08-26 14:43:58,Google Flights
DEL,BLR,IndiGo,2026-09-10,8576.0,8167.62,408.38,INR,2026-08-26 14:43:58,Google Flights
DEL,BLR,IndiGo,2026-09-10,8576.0,8167.62,408.38,INR,2026-08-26 14:43:58,Google Flights
DEL,BLR,IndiGo,2026-09-10,8576.0,8167.62,408.38,INR,2026-08-26 14:43:58,Google Flights
DEL,BLR,IndiGo,2026-09-10,8576.0,8167.62,408.38,INR,2026-08-26 14:43:58,Google Flights
DEL,BLR,IndiGo,2026-09-10,8576.0,8167.62,408.38,INR,2026-08-26 14:43:58,Google Flights
DEL,BLR,IndiGo,2026-09-10,8576.0,8167.62,408.38,INR,2026-08-26 14:43:58,Google Flights
DEL,BLR,Air India,2026-09-10,8735.0,8319.05,415.95,INR,2026-08-26 14:43:58,Google Flights
DEL,BLR,Air India,2026-09-10,8735.0,8319.05,415.95,INR,2026-08-26 14:43:58,Google Flights
DEL,BLR,Air India,2026-09-10,8735.0,8319.05,415.95,INR,2026-08-26 14:43:58,Google Flights
DEL,BLR,Air India,2026-09-10,8735.0,8319.05,415.95,INR,2026-08-26 14:43:58,Google Flights
DEL,BLR,Air India,2026-09-10,8735.0,8319.05,415.95,INR,2026-08-26 14:43:58,Google Flights
DEL,BLR,Air India,2026-09-10,8735.0,8319.05,415.95,INR,2026-08-26 14:43:58,Google Flights
DEL,BLR,Air India,2026-09-10,8735.0,8319.05,415.95,INR,2026-08-26 14:43:58,Google Flights
DEL,BLR,Air India,2026-09-10,8735.0,8319.05,415.95,INR,2026-08-26 14:43:58,Google Flights
DEL,BLR,Air India,2026-09-10,8735.0,8319.05,415.95,INR,2026-08-26 14:43:58,Google Flights
DEL,BLR,Air India,2026-09-10,8735.0,8319.05,415.95,INR,2026-08-26 14:43:58,Google Flights
DEL,BLR,Air India,2026-09-10,8735.0,8319.05,415.95,INR,2026-08-26 14:43:58,Google Flights
DEL,BLR,Air India Express,2026-09-10,8761.0,8343.81,417.19,INR,2026-08-26 14:43:58,Google Flights
DEL,BLR,Air India Express,2026-09-10,8761.0,8343.81,417.19,INR,2026-08-26 14:43:58,Google Flights
DEL,BLR,Akasa Air,2026-09-10,9031.0,8600.95,430.05,INR,2026-08-26 14:43:58,Google Flights
DEL,BLR,Akasa Air,2026-09-10,9031.0,8600.95,430.05,INR,2026-08-26 14:43:58,Google Flights
DEL,BLR,Akasa Air,2026-09-10,9031.0,8600.95,430.05,INR,2026-08-26 14:43:58,Google Flights
DEL,BLR,Akasa Air,2026-09-10,9031.0,8600.95,430.05,INR,2026-08-26 14:43:58,Google Flights
DEL,BLR,IndiGo,2026-09-10,9033.0,8602.86,430.14,INR,2026-08-26 14:43:58,Google Flights
DEL,BLR,IndiGo,2026-09-10,9033.0,8602.86,430.14,INR,2026-08-26 14:43:58,Google Flights
DEL,BLR,IndiGo,2026-09-10,9033.0,8602.86,430.14,INR,2026-08-26 14:43:58,Google Flights
DEL,BLR,IndiGo,2026-09-10,9033.0,8602.86,430.14,INR,2026-08-26 14:43:58,Google Flights
DEL,BLR,Air India,2026-09-10,9192.0,8754.29,437.71,INR,2026-08-26 14:43:58,Google Flights
DEL,BLR,Air India,2026-09-10,9192.0,8754.29,437.71,INR,2026-08-26 14:43:58,Google Flights
DEL,BLR,Air India,2026-09-10,9192.0,8754.29,437.71,INR,2026-08-26 14:43:58,Google Flights
DEL,BLR,Air India,2026-09-10,9192.0,8754.29,437.71,INR,2026-08-26 14:43:58,Google Flights
DEL,BLR,IndiGo,2026-09-10,9518.0,9064.76,453.24,INR,2026-08-26 14:43:58,Google Flights
DEL,BLR,IndiGo,2026-09-10,9518.0,9064.76,453.24,INR,2026-08-26 14:43:58,Google Flights
DEL,BLR,IndiGo,2026-09-25,8576.0,8167.62,408.38,INR,2026-08-26 14:44:00,Google Flights
DEL,BLR,IndiGo,2026-09-25,8576.0,8167.62,408.38,INR,2026-08-26 14:44:00,Google Flights
DEL,BLR,IndiGo,2026-09-25,8576.0,8167.62,408.38,INR,2026-08-26 14:44:00,Google Flights
DEL,BLR,IndiGo,2026-09-25,8576.0,8167.62,408.38,INR,2026-08-26 14:44:00,Google Flights
DEL,BLR,IndiGo,2026-09-25,8576.0,8167.62,408.38,INR,2026-08-26 14:44:00,Google Flights
DEL,BLR,IndiGo,2026-09-25,8576.0,8167.62,408.38,INR,2026-08-26 14:44:00,Google Flights
DEL,BLR,IndiGo,2026-09-25,8576.0,8167.62,408.38,INR,2026-08-26 14:44:00,Google Flights
DEL,BLR,IndiGo,2026-09-25,8576.0,8167.62,408.38,INR,2026-08-26 14:44:00,Google Flights
DEL,BLR,IndiGo,2026-09-25,8576.0,8167.62,408.38,INR,2026-08-26 14:44:00,Google Flights
DEL,BLR,IndiGo,2026-09-25,8576.0,8167.62,408.38,INR,2026-08-26 14:44:00,Google Flights
DEL,BLR,IndiGo,2026-09-25,8576.0,8167.62,408.38,INR,2026-08-26 14:44:00,Google Flights
DEL,BLR,IndiGo,2026-09-25,8576.0,8167.62,408.38,INR,2026-08-26 14:44:00,Google Flights
DEL,BLR,IndiGo,2026-09-25,8576.0,8167.62,408.38,INR,2026-08-26 14:44:00,Google Flights
DEL,BLR,Air India,2026-09-25,8735.0,8319.05,415.95,INR,2026-08-26 14:44:00,Google Flights
DEL,BLR,Air India,2026-09-25,8735.0,8319.05,415.95,INR,2026-08-26 14:44:00,Google Flights
DEL,BLR,Air India,2026-09-25,8735.0,8319.05,415.95,INR,2026-08-26 14:44:00,Google Flights
DEL,BLR,Air India,2026-09-25,8735.0,8319.05,415.95,INR,2026-08-26 14:44:00,Google Flights
DEL,BLR,Air India,2026-09-25,8735.0,8319.05,415.95,INR,2026-08-26 14:44:00,Google Flights
DEL,BLR,Air India,2026-09-25,8735.0,8319.05,415.95,INR,2026-08-26 14:44:00,Google Flights
DEL,BLR,Air India,2026-09-25,8735.0,8319.05,415.95,INR,2026-08-26 14:44:00,Google Flights
DEL,BLR,Air India,2026-09-25,8735.0,8319.05,415.95,INR,2026-08-26 14:44:00,Google Flights
DEL,BLR,Air India,2026-09-25,8735.0,8319.05,415.95,INR,2026-08-26 14:44:00,Google Flights
DEL,BLR,Akasa Air,2026-09-25,9031.0,8600.95,430.05,INR,2026-08-26 14:44:00,Google Flights
DEL,BLR,Akasa Air,2026-09-25,9031.0,8600.95,430.05,INR,2026-08-26 14:44:00,Google Flights
DEL,BLR,Akasa Air,2026-09-25,9031.0,8600.95,430.05,INR,2026-08-26 14:44:00,Google Flights
DEL,BLR,Akasa Air,2026-09-25,9031.0,8600.95,430.05,INR,2026-08-26 14:44:00,Google Flights
DEL,BLR,IndiGo,2026-09-25,9033.0,8602.86,430.14,INR,2026-08-26 14:44:00,Google Flights
DEL,BLR,IndiGo,2026-09-25,9033.0,8602.86,430.14,INR,2026-08-26 14:44:00,Google Flights
DEL,BLR,Air India,2026-09-25,9192.0,8754.29,437.71,INR,2026-08-26 14:44:00,Google Flights
DEL,BLR,Air India,2026-09-25,9192.0,8754.29,437.71,INR,2026-08-26 14:44:00,Google Flights
DEL,BLR,Air India Express,2026-09-25,9230.0,8790.48,439.52,INR,2026-08-26 14:44:00,Google Flights
DEL,BLR,Air India Express,2026-09-25,9230.0,8790.48,439.52,INR,2026-08-26 14:44:00,Google Flights
DEL,BLR,Air India,2026-09-25,9349.0,8903.81,445.19,INR,2026-08-26 14:44:00,Google Flights
DEL,BLR,Air India,2026-09-25,9349.0,8903.81,445.19,INR,2026-08-26 14:44:00,Google Flights
DEL,BLR,Air India,2026-09-25,9675.0,9214.29,460.71,INR,2026-08-26 14:44:00,Google Flights
DEL,BLR,Air India,2026-09-25,9927.0,9454.29,472.71,INR,2026-08-26 14:44:00,Google Flights
BOM,BLR,IndiGo,2026-08-27,6046.0,5758.1,287.9,INR,2026-08-26 14:44:03,Google Flights
BOM,BLR,Air India,2026-08-27,6202.0,5906.67,295.33,INR,2026-08-26 14:44:03,Google Flights
BOM,BLR,Air India,2026-08-27,6801.0,6477.14,323.86,INR,2026-08-26 14:44:03,Google Flights
BOM,BLR,Air India,2026-08-27,6801.0,6477.14,323.86,INR,2026-08-26 14:44:03,Google Flights
BOM,BLR,IndiGo,2026-08-27,6809.0,6484.76,324.24,INR,2026-08-26 14:44:03,Google Flights
BOM,BLR,IndiGo,2026-08-27,6809.0,6484.76,324.24,INR,2026-08-26 14:44:03,Google Flights
BOM,BLR,IndiGo,2026-08-27,6809.0,6484.76,324.24,INR,2026-08-26 14:44:03,Google Flights
BOM,BLR,IndiGo,2026-08-27,6809.0,6484.76,324.24,INR,2026-08-26 14:44:03,Google Flights
BOM,BLR,IndiGo,2026-08-27,6809.0,6484.76,324.24,INR,2026-08-26 14:44:03,Google Flights
BOM,BLR,Akasa Air,2026-08-27,6846.0,6520.0,326.0,INR,2026-08-26 14:44:03,Google Flights
BOM,BLR,Air India,2026-08-27,7026.0,6691.43,334.57,INR,2026-08-26 14:44:03,Google Flights
BOM,BLR,Air India,2026-08-27,7026.0,6691.43,334.57,INR,2026-08-26 14:44:03,Google Flights
BOM,BLR,Akasa Air,2026-08-27,7116.0,6777.14,338.86,INR,2026-08-26 14:44:03,Google Flights
BOM,BLR,IndiGo,2026-08-27,7124.0,6784.76,339.24,INR,2026-08-26 14:44:03,Google Flights
BOM,BLR,IndiGo,2026-08-27,7439.0,7084.76,354.24,INR,2026-08-26 14:44:03,Google Flights
BOM,BLR,IndiGo,2026-08-27,8804.0,8384.76,419.24,INR,2026-08-26 14:44:03,Google Flights
BOM,BLR,Akasa Air,2026-08-27,9027.0,8597.14,429.86,INR,2026-08-26 14:44:03,Google Flights
BOM,BLR,Air India,2026-08-27,10654.0,10146.67,507.33,INR,2026-08-26 14:44:03,Google Flights
BOM,BLR,IndiGo,2026-08-27,11849.0,11284.76,564.24,INR,2026-08-26 14:44:03,Google Flights
BOM,BLR,IndiGo,2026-08-27,11849.0,11284.76,564.24,INR,2026-08-26 14:44:03,Google Flights
BOM,BLR,Akasa Air,2026-08-27,12011.0,11439.05,571.95,INR,2026-08-26 14:44:03,Google Flights
BOM,BLR,Air India,2026-08-27,12618.0,12017.14,600.86,INR,2026-08-26 14:44:03,Google Flights
BOM,BLR,IndiGo,2026-08-27,13424.0,12784.76,639.24,INR,2026-08-26 14:44:03,Google Flights
BOM,BLR,Air India,2026-08-27,14061.0,13391.43,669.57,INR,2026-08-26 14:44:03,Google Flights
BOM,BLR,Air India,2026-08-27,14586.0,13891.43,694.57,INR,2026-08-26 14:44:03,Google Flights
BOM,BLR,IndiGo,2026-08-27,16574.0,15784.76,789.24,INR,2026-08-26 14:44:03,Google Flights
BOM,BLR,Air India,2026-08-27,18928.0,18026.67,901.33,INR,2026-08-26 14:44:03,Google Flights
BOM,BLR,IndiGo,2026-09-02,5311.0,5058.1,252.9,INR,2026-08-26 14:44:06,Google Flights
BOM,BLR,Akasa Air,2026-09-02,5451.0,5191.43,259.57,INR,2026-08-26 14:44:06,Google Flights
BOM,BLR,Akasa Air,2026-09-02,5451.0,5191.43,259.57,INR,2026-08-26 14:44:06,Google Flights
BOM,BLR,Air India,2026-09-02,6801.0,6477.14,323.86,INR,2026-08-26 14:44:06,Google Flights
BOM,BLR,Air India,2026-09-02,6801.0,6477.14,323.86,INR,2026-08-26 14:44:06,Google Flights
BOM,BLR,IndiGo,2026-09-02,6809.0,6484.76,324.24,INR,2026-08-26 14:44:06,Google Flights
BOM,BLR,IndiGo,2026-09-02,6809.0,6484.76,324.24,INR,2026-08-26 14:44:06,Google Flights
BOM,BLR,IndiGo,2026-09-02,6809.0,6484.76,324.24,INR,2026-08-26 14:44:06,Google Flights
BOM,BLR,IndiGo,2026-09-02,6809.0,6484.76,324.24,INR,2026-08-26 14:44:06,Google Flights
BOM,BLR,IndiGo,2026-09-02,6809.0,6484.76,324.24,INR,2026-08-26 14:44:06,Google Flights
BOM,BLR,IndiGo,2026-09-02,6809.0,6484.76,324.24,INR,2026-08-26 14:44:06,Google Flights
BOM,BLR,IndiGo,2026-09-02,6809.0,6484.76,324.24,INR,2026-08-26 14:44:06,Google Flights
BOM,BLR,Air India,2026-09-02,6969.0,6637.14,331.86,INR,2026-08-26 14:44:06,Google Flights
BOM,BLR,Akasa Air,2026-09-02,7116.0,6777.14,338.86,INR,2026-08-26 14:44:06,Google Flights
BOM,BLR,IndiGo,2026-09-02,7124.0,6784.76,339.24,INR,2026-08-26 14:44:06,Google Flights
BOM,BLR,IndiGo,2026-09-02,7124.0,6784.76,339.24,INR,2026-08-26 14:44:06,Google Flights
BOM,BLR,Air India,2026-09-02,7205.0,6861.9,343.1,INR,2026-08-26 14:44:06,Google Flights
BOM,BLR,Air India,2026-09-02,7530.0,7171.43,358.57,INR,2026-08-26 14:44:06,Google Flights
BOM,BLR,IndiGo,2026-09-02,7859.0,7484.76,374.24,INR,2026-08-26 14:44:06,Google Flights
BOM,BLR,Air India,2026-09-02,8019.0,7637.14,381.86,INR,2026-08-26 14:44:06,Google Flights
BOM,BLR,IndiGo,2026-09-02,8279.0,7884.76,394.24,INR,2026-08-26 14:44:06,Google Flights
BOM,BLR,Air India,2026-09-02,8365.0,7966.67,398.33,INR,2026-08-26 14:44:06,Google Flights
BOM,BLR,Air India,2026-09-02,8733.0,8317.14,415.86,INR,2026-08-26 14:44:06,Google Flights
BOM,BLR,IndiGo,2026-09-02,8804.0,8384.76,419.24,INR,2026-08-26 14:44:06,Google Flights
BOM,BLR,Akasa Air,2026-09-02,9398.0,8950.48,447.52,INR,2026-08-26 14:44:06,Google Flights
BOM,BLR,Akasa Air,2026-09-02,10193.0,9707.62,485.38,INR,2026-08-26 14:44:06,Google Flights
BOM,BLR,Akasa Air,2026-09-02,10193.0,9707.62,485.38,INR,2026-08-26 14:44:06,Google Flights
BOM,BLR,Air India,2026-09-02,10281.0,9791.43,489.57,INR,2026-08-26 14:44:06,Google Flights
BOM,BLR,Air India,2026-09-02,10654.0,10146.67,507.33,INR,2026-08-26 14:44:06,Google Flights
BOM,BLR,Akasa Air,2026-09-02,12011.0,11439.05,571.95,INR,2026-08-26 14:44:06,Google Flights
BOM,BLR,Akasa Air,2026-09-10,5451.0,5191.43,259.57,INR,2026-08-26 14:44:09,Google Flights
BOM,BLR,IndiGo,2026-09-10,5626.0,5358.1,267.9,INR,2026-08-26 14:44:09,Google Flights
BOM,BLR,Air India,2026-09-10,6801.0,6477.14,323.86,INR,2026-08-26 14:44:09,Google Flights
BOM,BLR,Air India,2026-09-10,6801.0,6477.14,323.86,INR,2026-08-26 14:44:09,Google Flights
BOM,BLR,IndiGo,2026-09-10,6809.0,6484.76,324.24,INR,2026-08-26 14:44:09,Google Flights
BOM,BLR,IndiGo,2026-09-10,6809.0,6484.76,324.24,INR,2026-08-26 14:44:09,Google Flights
BOM,BLR,IndiGo,2026-09-10,6809.0,6484.76,324.24,INR,2026-08-26 14:44:09,Google Flights
BOM,BLR,IndiGo,2026-09-10,6809.0,6484.76,324.24,INR,2026-08-26 14:44:09,Google Flights
BOM,BLR,IndiGo,2026-09-10,6809.0,6484.76,324.24,INR,2026-08-26 14:44:09,Google Flights
BOM,BLR,IndiGo,2026-09-10,6809.0,6484.76,324.24,INR,2026-08-26 14:44:09,Google Flights
BOM,BLR,Air India,2026-09-10,7026.0,6691.43,334.57,INR,2026-08-26 14:44:09,Google Flights
BOM,BLR,Air India,2026-09-10,7026.0,6691.43,334.57,INR,2026-08-26 14:44:09,Google Flights
BOM,BLR,Air India,2026-09-10,7026.0,6691.43,334.57,INR,2026-08-26 14:44:09,Google Flights
BOM,BLR,IndiGo,2026-09-10,7124.0,6784.76,339.24,INR,2026-08-26 14:44:09,Google Flights
BOM,BLR,IndiGo,2026-09-10,7124.0,6784.76,339.24,INR,2026-08-26 14:44:09,Google Flights
BOM,BLR,SpiceJet,2026-09-10,7134.0,6794.29,339.71,INR,2026-08-26 14:44:09,Google Flights
BOM,BLR,Air India,2026-09-10,7205.0,6861.9,343.1,INR,2026-08-26 14:44:09,Google Flights
BOM,BLR,Air India,2026-09-10,7205.0,6861.9,343.1,INR,2026-08-26 14:44:09,Google Flights
BOM,BLR,Air India,2026-09-10,7284.0,6937.14,346.86,INR,2026-08-26 14:44:09,Google Flights
BOM,BLR,Akasa Air,2026-09-10,7401.0,7048.57,352.43,INR,2026-08-26 14:44:09,Google Flights
BOM,BLR,IndiGo,2026-09-10,7439.0,7084.76,354.24,INR,2026-08-26 14:44:09,Google Flights
BOM,BLR,IndiGo,2026-09-10,7439.0,7084.76,354.24,INR,2026-08-26 14:44:09,Google Flights
BOM,BLR,IndiGo,2026-09-10,7439.0,7084.76,354.24,INR,2026-08-26 14:44:09,Google Flights
BOM,BLR,IndiGo,2026-09-10,7439.0,7084.76,354.24,INR,2026-08-26 14:44:09,Google Flights
BOM,BLR,Akasa Air,2026-09-10,8009.0,7627.62,381.38,INR,2026-08-26 14:44:09,Google Flights
BOM,BLR,Akasa Air,2026-09-10,8009.0,7627.62,381.38,INR,2026-08-26 14:44:09,Google Flights
BOM,BLR,Akasa Air,2026-09-10,8009.0,7627.62,381.38,INR,2026-08-26 14:44:09,Google Flights
BOM,BLR,Air India,2026-09-10,8019.0,7637.14,381.86,INR,2026-08-26 14:44:09,Google Flights
BOM,BLR,Air India,2026-09-10,8019.0,7637.14,381.86,INR,2026-08-26 14:44:09,Google Flights
BOM,BLR,Akasa Air,2026-09-25,5451.0,5191.43,259.57,INR,2026-08-26 14:44:11,Google Flights
BOM,BLR,Akasa Air,2026-09-25,5451.0,5191.43,259.57,INR,2026-08-26 14:44:11,Google Flights
BOM,BLR,Akasa Air,2026-09-25,5451.0,5191.43,259.57,INR,2026-08-26 14:44:11,Google Flights
BOM,BLR,Akasa Air,2026-09-25,5451.0,5191.43,259.57,INR,2026-08-26 14:44:11,Google Flights
BOM,BLR,SpiceJet,2026-09-25,5534.0,5270.48,263.52,INR,2026-08-26 14:44:11,Google Flights
BOM,BLR,SpiceJet,2026-09-25,5534.0,5270.48,263.52,INR,2026-08-26 14:44:11,Google Flights
BOM,BLR,Air India,2026-09-25,6801.0,6477.14,323.86,INR,2026-08-26 14:44:11,Google Flights
BOM,BLR,Air India,2026-09-25,6801.0,6477.14,323.86,INR,2026-08-26 14:44:11,Google Flights
BOM,BLR,IndiGo,2026-09-25,6809.0,6484.76,324.24,INR,2026-08-26 14:44:11,Google Flights
BOM,BLR,IndiGo,2026-09-25,6809.0,6484.76,324.24,INR,2026-08-26 14:44:11,Google Flights
BOM,BLR,IndiGo,2026-09-25,6809.0,6484.76,324.24,INR,2026-08-26 14:44:11,Google Flights
BOM,BLR,IndiGo,2026-09-25,6809.0,6484.76,324.24,INR,2026-08-26 14:44:11,Google Flights
BOM,BLR,IndiGo,2026-09-25,6809.0,6484.76,324.24,INR,2026-08-26 14:44:11,Google Flights
BOM,BLR,Air India,2026-09-25,6969.0,6637.14,331.86,INR,2026-08-26 14:44:11,Google Flights
BOM,BLR,Air India,2026-09-25,7026.0,6691.43,334.57,INR,2026-08-26 14:44:11,Google Flights
BOM,BLR,IndiGo,2026-09-25,7124.0,6784.76,339.24,INR,2026-08-26 14:44:11,Google Flights
BOM,BLR,IndiGo,2026-09-25,7124.0,6784.76,339.24,INR,2026-08-26 14:44:11,Google Flights
BOM,BLR,IndiGo,2026-09-25,7124.0,6784.76,339.24,INR,2026-08-26 14:44:11,Google Flights
BOM,BLR,IndiGo,2026-09-25,7124.0,6784.76,339.24,INR,2026-08-26 14:44:11,Google Flights
BOM,BLR,IndiGo,2026-09-25,7124.0,6784.76,339.24,INR,2026-08-26 14:44:11,Google Flights
BOM,BLR,IndiGo,2026-09-25,7124.0,6784.76,339.24,INR,2026-08-26 14:44:11,Google Flights
BOM,BLR,Air India,2026-09-25,7530.0,7171.43,358.57,INR,2026-08-26 14:44:11,Google Flights
BOM,BLR,Air India,2026-09-25,7530.0,7171.43,358.57,INR,2026-08-26 14:44:11,Google Flights
BOM,BLR,Air India,2026-09-25,7530.0,7171.43,358.57,INR,2026-08-26 14:44:11,Google Flights
BOM,BLR,Air India,2026-09-25,7593.0,7231.43,361.57,INR,2026-08-26 14:44:11,Google Flights
BOM,BLR,IndiGo,2026-09-25,7859.0,7484.76,374.24,INR,2026-08-26 14:44:11,Google Flights
BOM,BLR,Air India,2026-09-25,8019.0,7637.14,381.86,INR,2026-08-26 14:44:11,Google Flights
BOM,BLR,Air India,2026-09-25,8365.0,7966.67,398.33,INR,2026-08-26 14:44:11,Google Flights
BOM,BLR,Air India,2026-09-25,8439.0,8037.14,401.86,INR,2026-08-26 14:44:11,Google Flights
BLR,BOM,IndiGo,2026-08-27,7356.0,7005.71,350.29,INR,2026-08-26 14:44:14,Google Flights
BLR,BOM,IndiGo,2026-08-27,8818.0,8398.1,419.9,INR,2026-08-26 14:44:14,Google Flights
BLR,BOM,IndiGo,2026-08-27,9919.0,9446.67,472.33,INR,2026-08-26 14:44:14,Google Flights
BLR,BOM,IndiGo,2026-08-27,10217.0,9730.48,486.52,INR,2026-08-26 14:44:14,Google Flights
BLR,BOM,IndiGo,2026-08-27,10217.0,9730.48,486.52,INR,2026-08-26 14:44:14,Google Flights
BLR,BOM,Air India Express,2026-08-27,10429.0,9932.38,496.62,INR,2026-08-26 14:44:14,Google Flights
BLR,BOM,IndiGo,2026-08-27,10759.0,10246.67,512.33,INR,2026-08-26 14:44:14,Google Flights
BLR,BOM,IndiGo,2026-08-27,10847.0,10330.48,516.52,INR,2026-08-26 14:44:14,Google Flights
BLR,BOM,Akasa Air,2026-08-27,11148.0,10617.14,530.86,INR,2026-08-26 14:44:14,Google Flights
BLR,BOM,Akasa Air,2026-08-27,11148.0,10617.14,530.86,INR,2026-08-26 14:44:14,Google Flights
BLR,BOM,IndiGo,2026-08-27,11477.0,10930.48,546.52,INR,2026-08-26 14:44:14,Google Flights
BLR,BOM,Akasa Air,2026-08-27,11591.0,11039.05,551.95,INR,2026-08-26 14:44:14,Google Flights
BLR,BOM,Akasa Air,2026-08-27,11591.0,11039.05,551.95,INR,2026-08-26 14:44:14,Google Flights
BLR,BOM,IndiGo,2026-08-27,12212.0,11630.48,581.52,INR,2026-08-26 14:44:14,Google Flights
BLR,BOM,IndiGo,2026-08-27,12212.0,11630.48,581.52,INR,2026-08-26 14:44:14,Google Flights
BLR,BOM,IndiGo,2026-08-27,12212.0,11630.48,581.52,INR,2026-08-26 14:44:14,Google Flights
BLR,BOM,Akasa Air,2026-08-27,12542.0,11944.76,597.24,INR,2026-08-26 14:44:14,Google Flights
BLR,BOM,IndiGo,2026-08-27,13787.0,13130.48,656.52,INR,2026-08-26 14:44:14,Google Flights
BLR,BOM,Air India,2026-08-27,15117.0,14397.14,719.86,INR,2026-08-26 14:44:14,Google Flights
BLR,BOM,Akasa Air,2026-08-27,16623.0,15831.43,791.57,INR,2026-08-26 14:44:14,Google Flights
BLR,BOM,IndiGo,2026-08-27,18407.0,17530.48,876.52,INR,2026-08-26 14:44:14,Google Flights
BLR,BOM,Air India,2026-08-27,19459.0,18532.38,926.62,INR,2026-08-26 14:44:14,Google Flights
BLR,BOM,Air India,2026-08-27,19459.0,18532.38,926.62,INR,2026-08-26 14:44:14,Google Flights
BLR,BOM,Air India,2026-08-27,19459.0,18532.38,926.62,INR,2026-08-26 14:44:14,Google Flights
BLR,BOM,Air India,2026-08-27,19459.0,18532.38,926.62,INR,2026-08-26 14:44:14,Google Flights
BLR,BOM,Air India,2026-08-27,19459.0,18532.38,926.62,INR,2026-08-26 14:44:14,Google Flights
BLR,BOM,Air India,2026-08-27,19459.0,18532.38,926.62,INR,2026-08-26 14:44:14,Google Flights
BLR,BOM,Air India,2026-08-27,19459.0,18532.38,926.62,INR,2026-08-26 14:44:14,Google Flights
BLR,BOM,Air India,2026-08-27,19459.0,18532.38,926.62,INR,2026-08-26 14:44:14,Google Flights
BLR,BOM,IndiGo,2026-08-27,20294.0,19327.62,966.38,INR,2026-08-26 14:44:14,Google Flights
BLR,BOM,IndiGo,2026-08-27,20294.0,19327.62,966.38,INR,2026-08-26 14:44:14,Google Flights
BLR,BOM,IndiGo,2026-08-27,20294.0,19327.62,966.38,INR,2026-08-26 14:44:14,Google Flights
BLR,BOM,IndiGo,2026-09-02,4879.0,4646.67,232.33,INR,2026-08-26 14:44:16,Google Flights
BLR,BOM,Akasa Air,2026-09-02,5239.0,4989.52,249.48,INR,2026-08-26 14:44:16,Google Flights
BLR,BOM,IndiGo,2026-09-02,5299.0,5046.67,252.33,INR,2026-08-26 14:44:16,Google Flights
BLR,BOM,Akasa Air,2026-09-02,5783.0,5507.62,275.38,INR,2026-08-26 14:44:16,Google Flights
BLR,BOM,Air India,2026-09-02,6581.0,6267.62,313.38,INR,2026-08-26 14:44:16,Google Flights
BLR,BOM,Akasa Air,2026-09-02,6632.0,6316.19,315.81,INR,2026-08-26 14:44:16,Google Flights
BLR,BOM,Akasa Air,2026-09-02,6632.0,6316.19,315.81,INR,2026-08-26 14:44:16,Google Flights
BLR,BOM,Akasa Air,2026-09-02,6632.0,6316.19,315.81,INR,2026-08-26 14:44:16,Google Flights
BLR,BOM,IndiGo,2026-09-02,7172.0,6830.48,341.52,INR,2026-08-26 14:44:16,Google Flights
BLR,BOM,IndiGo,2026-09-02,7172.0,6830.48,341.52,INR,2026-08-26 14:44:16,Google Flights
BLR,BOM,IndiGo,2026-09-02,7172.0,6830.48,341.52,INR,2026-08-26 14:44:16,Google Flights
BLR,BOM,IndiGo,2026-09-02,7172.0,6830.48,341.52,INR,2026-08-26 14:44:16,Google Flights
BLR,BOM,IndiGo,2026-09-02,7172.0,6830.48,341.52,INR,2026-08-26 14:44:16,Google Flights
BLR,BOM,IndiGo,2026-09-02,7172.0,6830.48,341.52,INR,2026-08-26 14:44:16,Google Flights
BLR,BOM,IndiGo,2026-09-02,7172.0,6830.48,341.52,INR,2026-08-26 14:44:16,Google Flights
BLR,BOM,IndiGo,2026-09-02,7172.0,6830.48,341.52,INR,2026-08-26 14:44:16,Google Flights
BLR,BOM,Air India,2026-09-02,7332.0,6982.86,349.14,INR,2026-08-26 14:44:16,Google Flights
BLR,BOM,Air India,2026-09-02,7332.0,6982.86,349.14,INR,2026-08-26 14:44:16,Google Flights
BLR,BOM,Akasa Air,2026-09-02,7377.0,7025.71,351.29,INR,2026-08-26 14:44:16,Google Flights
BLR,BOM,Air India,2026-09-02,7447.0,7092.38,354.62,INR,2026-08-26 14:44:16,Google Flights
BLR,BOM,Air India,2026-09-02,7557.0,7197.14,359.86,INR,2026-08-26 14:44:16,Google Flights
BLR,BOM,Air India,2026-09-02,8518.0,8112.38,405.62,INR,2026-08-26 14:44:16,Google Flights
BLR,BOM,IndiGo,2026-09-02,8642.0,8230.48,411.52,INR,2026-08-26 14:44:16,Google Flights
BLR,BOM,IndiGo,2026-09-02,8642.0,8230.48,411.52,INR,2026-08-26 14:44:16,Google Flights
BLR,BOM,Air India,2026-09-02,8786.0,8367.62,418.38,INR,2026-08-26 14:44:16,Google Flights
BLR,BOM,Air India,2026-09-02,8802.0,8382.86,419.14,INR,2026-08-26 14:44:16,Google Flights
BLR,BOM,Air India,2026-09-02,8943.0,8517.14,425.86,INR,2026-08-26 14:44:16,Google Flights
BLR,BOM,IndiGo,2026-09-02,9167.0,8730.48,436.52,INR,2026-08-26 14:44:16,Google Flights
BLR,BOM,Air India,2026-09-02,9327.0,8882.86,444.14,INR,2026-08-26 14:44:16,Google Flights
BLR,BOM,Akasa Air,2026-09-10,5239.0,4989.52,249.48,INR,2026-08-26 14:44:19,Google Flights
BLR,BOM,Akasa Air,2026-09-10,5239.0,4989.52,249.48,INR,2026-08-26 14:44:19,Google Flights
BLR,BOM,IndiGo,2026-09-10,5299.0,5046.67,252.33,INR,2026-08-26 14:44:19,Google Flights
BLR,BOM,IndiGo,2026-09-10,5824.0,5546.67,277.33,INR,2026-08-26 14:44:19,Google Flights
BLR,BOM,Akasa Air,2026-09-10,6406.0,6100.95,305.05,INR,2026-08-26 14:44:19,Google Flights
BLR,BOM,Akasa Air,2026-09-10,7118.0,6779.05,338.95,INR,2026-08-26 14:44:19,Google Flights
BLR,BOM,Akasa Air,2026-09-10,7118.0,6779.05,338.95,INR,2026-08-26 14:44:19,Google Flights
BLR,BOM,IndiGo,2026-09-10,7172.0,6830.48,341.52,INR,2026-08-26 14:44:19,Google Flights
BLR,BOM,IndiGo,2026-09-10,7172.0,6830.48,341.52,INR,2026-08-26 14:44:19,Google Flights
BLR,BOM,IndiGo,2026-09-10,7172.0,6830.48,341.52,INR,2026-08-26 14:44:19,Google Flights
BLR,BOM,IndiGo,2026-09-10,7172.0,6830.48,341.52,INR,2026-08-26 14:44:19,Google Flights
BLR,BOM,IndiGo,2026-09-10,7172.0,6830.48,341.52,INR,2026-08-26 14:44:19,Google Flights
BLR,BOM,Air India,2026-09-10,7185.0,6842.86,342.14,INR,2026-08-26 14:44:19,Google Flights
BLR,BOM,Air India,2026-09-10,7332.0,6982.86,349.14,INR,2026-08-26 14:44:19,Google Flights
BLR,BOM,Air India,2026-09-10,7332.0,6982.86,349.14,INR,2026-08-26 14:44:19,Google Flights
BLR,BOM,Air India,2026-09-10,7447.0,7092.38,354.62,INR,2026-08-26 14:44:19,Google Flights
BLR,BOM,Air India,2026-09-10,7447.0,7092.38,354.62,INR,2026-08-26 14:44:19,Google Flights
BLR,BOM,IndiGo,2026-09-10,7487.0,7130.48,356.52,INR,2026-08-26 14:44:19,Google Flights
BLR,BOM,IndiGo,2026-09-10,7487.0,7130.48,356.52,INR,2026-08-26 14:44:19,Google Flights
BLR,BOM,Air India,2026-09-10,7557.0,7197.14,359.86,INR,2026-08-26 14:44:19,Google Flights
BLR,BOM,Akasa Air,2026-09-10,7647.0,7282.86,364.14,INR,2026-08-26 14:44:19,Google Flights
BLR,BOM,Air India,2026-09-10,7647.0,7282.86,364.14,INR,2026-08-26 14:44:19,Google Flights
BLR,BOM,Air India,2026-09-10,7647.0,7282.86,364.14,INR,2026-08-26 14:44:19,Google Flights
BLR,BOM,IndiGo,2026-09-10,7802.0,7430.48,371.52,INR,2026-08-26 14:44:19,Google Flights
BLR,BOM,IndiGo,2026-09-10,7802.0,7430.48,371.52,INR,2026-08-26 14:44:19,Google Flights
BLR,BOM,IndiGo,2026-09-10,7802.0,7430.48,371.52,INR,2026-08-26 14:44:19,Google Flights
BLR,BOM,IndiGo,2026-09-10,7802.0,7430.48,371.52,INR,2026-08-26 14:44:19,Google Flights
BLR,BOM,Air India,2026-09-10,7888.0,7512.38,375.62,INR,2026-08-26 14:44:19,Google Flights
BLR,BOM,Akasa Air,2026-09-10,7932.0,7554.29,377.71,INR,2026-08-26 14:44:19,Google Flights
BLR,BOM,Air India,2026-09-10,8382.0,7982.86,399.14,INR,2026-08-26 14:44:19,Google Flights
BLR,BOM,IndiGo,2026-09-25,4459.0,4246.67,212.33,INR,2026-08-26 14:44:22,Google Flights
BLR,BOM,IndiGo,2026-09-25,4879.0,4646.67,232.33,INR,2026-08-26 14:44:22,Google Flights
BLR,BOM,Akasa Air,2026-09-25,4914.0,4680.0,234.0,INR,2026-08-26 14:44:22,Google Flights
BLR,BOM,Akasa Air,2026-09-25,4914.0,4680.0,234.0,INR,2026-08-26 14:44:22,Google Flights
BLR,BOM,Akasa Air,2026-09-25,4914.0,4680.0,234.0,INR,2026-08-26 14:44:22,Google Flights
BLR,BOM,Air India,2026-09-25,5037.0,4797.14,239.86,INR,2026-08-26 14:44:22,Google Flights
BLR,BOM,SpiceJet,2026-09-25,5088.0,4845.71,242.29,INR,2026-08-26 14:44:22,Google Flights
BLR,BOM,Akasa Air,2026-09-25,6632.0,6316.19,315.81,INR,2026-08-26 14:44:22,Google Flights
BLR,BOM,IndiGo,2026-09-25,7172.0,6830.48,341.52,INR,2026-08-26 14:44:22,Google Flights
BLR,BOM,IndiGo,2026-09-25,7172.0,6830.48,341.52,INR,2026-08-26 14:44:22,Google Flights
BLR,BOM,Air India,2026-09-25,7332.0,6982.86,349.14,INR,2026-08-26 14:44:22,Google Flights
BLR,BOM,Air India,2026-09-25,7332.0,6982.86,349.14,INR,2026-08-26 14:44:22,Google Flights
BLR,BOM,IndiGo,2026-09-25,7802.0,7430.48,371.52,INR,2026-08-26 14:44:22,Google Flights
BLR,BOM,IndiGo,2026-09-25,7802.0,7430.48,371.52,INR,2026-08-26 14:44:22,Google Flights
BLR,BOM,Air India,2026-09-25,8214.0,7822.86,391.14,INR,2026-08-26 14:44:22,Google Flights
BLR,BOM,IndiGo,2026-09-25,8222.0,7830.48,391.52,INR,2026-08-26 14:44:22,Google Flights
BLR,BOM,Air India,2026-09-25,8518.0,8112.38,405.62,INR,2026-08-26 14:44:22,Google Flights
BLR,BOM,IndiGo,2026-09-25,8642.0,8230.48,411.52,INR,2026-08-26 14:44:22,Google Flights
BLR,BOM,IndiGo,2026-09-25,8642.0,8230.48,411.52,INR,2026-08-26 14:44:22,Google Flights
BLR,BOM,IndiGo,2026-09-25,8642.0,8230.48,411.52,INR,2026-08-26 14:44:22,Google Flights
BLR,BOM,IndiGo,2026-09-25,8642.0,8230.48,411.52,INR,2026-08-26 14:44:22,Google Flights
BLR,BOM,Air India,2026-09-25,8649.0,8237.14,411.86,INR,2026-08-26 14:44:22,Google Flights
BLR,BOM,Air India,2026-09-25,8786.0,8367.62,418.38,INR,2026-08-26 14:44:22,Google Flights
BLR,BOM,Air India,2026-09-25,8786.0,8367.62,418.38,INR,2026-08-26 14:44:22,Google Flights
BLR,BOM,Air India,2026-09-25,8802.0,8382.86,419.14,INR,2026-08-26 14:44:22,Google Flights
BLR,BOM,Air India,2026-09-25,8802.0,8382.86,419.14,INR,2026-08-26 14:44:22,Google Flights
BLR,BOM,IndiGo,2026-09-25,9167.0,8730.48,436.52,INR,2026-08-26 14:44:22,Google Flights
BLR,BOM,IndiGo,2026-09-25,9167.0,8730.48,436.52,INR,2026-08-26 14:44:22,Google Flights
CCU,DEL,IndiGo,2026-08-27,6931.0,6600.95,330.05,INR,2026-08-26 14:44:24,Google Flights
CCU,DEL,IndiGo,2026-08-27,6931.0,6600.95,330.05,INR,2026-08-26 14:44:24,Google Flights
CCU,DEL,IndiGo,2026-08-27,6957.0,6625.71,331.29,INR,2026-08-26 14:44:24,Google Flights
CCU,DEL,IndiGo,2026-08-27,7141.0,6800.95,340.05,INR,2026-08-26 14:44:24,Google Flights
CCU,DEL,Air India Express,2026-08-27,7722.0,7354.29,367.71,INR,2026-08-26 14:44:24,Google Flights
CCU,DEL,IndiGo,2026-08-27,8260.0,7866.67,393.33,INR,2026-08-26 14:44:24,Google Flights
CCU,DEL,IndiGo,2026-08-27,8260.0,7866.67,393.33,INR,2026-08-26 14:44:24,Google Flights
CCU,DEL,IndiGo,2026-08-27,8260.0,7866.67,393.33,INR,2026-08-26 14:44:24,Google Flights
CCU,DEL,Air India,2026-08-27,8418.0,8017.14,400.86,INR,2026-08-26 14:44:24,Google Flights
CCU,DEL,Air India,2026-08-27,8418.0,8017.14,400.86,INR,2026-08-26 14:44:24,Google Flights
CCU,DEL,Air India,2026-08-27,8418.0,8017.14,400.86,INR,2026-08-26 14:44:24,Google Flights
CCU,DEL,Air India,2026-08-27,8418.0,8017.14,400.86,INR,2026-08-26 14:44:24,Google Flights
CCU,DEL,Air India,2026-08-27,8681.0,8267.62,413.38,INR,2026-08-26 14:44:24,Google Flights
CCU,DEL,IndiGo,2026-08-27,8838.0,8417.14,420.86,INR,2026-08-26 14:44:24,Google Flights
CCU,DEL,IndiGo,2026-08-27,8838.0,8417.14,420.86,INR,2026-08-26 14:44:24,Google Flights
CCU,DEL,Air India,2026-08-27,8996.0,8567.62,428.38,INR,2026-08-26 14:44:24,Google Flights
CCU,DEL,Air India,2026-08-27,8996.0,8567.62,428.38,INR,2026-08-26 14:44:24,Google Flights
CCU,DEL,IndiGo,2026-08-27,9258.0,8817.14,440.86,INR,2026-08-26 14:44:24,Google Flights
CCU,DEL,IndiGo,2026-08-27,9258.0,8817.14,440.86,INR,2026-08-26 14:44:24,Google Flights
CCU,DEL,IndiGo,2026-08-27,9730.0,9266.67,463.33,INR,2026-08-26 14:44:24,Google Flights
CCU,DEL,Akasa Air,2026-08-27,9763.0,9298.1,464.9,INR,2026-08-26 14:44:24,Google Flights
CCU,DEL,IndiGo,2026-08-27,10203.0,9717.14,485.86,INR,2026-08-26 14:44:24,Google Flights
CCU,DEL,Air India,2026-08-27,11253.0,10717.14,535.86,INR,2026-08-26 14:44:24,Google Flights
CCU,DEL,IndiGo,2026-08-27,11358.0,10817.14,540.86,INR,2026-08-26 14:44:24,Google Flights
CCU,DEL,IndiGo,2026-09-02,6746.0,6424.76,321.24,INR,2026-08-26 14:44:27,Google Flights
CCU,DEL,IndiGo,2026-09-02,6930.0,6600.0,330.0,INR,2026-08-26 14:44:27,Google Flights
CCU,DEL,IndiGo,2026-09-02,6956.0,6624.76,331.24,INR,2026-08-26 14:44:27,Google Flights
CCU,DEL,IndiGo,2026-09-02,8260.0,7866.67,393.33,INR,2026-08-26 14:44:27,Google Flights
CCU,DEL,IndiGo,2026-09-02,8260.0,7866.67,393.33,INR,2026-08-26 14:44:27,Google Flights
CCU,DEL,IndiGo,2026-09-02,8260.0,7866.67,393.33,INR,2026-08-26 14:44:27,Google Flights
CCU,DEL,IndiGo,2026-09-02,8260.0,7866.67,393.33,INR,2026-08-26 14:44:27,Google Flights
CCU,DEL,IndiGo,2026-09-02,8260.0,7866.67,393.33,INR,2026-08-26 14:44:27,Google Flights
CCU,DEL,IndiGo,2026-09-02,8260.0,7866.67,393.33,INR,2026-08-26 14:44:27,Google Flights
CCU,DEL,Air India,2026-09-02,8418.0,8017.14,400.86,INR,2026-08-26 14:44:27,Google Flights
CCU,DEL,Air India,2026-09-02,8418.0,8017.14,400.86,INR,2026-08-26 14:44:27,Google Flights
CCU,DEL,Air India,2026-09-02,8418.0,8017.14,400.86,INR,2026-08-26 14:44:27,Google Flights
CCU,DEL,Air India,2026-09-02,8418.0,8017.14,400.86,INR,2026-08-26 14:44:27,Google Flights
CCU,DEL,Air India,2026-09-02,8418.0,8017.14,400.86,INR,2026-08-26 14:44:27,Google Flights
CCU,DEL,Air India,2026-09-02,8418.0,8017.14,400.86,INR,2026-08-26 14:44:27,Google Flights
CCU,DEL,Air India,2026-09-02,8418.0,8017.14,400.86,INR,2026-08-26 14:44:27,Google Flights
CCU,DEL,Akasa Air,2026-09-02,8492.0,8087.62,404.38,INR,2026-08-26 14:44:27,Google Flights
CCU,DEL,IndiGo,2026-09-02,8523.0,8117.14,405.86,INR,2026-08-26 14:44:27,Google Flights
CCU,DEL,IndiGo,2026-09-02,8523.0,8117.14,405.86,INR,2026-08-26 14:44:27,Google Flights
CCU,DEL,Air India,2026-09-02,8681.0,8267.62,413.38,INR,2026-08-26 14:44:27,Google Flights
CCU,DEL,Air India,2026-09-02,9143.0,8707.62,435.38,INR,2026-08-26 14:44:27,Google Flights
CCU,DEL,IndiGo,2026-09-02,10203.0,9717.14,485.86,INR,2026-08-26 14:44:27,Google Flights
CCU,DEL,IndiGo,2026-09-02,10728.0,10217.14,510.86,INR,2026-08-26 14:44:27,Google Flights
CCU,DEL,IndiGo,2026-09-10,6871.0,6543.81,327.19,INR,2026-08-26 14:44:30,Google Flights
CCU,DEL,IndiGo,2026-09-10,6871.0,6543.81,327.19,INR,2026-08-26 14:44:30,Google Flights
CCU,DEL,IndiGo,2026-09-10,6871.0,6543.81,327.19,INR,2026-08-26 14:44:30,Google Flights
CCU,DEL,IndiGo,2026-09-10,6930.0,6600.0,330.0,INR,2026-08-26 14:44:30,Google Flights
CCU,DEL,Akasa Air,2026-09-10,8205.0,7814.29,390.71,INR,2026-08-26 14:44:30,Google Flights
CCU,DEL,IndiGo,2026-09-10,8260.0,7866.67,393.33,INR,2026-08-26 14:44:30,Google Flights
CCU,DEL,IndiGo,2026-09-10,8260.0,7866.67,393.33,INR,2026-08-26 14:44:30,Google Flights
CCU,DEL,IndiGo,2026-09-10,8260.0,7866.67,393.33,INR,2026-08-26 14:44:30,Google Flights
CCU,DEL,IndiGo,2026-09-10,8260.0,7866.67,393.33,INR,2026-08-26 14:44:30,Google Flights
CCU,DEL,IndiGo,2026-09-10,8260.0,7866.67,393.33,INR,2026-08-26 14:44:30,Google Flights
CCU,DEL,IndiGo,2026-09-10,8260.0,7866.67,393.33,INR,2026-08-26 14:44:30,Google Flights
CCU,DEL,IndiGo,2026-09-10,8260.0,7866.67,393.33,INR,2026-08-26 14:44:30,Google Flights
CCU,DEL,IndiGo,2026-09-10,8260.0,7866.67,393.33,INR,2026-08-26 14:44:30,Google Flights
CCU,DEL,Air India,2026-09-10,8418.0,8017.14,400.86,INR,2026-08-26 14:44:30,Google Flights
CCU,DEL,Air India,2026-09-10,8418.0,8017.14,400.86,INR,2026-08-26 14:44:30,Google Flights
CCU,DEL,Air India,2026-09-10,8418.0,8017.14,400.86,INR,2026-08-26 14:44:30,Google Flights
CCU,DEL,Air India,2026-09-10,8418.0,8017.14,400.86,INR,2026-08-26 14:44:30,Google Flights
CCU,DEL,Air India,2026-09-10,8418.0,8017.14,400.86,INR,2026-08-26 14:44:30,Google Flights
CCU,DEL,Air India,2026-09-10,8418.0,8017.14,400.86,INR,2026-08-26 14:44:30,Google Flights
CCU,DEL,Air India,2026-09-10,8418.0,8017.14,400.86,INR,2026-08-26 14:44:30,Google Flights
CCU,DEL,Air India,2026-09-10,8418.0,8017.14,400.86,INR,2026-08-26 14:44:30,Google Flights
CCU,DEL,Air India,2026-09-10,8418.0,8017.14,400.86,INR,2026-08-26 14:44:30,Google Flights
CCU,DEL,IndiGo,2026-09-10,9730.0,9266.67,463.33,INR,2026-08-26 14:44:30,Google Flights
CCU,DEL,IndiGo,2026-09-10,9730.0,9266.67,463.33,INR,2026-08-26 14:44:30,Google Flights
CCU,DEL,IndiGo,2026-09-25,7531.0,7172.38,358.62,INR,2026-08-26 14:44:32,Google Flights
CCU,DEL,IndiGo,2026-09-25,7531.0,7172.38,358.62,INR,2026-08-26 14:44:32,Google Flights
CCU,DEL,IndiGo,2026-09-25,8260.0,7866.67,393.33,INR,2026-08-26 14:44:32,Google Flights
CCU,DEL,IndiGo,2026-09-25,8260.0,7866.67,393.33,INR,2026-08-26 14:44:32,Google Flights
CCU,DEL,IndiGo,2026-09-25,8260.0,7866.67,393.33,INR,2026-08-26 14:44:32,Google Flights
CCU,DEL,IndiGo,2026-09-25,8260.0,7866.67,393.33,INR,2026-08-26 14:44:32,Google Flights
CCU,DEL,IndiGo,2026-09-25,8260.0,7866.67,393.33,INR,2026-08-26 14:44:32,Google Flights
CCU,DEL,Air India,2026-09-25,8418.0,8017.14,400.86,INR,2026-08-26 14:44:32,Google Flights
CCU,DEL,Air India,2026-09-25,8418.0,8017.14,400.86,INR,2026-08-26 14:44:32,Google Flights
CCU,DEL,Air India,2026-09-25,8418.0,8017.14,400.86,INR,2026-08-26 14:44:32,Google Flights
CCU,DEL,Akasa Air,2026-09-25,8492.0,8087.62,404.38,INR,2026-08-26 14:44:32,Google Flights
CCU,DEL,IndiGo,2026-09-25,8523.0,8117.14,405.86,INR,2026-08-26 14:44:32,Google Flights
CCU,DEL,IndiGo,2026-09-25,8523.0,8117.14,405.86,INR,2026-08-26 14:44:32,Google Flights
CCU,DEL,IndiGo,2026-09-25,8523.0,8117.14,405.86,INR,2026-08-26 14:44:32,Google Flights
CCU,DEL,Air India,2026-09-25,8681.0,8267.62,413.38,INR,2026-08-26 14:44:32,Google Flights
CCU,DEL,Air India,2026-09-25,8681.0,8267.62,413.38,INR,2026-08-26 14:44:32,Google Flights
CCU,DEL,Air India,2026-09-25,8681.0,8267.62,413.38,INR,2026-08-26 14:44:32,Google Flights
CCU,DEL,IndiGo,2026-09-25,9258.0,8817.14,440.86,INR,2026-08-26 14:44:32,Google Flights
CCU,DEL,Air India,2026-09-25,10051.0,9572.38,478.62,INR,2026-08-26 14:44:32,Google Flights
CCU,DEL,IndiGo,2026-09-25,11358.0,10817.14,540.86,INR,2026-08-26 14:44:32,Google Flights
CCU,DEL,Air India,2026-09-25,11447.0,10901.9,545.1,INR,2026-08-26 14:44:32,Google Flights
DEL,CCU,IndiGo,2026-08-27,7102.0,6763.81,338.19,INR,2026-08-26 14:44:35,Google Flights
DEL,CCU,IndiGo,2026-08-27,8346.0,7948.57,397.43,INR,2026-08-26 14:44:35,Google Flights
DEL,CCU,Air India,2026-08-27,8504.0,8099.05,404.95,INR,2026-08-26 14:44:35,Google Flights
DEL,CCU,Air India,2026-08-27,8504.0,8099.05,404.95,INR,2026-08-26 14:44:35,Google Flights
DEL,CCU,Air India,2026-08-27,8504.0,8099.05,404.95,INR,2026-08-26 14:44:35,Google Flights
DEL,CCU,Air India,2026-08-27,8504.0,8099.05,404.95,INR,2026-08-26 14:44:35,Google Flights
DEL,CCU,Air India,2026-08-27,8504.0,8099.05,404.95,INR,2026-08-26 14:44:35,Google Flights
DEL,CCU,Air India,2026-08-27,8504.0,8099.05,404.95,INR,2026-08-26 14:44:35,Google Flights
DEL,CCU,Akasa Air,2026-08-27,8866.0,8443.81,422.19,INR,2026-08-26 14:44:35,Google Flights
DEL,CCU,IndiGo,2026-08-27,8923.0,8498.1,424.9,INR,2026-08-26 14:44:35,Google Flights
DEL,CCU,IndiGo,2026-08-27,8923.0,8498.1,424.9,INR,2026-08-26 14:44:35,Google Flights
DEL,CCU,IndiGo,2026-08-27,8923.0,8498.1,424.9,INR,2026-08-26 14:44:35,Google Flights
DEL,CCU,IndiGo,2026-08-27,8923.0,8498.1,424.9,INR,2026-08-26 14:44:35,Google Flights
DEL,CCU,IndiGo,2026-08-27,9396.0,8948.57,447.43,INR,2026-08-26 14:44:35,Google Flights
DEL,CCU,IndiGo,2026-08-27,9921.0,9448.57,472.43,INR,2026-08-26 14:44:35,Google Flights
DEL,CCU,IndiGo,2026-08-27,9921.0,9448.57,472.43,INR,2026-08-26 14:44:35,Google Flights
DEL,CCU,IndiGo,2026-08-27,9921.0,9448.57,472.43,INR,2026-08-26 14:44:35,Google Flights
DEL,CCU,Air India,2026-08-27,10257.0,9768.57,488.43,INR,2026-08-26 14:44:35,Google Flights
DEL,CCU,Air India,2026-08-27,10693.0,10183.81,509.19,INR,2026-08-26 14:44:35,Google Flights
DEL,CCU,SpiceJet,2026-08-27,11473.0,10926.67,546.33,INR,2026-08-26 14:44:35,Google Flights
DEL,CCU,IndiGo,2026-08-27,12861.0,12248.57,612.43,INR,2026-08-26 14:44:35,Google Flights
DEL,CCU,IndiGo,2026-09-02,6491.0,6181.9,309.1,INR,2026-08-26 14:44:37,Google Flights
DEL,CCU,IndiGo,2026-09-02,6491.0,6181.9,309.1,INR,2026-08-26 14:44:37,Google Flights
DEL,CCU,IndiGo,2026-09-02,6622.0,6306.67,315.33,INR,2026-08-26 14:44:37,Google Flights
DEL,CCU,IndiGo,2026-09-02,6806.0,6481.9,324.1,INR,2026-08-26 14:44:37,Google Flights
DEL,CCU,IndiGo,2026-09-02,8346.0,7948.57,397.43,INR,2026-08-26 14:44:37,Google Flights
DEL,CCU,IndiGo,2026-09-02,8346.0,7948.57,397.43,INR,2026-08-26 14:44:37,Google Flights
DEL,CCU,IndiGo,2026-09-02,8346.0,7948.57,397.43,INR,2026-08-26 14:44:37,Google Flights
DEL,CCU,IndiGo,2026-09-02,8346.0,7948.57,397.43,INR,2026-08-26 14:44:37,Google Flights
DEL,CCU,IndiGo,2026-09-02,8346.0,7948.57,397.43,INR,2026-08-26 14:44:37,Google Flights
DEL,CCU,IndiGo,2026-09-02,8346.0,7948.57,397.43,INR,2026-08-26 14:44:37,Google Flights
DEL,CCU,IndiGo,2026-09-02,8346.0,7948.57,397.43,INR,2026-08-26 14:44:37,Google Flights
DEL,CCU,IndiGo,2026-09-02,8346.0,7948.57,397.43,INR,2026-08-26 14:44:37,Google Flights
DEL,CCU,IndiGo,2026-09-02,8346.0,7948.57,397.43,INR,2026-08-26 14:44:37,Google Flights
DEL,CCU,IndiGo,2026-09-02,8346.0,7948.57,397.43,INR,2026-08-26 14:44:37,Google Flights
DEL,CCU,IndiGo,2026-09-02,8346.0,7948.57,397.43,INR,2026-08-26 14:44:37,Google Flights
DEL,CCU,Air India,2026-09-02,8504.0,8099.05,404.95,INR,2026-08-26 14:44:37,Google Flights
DEL,CCU,Air India,2026-09-02,8504.0,8099.05,404.95,INR,2026-08-26 14:44:37,Google Flights
DEL,CCU,Air India,2026-09-02,8504.0,8099.05,404.95,INR,2026-08-26 14:44:37,Google Flights
DEL,CCU,Air India,2026-09-02,8504.0,8099.05,404.95,INR,2026-08-26 14:44:37,Google Flights
DEL,CCU,Air India,2026-09-02,8504.0,8099.05,404.95,INR,2026-08-26 14:44:37,Google Flights
DEL,CCU,Air India,2026-09-02,8504.0,8099.05,404.95,INR,2026-08-26 14:44:37,Google Flights
DEL,CCU,Air India,2026-09-02,8504.0,8099.05,404.95,INR,2026-08-26 14:44:37,Google Flights
DEL,CCU,Air India,2026-09-02,8504.0,8099.05,404.95,INR,2026-08-26 14:44:37,Google Flights
DEL,CCU,Air India,2026-09-02,8504.0,8099.05,404.95,INR,2026-08-26 14:44:37,Google Flights
DEL,CCU,IndiGo,2026-09-10,6491.0,6181.9,309.1,INR,2026-08-26 14:44:40,Google Flights
DEL,CCU,IndiGo,2026-09-10,6806.0,6481.9,324.1,INR,2026-08-26 14:44:40,Google Flights
DEL,CCU,IndiGo,2026-09-10,6806.0,6481.9,324.1,INR,2026-08-26 14:44:40,Google Flights
DEL,CCU,Akasa Air,2026-09-10,7933.0,7555.24,377.76,INR,2026-08-26 14:44:40,Google Flights
DEL,CCU,IndiGo,2026-09-10,8346.0,7948.57,397.43,INR,2026-08-26 14:44:40,Google Flights
DEL,CCU,IndiGo,2026-09-10,8346.0,7948.57,397.43,INR,2026-08-26 14:44:40,Google Flights
DEL,CCU,IndiGo,2026-09-10,8346.0,7948.57,397.43,INR,2026-08-26 14:44:40,Google Flights
DEL,CCU,IndiGo,2026-09-10,8346.0,7948.57,397.43,INR,2026-08-26 14:44:40,Google Flights
DEL,CCU,IndiGo,2026-09-10,8346.0,7948.57,397.43,INR,2026-08-26 14:44:40,Google Flights
DEL,CCU,IndiGo,2026-09-10,8346.0,7948.57,397.43,INR,2026-08-26 14:44:40,Google Flights
DEL,CCU,IndiGo,2026-09-10,8346.0,7948.57,397.43,INR,2026-08-26 14:44:40,Google Flights
DEL,CCU,Air India,2026-09-10,8504.0,8099.05,404.95,INR,2026-08-26 14:44:40,Google Flights
DEL,CCU,Air India,2026-09-10,8504.0,8099.05,404.95,INR,2026-08-26 14:44:40,Google Flights
DEL,CCU,Air India,2026-09-10,8504.0,8099.05,404.95,INR,2026-08-26 14:44:40,Google Flights
DEL,CCU,Air India,2026-09-10,8504.0,8099.05,404.95,INR,2026-08-26 14:44:40,Google Flights
DEL,CCU,Air India,2026-09-10,8504.0,8099.05,404.95,INR,2026-08-26 14:44:40,Google Flights
DEL,CCU,Air India,2026-09-10,8504.0,8099.05,404.95,INR,2026-08-26 14:44:40,Google Flights
DEL,CCU,Air India,2026-09-10,8504.0,8099.05,404.95,INR,2026-08-26 14:44:40,Google Flights
DEL,CCU,Air India,2026-09-10,8504.0,8099.05,404.95,INR,2026-08-26 14:44:40,Google Flights
DEL,CCU,IndiGo,2026-09-10,8608.0,8198.1,409.9,INR,2026-08-26 14:44:40,Google Flights
DEL,CCU,Air India,2026-09-10,8919.0,8494.29,424.71,INR,2026-08-26 14:44:40,Google Flights
DEL,CCU,IndiGo,2026-09-10,9396.0,8948.57,447.43,INR,2026-08-26 14:44:40,Google Flights
DEL,CCU,IndiGo,2026-09-10,9921.0,9448.57,472.43,INR,2026-08-26 14:44:40,Google Flights
DEL,CCU,IndiGo,2026-09-10,10551.0,10048.57,502.43,INR,2026-08-26 14:44:40,Google Flights
DEL,CCU,IndiGo,2026-09-25,6787.0,6463.81,323.19,INR,2026-08-26 14:44:42,Google Flights
DEL,CCU,IndiGo,2026-09-25,6918.0,6588.57,329.43,INR,2026-08-26 14:44:42,Google Flights
DEL,CCU,IndiGo,2026-09-25,8346.0,7948.57,397.43,INR,2026-08-26 14:44:42,Google Flights
DEL,CCU,IndiGo,2026-09-25,8346.0,7948.57,397.43,INR,2026-08-26 14:44:42,Google Flights
DEL,CCU,IndiGo,2026-09-25,8346.0,7948.57,397.43,INR,2026-08-26 14:44:42,Google Flights
DEL,CCU,IndiGo,2026-09-25,8346.0,7948.57,397.43,INR,2026-08-26 14:44:42,Google Flights
DEL,CCU,IndiGo,2026-09-25,8346.0,7948.57,397.43,INR,2026-08-26 14:44:42,Google Flights
DEL,CCU,IndiGo,2026-09-25,8346.0,7948.57,397.43,INR,2026-08-26 14:44:42,Google Flights
DEL,CCU,IndiGo,2026-09-25,8346.0,7948.57,397.43,INR,2026-08-26 14:44:42,Google Flights
DEL,CCU,IndiGo,2026-09-25,8346.0,7948.57,397.43,INR,2026-08-26 14:44:42,Google Flights
DEL,CCU,IndiGo,2026-09-25,8346.0,7948.57,397.43,INR,2026-08-26 14:44:42,Google Flights
DEL,CCU,IndiGo,2026-09-25,8346.0,7948.57,397.43,INR,2026-08-26 14:44:42,Google Flights
DEL,CCU,Air India,2026-09-25,8504.0,8099.05,404.95,INR,2026-08-26 14:44:42,Google Flights
DEL,CCU,Air India,2026-09-25,8504.0,8099.05,404.95,INR,2026-08-26 14:44:42,Google Flights
DEL,CCU,Air India,2026-09-25,8504.0,8099.05,404.95,INR,2026-08-26 14:44:42,Google Flights
DEL,CCU,Air India,2026-09-25,8504.0,8099.05,404.95,INR,2026-08-26 14:44:42,Google Flights
DEL,CCU,Air India,2026-09-25,8504.0,8099.05,404.95,INR,2026-08-26 14:44:42,Google Flights
DEL,CCU,Air India,2026-09-25,8504.0,8099.05,404.95,INR,2026-08-26 14:44:42,Google Flights
DEL,CCU,Air India,2026-09-25,8504.0,8099.05,404.95,INR,2026-08-26 14:44:42,Google Flights
DEL,CCU,Air India,2026-09-25,8504.0,8099.05,404.95,INR,2026-08-26 14:44:42,Google Flights
DEL,CCU,Air India,2026-09-25,8504.0,8099.05,404.95,INR,2026-08-26 14:44:42,Google Flights
DEL,CCU,Akasa Air,2026-09-25,8866.0,8443.81,422.19,INR,2026-08-26 14:44:42,Google Flights
HYD,BOM,IndiGo,2026-08-27,5847.0,5568.57,278.43,INR,2026-08-26 14:44:45,Google Flights
HYD,BOM,IndiGo,2026-08-27,7042.0,6706.67,335.33,INR,2026-08-26 14:44:45,Google Flights
HYD,BOM,Air India,2026-08-27,7247.0,6901.9,345.1,INR,2026-08-26 14:44:45,Google Flights
HYD,BOM,Air India,2026-08-27,7699.0,7332.38,366.62,INR,2026-08-26 14:44:45,Google Flights
HYD,BOM,IndiGo,2026-08-27,7882.0,7506.67,375.33,INR,2026-08-26 14:44:45,Google Flights
HYD,BOM,IndiGo,2026-08-27,8407.0,8006.67,400.33,INR,2026-08-26 14:44:45,Google Flights
HYD,BOM,IndiGo,2026-08-27,9562.0,9106.67,455.33,INR,2026-08-26 14:44:45,Google Flights
HYD,BOM,IndiGo,2026-08-27,9562.0,9106.67,455.33,INR,2026-08-26 14:44:45,Google Flights
HYD,BOM,Air India,2026-08-27,12140.0,11561.9,578.1,INR,2026-08-26 14:44:45,Google Flights
HYD,BOM,Air India,2026-08-27,12140.0,11561.9,578.1,INR,2026-08-26 14:44:45,Google Flights
HYD,BOM,IndiGo,2026-08-27,14182.0,13506.67,675.33,INR,2026-08-26 14:44:45,Google Flights
HYD,BOM,IndiGo,2026-08-27,14182.0,13506.67,675.33,INR,2026-08-26 14:44:45,Google Flights
HYD,BOM,Air India,2026-08-27,14424.0,13737.14,686.86,INR,2026-08-26 14:44:45,Google Flights
HYD,BOM,IndiGo,2026-08-27,15232.0,14506.67,725.33,INR,2026-08-26 14:44:45,Google Flights
HYD,BOM,IndiGo,2026-08-27,21622.0,20592.38,1029.62,INR,2026-08-26 14:44:45,Google Flights
HYD,BOM,Oman Air,2026-08-27,39535.0,37652.38,1882.62,INR,2026-08-26 14:44:45,Google Flights
HYD,BOM,IndiGo,2026-09-02,6374.0,6070.48,303.52,INR,2026-08-26 14:44:48,Google Flights
HYD,BOM,IndiGo,2026-09-02,6374.0,6070.48,303.52,INR,2026-08-26 14:44:48,Google Flights
HYD,BOM,IndiGo,2026-09-02,6412.0,6106.67,305.33,INR,2026-08-26 14:44:48,Google Flights
HYD,BOM,IndiGo,2026-09-02,6412.0,6106.67,305.33,INR,2026-08-26 14:44:48,Google Flights
HYD,BOM,IndiGo,2026-09-02,6412.0,6106.67,305.33,INR,2026-08-26 14:44:48,Google Flights
HYD,BOM,Air India,2026-09-02,6570.0,6257.14,312.86,INR,2026-08-26 14:44:48,Google Flights
HYD,BOM,Air India,2026-09-02,6570.0,6257.14,312.86,INR,2026-08-26 14:44:48,Google Flights
HYD,BOM,IndiGo,2026-09-02,6727.0,6406.67,320.33,INR,2026-08-26 14:44:48,Google Flights
HYD,BOM,IndiGo,2026-09-02,6727.0,6406.67,320.33,INR,2026-08-26 14:44:48,Google Flights
HYD,BOM,IndiGo,2026-09-02,6727.0,6406.67,320.33,INR,2026-08-26 14:44:48,Google Flights
HYD,BOM,IndiGo,2026-09-02,6727.0,6406.67,320.33,INR,2026-08-26 14:44:48,Google Flights
HYD,BOM,Air India,2026-09-02,7132.0,6792.38,339.62,INR,2026-08-26 14:44:48,Google Flights
HYD,BOM,Air India,2026-09-02,7247.0,6901.9,345.1,INR,2026-08-26 14:44:48,Google Flights
HYD,BOM,Air India,2026-09-02,7699.0,7332.38,366.62,INR,2026-08-26 14:44:48,Google Flights
HYD,BOM,IndiGo,2026-09-02,7882.0,7506.67,375.33,INR,2026-08-26 14:44:48,Google Flights
HYD,BOM,Air India,2026-09-02,9410.0,8961.9,448.1,INR,2026-08-26 14:44:48,Google Flights
HYD,BOM,THAI,2026-09-02,53000.0,50476.19,2523.81,INR,2026-08-26 14:44:48,Google Flights
HYD,BOM,Etihad,2026-09-02,73712.0,70201.9,3510.1,INR,2026-08-26 14:44:48,Google Flights
HYD,BOM,IndiGo,2026-09-10,5614.0,5346.67,267.33,INR,2026-08-26 14:44:51,Google Flights
HYD,BOM,IndiGo,2026-09-10,5614.0,5346.67,267.33,INR,2026-08-26 14:44:51,Google Flights
HYD,BOM,IndiGo,2026-09-10,5614.0,5346.67,267.33,INR,2026-08-26 14:44:51,Google Flights
HYD,BOM,IndiGo,2026-09-10,5614.0,5346.67,267.33,INR,2026-08-26 14:44:51,Google Flights
HYD,BOM,IndiGo,2026-09-10,5614.0,5346.67,267.33,INR,2026-08-26 14:44:51,Google Flights
HYD,BOM,IndiGo,2026-09-10,5614.0,5346.67,267.33,INR,2026-08-26 14:44:51,Google Flights
HYD,BOM,IndiGo,2026-09-10,5614.0,5346.67,267.33,INR,2026-08-26 14:44:51,Google Flights
HYD,BOM,IndiGo,2026-09-10,5614.0,5346.67,267.33,INR,2026-08-26 14:44:51,Google Flights
HYD,BOM,IndiGo,2026-09-10,6412.0,6106.67,305.33,INR,2026-08-26 14:44:51,Google Flights
HYD,BOM,IndiGo,2026-09-10,6412.0,6106.67,305.33,INR,2026-08-26 14:44:51,Google Flights
HYD,BOM,IndiGo,2026-09-10,6412.0,6106.67,305.33,INR,2026-08-26 14:44:51,Google Flights
HYD,BOM,Air India,2026-09-10,6570.0,6257.14,312.86,INR,2026-08-26 14:44:51,Google Flights
HYD,BOM,Air India,2026-09-10,6570.0,6257.14,312.86,INR,2026-08-26 14:44:51,Google Flights
HYD,BOM,IndiGo,2026-09-10,6727.0,6406.67,320.33,INR,2026-08-26 14:44:51,Google Flights
HYD,BOM,IndiGo,2026-09-10,6727.0,6406.67,320.33,INR,2026-08-26 14:44:51,Google Flights
HYD,BOM,IndiGo,2026-09-10,6727.0,6406.67,320.33,INR,2026-08-26 14:44:51,Google Flights
HYD,BOM,IndiGo,2026-09-10,6727.0,6406.67,320.33,INR,2026-08-26 14:44:51,Google Flights
HYD,BOM,Air India,2026-09-10,6880.0,6552.38,327.62,INR,2026-08-26 14:44:51,Google Flights
HYD,BOM,Air India,2026-09-10,7132.0,6792.38,339.62,INR,2026-08-26 14:44:51,Google Flights
HYD,BOM,Air India,2026-09-10,7247.0,6901.9,345.1,INR,2026-08-26 14:44:51,Google Flights
HYD,BOM,Air India,2026-09-10,8570.0,8161.9,408.1,INR,2026-08-26 14:44:51,Google Flights
HYD,BOM,IndiGo,2026-09-10,8932.0,8506.67,425.33,INR,2026-08-26 14:44:51,Google Flights
HYD,BOM,IndiGo,2026-09-25,6188.0,5893.33,294.67,INR,2026-08-26 14:44:54,Google Flights
HYD,BOM,IndiGo,2026-09-25,6412.0,6106.67,305.33,INR,2026-08-26 14:44:54,Google Flights
HYD,BOM,Air India,2026-09-25,6570.0,6257.14,312.86,INR,2026-08-26 14:44:54,Google Flights
HYD,BOM,Air India,2026-09-25,6570.0,6257.14,312.86,INR,2026-08-26 14:44:54,Google Flights
HYD,BOM,IndiGo,2026-09-25,6727.0,6406.67,320.33,INR,2026-08-26 14:44:54,Google Flights
HYD,BOM,IndiGo,2026-09-25,6727.0,6406.67,320.33,INR,2026-08-26 14:44:54,Google Flights
HYD,BOM,IndiGo,2026-09-25,6727.0,6406.67,320.33,INR,2026-08-26 14:44:54,Google Flights
HYD,BOM,IndiGo,2026-09-25,6727.0,6406.67,320.33,INR,2026-08-26 14:44:54,Google Flights
HYD,BOM,Air India,2026-09-25,6806.0,6481.9,324.1,INR,2026-08-26 14:44:54,Google Flights
HYD,BOM,IndiGo,2026-09-25,7462.0,7106.67,355.33,INR,2026-08-26 14:44:54,Google Flights
HYD,BOM,Air India,2026-09-25,7993.0,7612.38,380.62,INR,2026-08-26 14:44:54,Google Flights
HYD,BOM,Air India,2026-09-25,8250.0,7857.14,392.86,INR,2026-08-26 14:44:54,Google Flights
HYD,BOM,Air India,2026-09-25,8570.0,8161.9,408.1,INR,2026-08-26 14:44:54,Google Flights
HYD,BOM,"Etihad, Akasa Air",2026-09-25,25622.0,24401.9,1220.1,INR,2026-08-26 14:44:54,Google Flights
HYD,BOM,SriLankan,2026-09-25,29275.0,27880.95,1394.05,INR,2026-08-26 14:44:54,Google Flights
BOM,HYD,IndiGo,2026-08-27,10895.0,10376.19,518.81,INR,2026-08-26 14:44:56,Google Flights
BOM,HYD,IndiGo,2026-08-27,10895.0,10376.19,518.81,INR,2026-08-26 14:44:56,Google Flights
BOM,HYD,Air India,2026-08-27,11373.0,10831.43,541.57,INR,2026-08-26 14:44:56,Google Flights
BOM,HYD,IndiGo,2026-08-27,12575.0,11976.19,598.81,INR,2026-08-26 14:44:56,Google Flights
BOM,HYD,IndiGo,2026-08-27,13415.0,12776.19,638.81,INR,2026-08-26 14:44:56,Google Flights
BOM,HYD,Air India,2026-08-27,13657.0,13006.67,650.33,INR,2026-08-26 14:44:56,Google Flights
BOM,HYD,Air India,2026-08-27,13657.0,13006.67,650.33,INR,2026-08-26 14:44:56,Google Flights
BOM,HYD,Air India,2026-08-27,13657.0,13006.67,650.33,INR,2026-08-26 14:44:56,Google Flights
BOM,HYD,Air India,2026-08-27,13657.0,13006.67,650.33,INR,2026-08-26 14:44:56,Google Flights
BOM,HYD,IndiGo,2026-08-27,14465.0,13776.19,688.81,INR,2026-08-26 14:44:56,Google Flights
BOM,HYD,IndiGo,2026-08-27,14465.0,13776.19,688.81,INR,2026-08-26 14:44:56,Google Flights
BOM,HYD,IndiGo,2026-08-27,19842.0,18897.14,944.86,INR,2026-08-26 14:44:56,Google Flights
BOM,HYD,SriLankan,2026-08-27,24979.0,23789.52,1189.48,INR,2026-08-26 14:44:56,Google Flights
BOM,HYD,Etihad,2026-08-27,85194.0,81137.14,4056.86,INR,2026-08-26 14:44:56,Google Flights
BOM,HYD,IndiGo,2026-09-02,5177.0,4930.48,246.52,INR,2026-08-26 14:44:58,Google Flights
BOM,HYD,IndiGo,2026-09-02,5645.0,5376.19,268.81,INR,2026-08-26 14:44:58,Google Flights
BOM,HYD,IndiGo,2026-09-02,5645.0,5376.19,268.81,INR,2026-08-26 14:44:58,Google Flights
BOM,HYD,IndiGo,2026-09-02,5645.0,5376.19,268.81,INR,2026-08-26 14:44:58,Google Flights
BOM,HYD,Air India,2026-09-02,5803.0,5526.67,276.33,INR,2026-08-26 14:44:58,Google Flights
BOM,HYD,Air India,2026-09-02,5898.0,5617.14,280.86,INR,2026-08-26 14:44:58,Google Flights
BOM,HYD,IndiGo,2026-09-02,5960.0,5676.19,283.81,INR,2026-08-26 14:44:58,Google Flights
BOM,HYD,IndiGo,2026-09-02,5960.0,5676.19,283.81,INR,2026-08-26 14:44:58,Google Flights
BOM,HYD,IndiGo,2026-09-02,5960.0,5676.19,283.81,INR,2026-08-26 14:44:58,Google Flights
BOM,HYD,IndiGo,2026-09-02,5960.0,5676.19,283.81,INR,2026-08-26 14:44:58,Google Flights
BOM,HYD,Air India,2026-09-02,6113.0,5821.9,291.1,INR,2026-08-26 14:44:58,Google Flights
BOM,HYD,Air India,2026-09-02,6113.0,5821.9,291.1,INR,2026-08-26 14:44:58,Google Flights
BOM,HYD,Air India,2026-09-02,6213.0,5917.14,295.86,INR,2026-08-26 14:44:58,Google Flights
BOM,HYD,Air India,2026-09-02,6591.0,6277.14,313.86,INR,2026-08-26 14:44:58,Google Flights
BOM,HYD,IndiGo,2026-09-02,6695.0,6376.19,318.81,INR,2026-08-26 14:44:58,Google Flights
BOM,HYD,IndiGo,2026-09-02,7640.0,7276.19,363.81,INR,2026-08-26 14:44:58,Google Flights
BOM,HYD,SriLankan,2026-09-02,27289.0,25989.52,1299.48,INR,2026-08-26 14:44:58,Google Flights
BOM,HYD,IndiGo,2026-09-10,5519.0,5256.19,262.81,INR,2026-08-26 14:45:01,Google Flights
BOM,HYD,IndiGo,2026-09-10,5645.0,5376.19,268.81,INR,2026-08-26 14:45:01,Google Flights
BOM,HYD,IndiGo,2026-09-10,5645.0,5376.19,268.81,INR,2026-08-26 14:45:01,Google Flights
BOM,HYD,IndiGo,2026-09-10,5645.0,5376.19,268.81,INR,2026-08-26 14:45:01,Google Flights
BOM,HYD,IndiGo,2026-09-10,5645.0,5376.19,268.81,INR,2026-08-26 14:45:01,Google Flights
BOM,HYD,Air India,2026-09-10,5803.0,5526.67,276.33,INR,2026-08-26 14:45:01,Google Flights
BOM,HYD,Air India,2026-09-10,5898.0,5617.14,280.86,INR,2026-08-26 14:45:01,Google Flights
BOM,HYD,IndiGo,2026-09-10,5960.0,5676.19,283.81,INR,2026-08-26 14:45:01,Google Flights
BOM,HYD,IndiGo,2026-09-10,5960.0,5676.19,283.81,INR,2026-08-26 14:45:01,Google Flights
BOM,HYD,IndiGo,2026-09-10,5960.0,5676.19,283.81,INR,2026-08-26 14:45:01,Google Flights
BOM,HYD,Air India,2026-09-10,6113.0,5821.9,291.1,INR,2026-08-26 14:45:01,Google Flights
BOM,HYD,Air India,2026-09-10,6113.0,5821.9,291.1,INR,2026-08-26 14:45:01,Google Flights
BOM,HYD,Air India,2026-09-10,6213.0,5917.14,295.86,INR,2026-08-26 14:45:01,Google Flights
BOM,HYD,Air India,2026-09-10,6213.0,5917.14,295.86,INR,2026-08-26 14:45:01,Google Flights
BOM,HYD,IndiGo,2026-09-10,6275.0,5976.19,298.81,INR,2026-08-26 14:45:01,Google Flights
BOM,HYD,IndiGo,2026-09-25,5645.0,5376.19,268.81,INR,2026-08-26 14:45:04,Google Flights
BOM,HYD,IndiGo,2026-09-25,5645.0,5376.19,268.81,INR,2026-08-26 14:45:04,Google Flights
BOM,HYD,IndiGo,2026-09-25,5645.0,5376.19,268.81,INR,2026-08-26 14:45:04,Google Flights
BOM,HYD,IndiGo,2026-09-25,5645.0,5376.19,268.81,INR,2026-08-26 14:45:04,Google Flights
BOM,HYD,IndiGo,2026-09-25,5960.0,5676.19,283.81,INR,2026-08-26 14:45:04,Google Flights
BOM,HYD,IndiGo,2026-09-25,5960.0,5676.19,283.81,INR,2026-08-26 14:45:04,Google Flights
BOM,HYD,Air India,2026-09-25,6039.0,5751.43,287.57,INR,2026-08-26 14:45:04,Google Flights
BOM,HYD,Air India,2026-09-25,6113.0,5821.9,291.1,INR,2026-08-26 14:45:04,Google Flights
BOM,HYD,Air India,2026-09-25,6134.0,5841.9,292.1,INR,2026-08-26 14:45:04,Google Flights
BOM,HYD,Air India,2026-09-25,6213.0,5917.14,295.86,INR,2026-08-26 14:45:04,Google Flights
BOM,HYD,Air India,2026-09-25,6213.0,5917.14,295.86,INR,2026-08-26 14:45:04,Google Flights
BOM,HYD,IndiGo,2026-09-25,6275.0,5976.19,298.81,INR,2026-08-26 14:45:04,Google Flights
BOM,HYD,Air India,2026-09-25,6365.0,6061.9,303.1,INR,2026-08-26 14:45:04,Google Flights
BOM,HYD,IndiGo,2026-09-25,6695.0,6376.19,318.81,INR,2026-08-26 14:45:04,Google Flights
BOM,HYD,Kuwait Airways,2026-09-25,22974.0,21880.0,1094.0,INR,2026-08-26 14:45:04,Google Flights
BOM,HYD,Etihad,2026-09-25,31980.0,30457.14,1522.86,INR,2026-08-26 14:45:04,Google Flights
DEL,MAA,IndiGo,2026-08-27,8884.0,8460.95,423.05,INR,2026-08-26 14:45:07,Google Flights
DEL,MAA,IndiGo,2026-08-27,8884.0,8460.95,423.05,INR,2026-08-26 14:45:07,Google Flights
DEL,MAA,IndiGo,2026-08-27,8884.0,8460.95,423.05,INR,2026-08-26 14:45:07,Google Flights
DEL,MAA,IndiGo,2026-08-27,8884.0,8460.95,423.05,INR,2026-08-26 14:45:07,Google Flights
DEL,MAA,Air India,2026-08-27,9512.0,9059.05,452.95,INR,2026-08-26 14:45:07,Google Flights
DEL,MAA,Air India,2026-08-27,9512.0,9059.05,452.95,INR,2026-08-26 14:45:07,Google Flights
DEL,MAA,Air India,2026-08-27,9512.0,9059.05,452.95,INR,2026-08-26 14:45:07,Google Flights
DEL,MAA,Air India,2026-08-27,9512.0,9059.05,452.95,INR,2026-08-26 14:45:07,Google Flights
DEL,MAA,IndiGo,2026-08-27,9626.0,9167.62,458.38,INR,2026-08-26 14:45:07,Google Flights
DEL,MAA,IndiGo,2026-08-27,9626.0,9167.62,458.38,INR,2026-08-26 14:45:07,Google Flights
DEL,MAA,IndiGo,2026-08-27,9626.0,9167.62,458.38,INR,2026-08-26 14:45:07,Google Flights
DEL,MAA,IndiGo,2026-08-27,9626.0,9167.62,458.38,INR,2026-08-26 14:45:07,Google Flights
DEL,MAA,IndiGo,2026-08-27,9626.0,9167.62,458.38,INR,2026-08-26 14:45:07,Google Flights
DEL,MAA,IndiGo,2026-08-27,9626.0,9167.62,458.38,INR,2026-08-26 14:45:07,Google Flights
DEL,MAA,IndiGo,2026-08-27,9626.0,9167.62,458.38,INR,2026-08-26 14:45:07,Google Flights
DEL,MAA,Air India,2026-08-27,9785.0,9319.05,465.95,INR,2026-08-26 14:45:07,Google Flights
DEL,MAA,IndiGo,2026-08-27,11100.0,10571.43,528.57,INR,2026-08-26 14:45:07,Google Flights
DEL,MAA,Air India,2026-08-27,11260.0,10723.81,536.19,INR,2026-08-26 14:45:07,Google Flights
DEL,MAA,Air India,2026-08-27,11260.0,10723.81,536.19,INR,2026-08-26 14:45:07,Google Flights
DEL,MAA,Air India,2026-08-27,12993.0,12374.29,618.71,INR,2026-08-26 14:45:07,Google Flights
DEL,MAA,SriLankan,2026-08-27,25975.0,24738.1,1236.9,INR,2026-08-26 14:45:07,Google Flights
DEL,MAA,Emirates,2026-08-27,73067.0,69587.62,3479.38,INR,2026-08-26 14:45:07,Google Flights
DEL,MAA,IndiGo,2026-09-02,8215.0,7823.81,391.19,INR,2026-08-26 14:45:09,Google Flights
DEL,MAA,IndiGo,2026-09-02,8215.0,7823.81,391.19,INR,2026-08-26 14:45:09,Google Flights
DEL,MAA,IndiGo,2026-09-02,8346.0,7948.57,397.43,INR,2026-08-26 14:45:09,Google Flights
DEL,MAA,IndiGo,2026-09-02,8346.0,7948.57,397.43,INR,2026-08-26 14:45:09,Google Flights
DEL,MAA,IndiGo,2026-09-02,8346.0,7948.57,397.43,INR,2026-08-26 14:45:09,Google Flights
DEL,MAA,IndiGo,2026-09-02,8346.0,7948.57,397.43,INR,2026-08-26 14:45:09,Google Flights
DEL,MAA,Air India Express,2026-09-02,9347.0,8901.9,445.1,INR,2026-08-26 14:45:09,Google Flights
DEL,MAA,IndiGo,2026-09-02,9626.0,9167.62,458.38,INR,2026-08-26 14:45:09,Google Flights
DEL,MAA,IndiGo,2026-09-02,9626.0,9167.62,458.38,INR,2026-08-26 14:45:09,Google Flights
DEL,MAA,IndiGo,2026-09-02,9626.0,9167.62,458.38,INR,2026-08-26 14:45:09,Google Flights
DEL,MAA,IndiGo,2026-09-02,9626.0,9167.62,458.38,INR,2026-08-26 14:45:09,Google Flights
DEL,MAA,Air India,2026-09-02,9785.0,9319.05,465.95,INR,2026-08-26 14:45:09,Google Flights
DEL,MAA,Air India,2026-09-02,9785.0,9319.05,465.95,INR,2026-08-26 14:45:09,Google Flights
DEL,MAA,Air India,2026-09-02,9785.0,9319.05,465.95,INR,2026-08-26 14:45:09,Google Flights
DEL,MAA,IndiGo,2026-09-02,9901.0,9429.52,471.48,INR,2026-08-26 14:45:09,Google Flights
DEL,MAA,IndiGo,2026-09-02,9901.0,9429.52,471.48,INR,2026-08-26 14:45:09,Google Flights
DEL,MAA,Air India,2026-09-02,10058.0,9579.05,478.95,INR,2026-08-26 14:45:09,Google Flights
DEL,MAA,IndiGo,2026-09-02,10582.0,10078.1,503.9,INR,2026-08-26 14:45:09,Google Flights
DEL,MAA,Air India,2026-09-02,10740.0,10228.57,511.43,INR,2026-08-26 14:45:09,Google Flights
DEL,MAA,Air India,2026-09-02,11260.0,10723.81,536.19,INR,2026-08-26 14:45:09,Google Flights
DEL,MAA,IndiGo,2026-09-02,11647.0,11092.38,554.62,INR,2026-08-26 14:45:09,Google Flights
DEL,MAA,THAI,2026-09-02,32309.0,30770.48,1538.52,INR,2026-08-26 14:45:09,Google Flights
DEL,MAA,Emirates,2026-09-02,75598.0,71998.1,3599.9,INR,2026-08-26 14:45:09,Google Flights
DEL,MAA,IndiGo,2026-09-10,8215.0,7823.81,391.19,INR,2026-08-26 14:45:12,Google Flights
DEL,MAA,IndiGo,2026-09-10,8215.0,7823.81,391.19,INR,2026-08-26 14:45:12,Google Flights
DEL,MAA,IndiGo,2026-09-10,8215.0,7823.81,391.19,INR,2026-08-26 14:45:12,Google Flights
DEL,MAA,IndiGo,2026-09-10,8215.0,7823.81,391.19,INR,2026-08-26 14:45:12,Google Flights
DEL,MAA,IndiGo,2026-09-10,8346.0,7948.57,397.43,INR,2026-08-26 14:45:12,Google Flights
DEL,MAA,IndiGo,2026-09-10,9626.0,9167.62,458.38,INR,2026-08-26 14:45:12,Google Flights
DEL,MAA,IndiGo,2026-09-10,9626.0,9167.62,458.38,INR,2026-08-26 14:45:12,Google Flights
DEL,MAA,IndiGo,2026-09-10,9626.0,9167.62,458.38,INR,2026-08-26 14:45:12,Google Flights
DEL,MAA,IndiGo,2026-09-10,9626.0,9167.62,458.38,INR,2026-08-26 14:45:12,Google Flights
DEL,MAA,IndiGo,2026-09-10,9626.0,9167.62,458.38,INR,2026-08-26 14:45:12,Google Flights
DEL,MAA,IndiGo,2026-09-10,9626.0,9167.62,458.38,INR,2026-08-26 14:45:12,Google Flights
DEL,MAA,Air India,2026-09-10,9785.0,9319.05,465.95,INR,2026-08-26 14:45:12,Google Flights
DEL,MAA,Air India,2026-09-10,9785.0,9319.05,465.95,INR,2026-08-26 14:45:12,Google Flights
DEL,MAA,Air India,2026-09-10,9785.0,9319.05,465.95,INR,2026-08-26 14:45:12,Google Flights
DEL,MAA,Air India,2026-09-10,9785.0,9319.05,465.95,INR,2026-08-26 14:45:12,Google Flights
DEL,MAA,IndiGo,2026-09-10,9901.0,9429.52,471.48,INR,2026-08-26 14:45:12,Google Flights
DEL,MAA,IndiGo,2026-09-10,9901.0,9429.52,471.48,INR,2026-08-26 14:45:12,Google Flights
DEL,MAA,Air India,2026-09-10,10740.0,10228.57,511.43,INR,2026-08-26 14:45:12,Google Flights
DEL,MAA,Air India,2026-09-10,11260.0,10723.81,536.19,INR,2026-08-26 14:45:12,Google Flights
DEL,MAA,THAI,2026-09-10,36026.0,34310.48,1715.52,INR,2026-08-26 14:45:12,Google Flights
DEL,MAA,Emirates,2026-09-10,72091.0,68658.1,3432.9,INR,2026-08-26 14:45:12,Google Flights
DEL,MAA,IndiGo,2026-09-25,8805.0,8385.71,419.29,INR,2026-08-26 14:45:15,Google Flights
DEL,MAA,IndiGo,2026-09-25,8805.0,8385.71,419.29,INR,2026-08-26 14:45:15,Google Flights
DEL,MAA,IndiGo,2026-09-25,8805.0,8385.71,419.29,INR,2026-08-26 14:45:15,Google Flights
DEL,MAA,IndiGo,2026-09-25,8884.0,8460.95,423.05,INR,2026-08-26 14:45:15,Google Flights
DEL,MAA,IndiGo,2026-09-25,8884.0,8460.95,423.05,INR,2026-08-26 14:45:15,Google Flights
DEL,MAA,IndiGo,2026-09-25,8884.0,8460.95,423.05,INR,2026-08-26 14:45:15,Google Flights
DEL,MAA,Air India,2026-09-25,9785.0,9319.05,465.95,INR,2026-08-26 14:45:15,Google Flights
DEL,MAA,IndiGo,2026-09-25,9901.0,9429.52,471.48,INR,2026-08-26 14:45:15,Google Flights
DEL,MAA,IndiGo,2026-09-25,9901.0,9429.52,471.48,INR,2026-08-26 14:45:15,Google Flights
DEL,MAA,IndiGo,2026-09-25,9901.0,9429.52,471.48,INR,2026-08-26 14:45:15,Google Flights
DEL,MAA,IndiGo,2026-09-25,9901.0,9429.52,471.48,INR,2026-08-26 14:45:15,Google Flights
DEL,MAA,Air India,2026-09-25,10058.0,9579.05,478.95,INR,2026-08-26 14:45:15,Google Flights
DEL,MAA,Air India,2026-09-25,10058.0,9579.05,478.95,INR,2026-08-26 14:45:15,Google Flights
DEL,MAA,IndiGo,2026-09-25,10582.0,10078.1,503.9,INR,2026-08-26 14:45:15,Google Flights
DEL,MAA,IndiGo,2026-09-25,10582.0,10078.1,503.9,INR,2026-08-26 14:45:15,Google Flights
DEL,MAA,IndiGo,2026-09-25,10582.0,10078.1,503.9,INR,2026-08-26 14:45:15,Google Flights
DEL,MAA,Air India,2026-09-25,10740.0,10228.57,511.43,INR,2026-08-26 14:45:15,Google Flights
DEL,MAA,Air India,2026-09-25,11260.0,10723.81,536.19,INR,2026-08-26 14:45:15,Google Flights
DEL,MAA,IndiGo,2026-09-25,12225.0,11642.86,582.14,INR,2026-08-26 14:45:15,Google Flights
DEL,MAA,Air India,2026-09-25,12993.0,12374.29,618.71,INR,2026-08-26 14:45:15,Google Flights
DEL,MAA,Oman Air,2026-09-25,23500.0,22380.95,1119.05,INR,2026-08-26 14:45:15,Google Flights
DEL,MAA,Emirates,2026-09-25,37751.0,35953.33,1797.67,INR,2026-08-26 14:45:15,Google Flights
MAA,DEL,Air India,2026-08-27,10398.0,9902.86,495.14,INR,2026-08-26 14:45:17,Google Flights
MAA,DEL,IndiGo,2026-08-27,10734.0,10222.86,511.14,INR,2026-08-26 14:45:17,Google Flights
MAA,DEL,Air India,2026-08-27,10892.0,10373.33,518.67,INR,2026-08-26 14:45:17,Google Flights
MAA,DEL,IndiGo,2026-08-27,11256.0,10720.0,536.0,INR,2026-08-26 14:45:17,Google Flights
MAA,DEL,IndiGo,2026-08-27,11256.0,10720.0,536.0,INR,2026-08-26 14:45:17,Google Flights
MAA,DEL,Air India,2026-08-27,11963.0,11393.33,569.67,INR,2026-08-26 14:45:17,Google Flights
MAA,DEL,IndiGo,2026-08-27,12391.0,11800.95,590.05,INR,2026-08-26 14:45:17,Google Flights
MAA,DEL,Air India,2026-08-27,12551.0,11953.33,597.67,INR,2026-08-26 14:45:17,Google Flights
MAA,DEL,Air India,2026-08-27,13391.0,12753.33,637.67,INR,2026-08-26 14:45:17,Google Flights
MAA,DEL,Air India,2026-08-27,13391.0,12753.33,637.67,INR,2026-08-26 14:45:17,Google Flights
MAA,DEL,IndiGo,2026-08-27,14348.0,13664.76,683.24,INR,2026-08-26 14:45:17,Google Flights
MAA,DEL,Air India,2026-08-27,16640.0,15847.62,792.38,INR,2026-08-26 14:45:17,Google Flights
MAA,DEL,IndiGo,2026-08-27,17522.0,16687.62,834.38,INR,2026-08-26 14:45:17,Google Flights
MAA,DEL,IndiGo,2026-08-27,20413.0,19440.95,972.05,INR,2026-08-26 14:45:17,Google Flights
MAA,DEL,Air India,2026-08-27,20636.0,19653.33,982.67,INR,2026-08-26 14:45:17,Google Flights
MAA,DEL,IndiGo,2026-08-27,22626.0,21548.57,1077.43,INR,2026-08-26 14:45:17,Google Flights
MAA,DEL,THAI,2026-08-27,36120.0,34400.0,1720.0,INR,2026-08-26 14:45:17,Google Flights
MAA,DEL,SriLankan,2026-08-27,74323.0,70783.81,3539.19,INR,2026-08-26 14:45:17,Google Flights
MAA,DEL,IndiGo,2026-09-02,9687.0,9225.71,461.29,INR,2026-08-26 14:45:20,Google Flights
MAA,DEL,IndiGo,2026-09-02,9774.0,9308.57,465.43,INR,2026-08-26 14:45:20,Google Flights
MAA,DEL,IndiGo,2026-09-02,9774.0,9308.57,465.43,INR,2026-08-26 14:45:20,Google Flights
MAA,DEL,IndiGo,2026-09-02,10240.0,9752.38,487.62,INR,2026-08-26 14:45:20,Google Flights
MAA,DEL,Air India,2026-09-02,10398.0,9902.86,495.14,INR,2026-08-26 14:45:20,Google Flights
MAA,DEL,IndiGo,2026-09-02,10734.0,10222.86,511.14,INR,2026-08-26 14:45:20,Google Flights
MAA,DEL,IndiGo,2026-09-02,11256.0,10720.0,536.0,INR,2026-08-26 14:45:20,Google Flights
MAA,DEL,Air India,2026-09-02,11411.0,10867.62,543.38,INR,2026-08-26 14:45:20,Google Flights
MAA,DEL,IndiGo,2026-09-02,12391.0,11800.95,590.05,INR,2026-08-26 14:45:20,Google Flights
MAA,DEL,IndiGo,2026-09-02,12391.0,11800.95,590.05,INR,2026-08-26 14:45:20,Google Flights
MAA,DEL,IndiGo,2026-09-02,12391.0,11800.95,590.05,INR,2026-08-26 14:45:20,Google Flights
MAA,DEL,Air India,2026-09-02,13391.0,12753.33,637.67,INR,2026-08-26 14:45:20,Google Flights
MAA,DEL,Air India,2026-09-02,13737.0,13082.86,654.14,INR,2026-08-26 14:45:20,Google Flights
MAA,DEL,Air India,2026-09-02,14567.0,13873.33,693.67,INR,2026-08-26 14:45:20,Google Flights
MAA,DEL,Air India,2026-09-02,14567.0,13873.33,693.67,INR,2026-08-26 14:45:20,Google Flights
MAA,DEL,THAI,2026-09-02,43612.0,41535.24,2076.76,INR,2026-08-26 14:45:20,Google Flights
MAA,DEL,SriLankan,2026-09-02,73123.0,69640.95,3482.05,INR,2026-08-26 14:45:20,Google Flights
MAA,DEL,IndiGo,2026-09-10,8982.0,8554.29,427.71,INR,2026-08-26 14:45:23,Google Flights
MAA,DEL,IndiGo,2026-09-10,8982.0,8554.29,427.71,INR,2026-08-26 14:45:23,Google Flights
MAA,DEL,IndiGo,2026-09-10,8982.0,8554.29,427.71,INR,2026-08-26 14:45:23,Google Flights
MAA,DEL,IndiGo,2026-09-10,8982.0,8554.29,427.71,INR,2026-08-26 14:45:23,Google Flights
MAA,DEL,Air India Express,2026-09-10,9021.0,8591.43,429.57,INR,2026-08-26 14:45:23,Google Flights
MAA,DEL,IndiGo,2026-09-10,9061.0,8629.52,431.48,INR,2026-08-26 14:45:23,Google Flights
MAA,DEL,IndiGo,2026-09-10,9774.0,9308.57,465.43,INR,2026-08-26 14:45:23,Google Flights
MAA,DEL,IndiGo,2026-09-10,9774.0,9308.57,465.43,INR,2026-08-26 14:45:23,Google Flights
MAA,DEL,IndiGo,2026-09-10,9774.0,9308.57,465.43,INR,2026-08-26 14:45:23,Google Flights
MAA,DEL,IndiGo,2026-09-10,9774.0,9308.57,465.43,INR,2026-08-26 14:45:23,Google Flights
MAA,DEL,IndiGo,2026-09-10,9774.0,9308.57,465.43,INR,2026-08-26 14:45:23,Google Flights
MAA,DEL,IndiGo,2026-09-10,9774.0,9308.57,465.43,INR,2026-08-26 14:45:23,Google Flights
MAA,DEL,Air India,2026-09-10,9931.0,9458.1,472.9,INR,2026-08-26 14:45:23,Google Flights
MAA,DEL,Air India,2026-09-10,9931.0,9458.1,472.9,INR,2026-08-26 14:45:23,Google Flights
MAA,DEL,Air India,2026-09-10,9931.0,9458.1,472.9,INR,2026-08-26 14:45:23,Google Flights
MAA,DEL,IndiGo,2026-09-10,10240.0,9752.38,487.62,INR,2026-08-26 14:45:23,Google Flights
MAA,DEL,IndiGo,2026-09-10,10734.0,10222.86,511.14,INR,2026-08-26 14:45:23,Google Flights
MAA,DEL,Air India,2026-09-10,10892.0,10373.33,518.67,INR,2026-08-26 14:45:23,Google Flights
MAA,DEL,Air India,2026-09-10,10892.0,10373.33,518.67,INR,2026-08-26 14:45:23,Google Flights
MAA,DEL,Air India,2026-09-10,14567.0,13873.33,693.67,INR,2026-08-26 14:45:23,Google Flights
MAA,DEL,IndiGo,2026-09-25,9774.0,9308.57,465.43,INR,2026-08-26 14:45:25,Google Flights
MAA,DEL,IndiGo,2026-09-25,10240.0,9752.38,487.62,INR,2026-08-26 14:45:25,Google Flights
MAA,DEL,IndiGo,2026-09-25,10240.0,9752.38,487.62,INR,2026-08-26 14:45:25,Google Flights
MAA,DEL,IndiGo,2026-09-25,10734.0,10222.86,511.14,INR,2026-08-26 14:45:25,Google Flights
MAA,DEL,IndiGo,2026-09-25,10734.0,10222.86,511.14,INR,2026-08-26 14:45:25,Google Flights
MAA,DEL,Air India,2026-09-25,10892.0,10373.33,518.67,INR,2026-08-26 14:45:25,Google Flights
MAA,DEL,Air India,2026-09-25,10892.0,10373.33,518.67,INR,2026-08-26 14:45:25,Google Flights
MAA,DEL,IndiGo,2026-09-25,11256.0,10720.0,536.0,INR,2026-08-26 14:45:25,Google Flights
MAA,DEL,IndiGo,2026-09-25,11256.0,10720.0,536.0,INR,2026-08-26 14:45:25,Google Flights
MAA,DEL,IndiGo,2026-09-25,11256.0,10720.0,536.0,INR,2026-08-26 14:45:25,Google Flights
MAA,DEL,Air India,2026-09-25,11894.0,11327.62,566.38,INR,2026-08-26 14:45:25,Google Flights
MAA,DEL,Air India,2026-09-25,13086.0,12462.86,623.14,INR,2026-08-26 14:45:25,Google Flights
MAA,DEL,Air India,2026-09-25,16640.0,15847.62,792.38,INR,2026-08-26 14:45:25,Google Flights
MAA,DEL,Air India,2026-09-25,17087.0,16273.33,813.67,INR,2026-08-26 14:45:25,Google Flights
MAA,DEL,SriLankan,2026-09-25,30813.0,29345.71,1467.29,INR,2026-08-26 14:45:25,Google Flights
DEL,GOI,Air India,2026-08-27,7391.0,7039.05,351.95,INR,2026-08-26 14:45:28,Google Flights
DEL,GOI,Air India Express,2026-08-27,7408.0,7055.24,352.76,INR,2026-08-26 14:45:28,Google Flights
DEL,GOI,IndiGo,2026-08-27,7423.0,7069.52,353.48,INR,2026-08-26 14:45:28,Google Flights
DEL,GOI,IndiGo,2026-08-27,7528.0,7169.52,358.48,INR,2026-08-26 14:45:28,Google Flights
DEL,GOI,IndiGo,2026-09-02,7591.0,7229.52,361.48,INR,2026-08-26 14:45:30,Google Flights
DEL,GOI,IndiGo,2026-09-02,7591.0,7229.52,361.48,INR,2026-08-26 14:45:30,Google Flights
DEL,GOI,IndiGo,2026-09-02,8891.0,8467.62,423.38,INR,2026-08-26 14:45:30,Google Flights
DEL,GOI,IndiGo,2026-09-02,10048.0,9569.52,478.48,INR,2026-08-26 14:45:30,Google Flights
DEL,GOI,Air India,2026-09-02,10704.0,10194.29,509.71,INR,2026-08-26 14:45:30,Google Flights
DEL,GOI,IndiGo,2026-09-02,12673.0,12069.52,603.48,INR,2026-08-26 14:45:30,Google Flights
DEL,GOI,Air India,2026-09-02,12977.0,12359.05,617.95,INR,2026-08-26 14:45:30,Google Flights
DEL,GOI,IndiGo,2026-09-10,9560.0,9104.76,455.24,INR,2026-08-26 14:45:33,Google Flights
DEL,GOI,IndiGo,2026-09-10,9639.0,9180.0,459.0,INR,2026-08-26 14:45:33,Google Flights
DEL,GOI,IndiGo,2026-09-10,10461.0,9962.86,498.14,INR,2026-08-26 14:45:33,Google Flights
DEL,GOI,IndiGo,2026-09-10,12778.0,12169.52,608.48,INR,2026-08-26 14:45:33,Google Flights
DEL,GOI,Air India,2026-09-10,12867.0,12254.29,612.71,INR,2026-08-26 14:45:33,Google Flights
DEL,GOI,IndiGo,2026-09-10,13723.0,13069.52,653.48,INR,2026-08-26 14:45:33,Google Flights
DEL,GOI,Air India Express,2026-09-10,15919.0,15160.95,758.05,INR,2026-08-26 14:45:33,Google Flights
DEL,GOI,Air India,2026-09-10,17534.0,16699.05,834.95,INR,2026-08-26 14:45:33,Google Flights
DEL,GOI,IndiGo,2026-09-25,11975.0,11404.76,570.24,INR,2026-08-26 14:45:35,Google Flights
DEL,GOI,Air India Express,2026-09-25,12868.0,12255.24,612.76,INR,2026-08-26 14:45:35,Google Flights
DEL,GOI,Air India,2026-09-25,15061.0,14343.81,717.19,INR,2026-08-26 14:45:35,Google Flights
DEL,GOI,IndiGo,2026-09-25,15193.0,14469.52,723.48,INR,2026-08-26 14:45:35,Google Flights
DEL,GOI,IndiGo,2026-09-25,21178.0,20169.52,1008.48,INR,2026-08-26 14:45:35,Google Flights
BOM,GOI,IndiGo,2026-08-27,5021.0,4781.9,239.1,INR,2026-08-26 14:45:38,Google Flights
BOM,GOI,Air India,2026-08-27,5346.0,5091.43,254.57,INR,2026-08-26 14:45:38,Google Flights
BOM,GOI,IndiGo,2026-08-27,5667.0,5397.14,269.86,INR,2026-08-26 14:45:38,Google Flights
BOM,GOI,Air India,2026-08-27,5856.0,5577.14,278.86,INR,2026-08-26 14:45:38,Google Flights
BOM,GOI,Air India Express,2026-08-27,5862.0,5582.86,279.14,INR,2026-08-26 14:45:38,Google Flights
BOM,GOI,IndiGo,2026-08-27,5877.0,5597.14,279.86,INR,2026-08-26 14:45:38,Google Flights
BOM,GOI,IndiGo,2026-08-27,5877.0,5597.14,279.86,INR,2026-08-26 14:45:38,Google Flights
BOM,GOI,Air India,2026-08-27,6465.0,6157.14,307.86,INR,2026-08-26 14:45:38,Google Flights
BOM,GOI,IndiGo,2026-08-27,7032.0,6697.14,334.86,INR,2026-08-26 14:45:38,Google Flights
BOM,GOI,IndiGo,2026-09-02,6426.0,6120.0,306.0,INR,2026-08-26 14:45:40,Google Flights
BOM,GOI,IndiGo,2026-09-02,6932.0,6601.9,330.1,INR,2026-08-26 14:45:40,Google Flights
BOM,GOI,Air India,2026-09-02,7924.0,7546.67,377.33,INR,2026-08-26 14:45:40,Google Flights
BOM,GOI,IndiGo,2026-09-02,8607.0,8197.14,409.86,INR,2026-08-26 14:45:40,Google Flights
BOM,GOI,IndiGo,2026-09-02,10497.0,9997.14,499.86,INR,2026-08-26 14:45:40,Google Flights
BOM,GOI,IndiGo,2026-09-02,10497.0,9997.14,499.86,INR,2026-08-26 14:45:40,Google Flights
BOM,GOI,IndiGo,2026-09-02,16797.0,15997.14,799.86,INR,2026-08-26 14:45:40,Google Flights
BOM,GOI,Air India Express,2026-09-02,17099.0,16284.76,814.24,INR,2026-08-26 14:45:40,Google Flights
BOM,GOI,Air India,2026-09-02,24833.0,23650.48,1182.52,INR,2026-08-26 14:45:40,Google Flights
BOM,GOI,IndiGo,2026-09-10,5168.0,4921.9,246.1,INR,2026-08-26 14:45:43,Google Flights
BOM,GOI,IndiGo,2026-09-10,8922.0,8497.14,424.86,INR,2026-08-26 14:45:43,Google Flights
BOM,GOI,IndiGo,2026-09-10,8922.0,8497.14,424.86,INR,2026-08-26 14:45:43,Google Flights
BOM,GOI,IndiGo,2026-09-10,12702.0,12097.14,604.86,INR,2026-08-26 14:45:43,Google Flights
BOM,GOI,Air India,2026-09-10,13069.0,12446.67,622.33,INR,2026-08-26 14:45:43,Google Flights
BOM,GOI,Air India Express,2026-09-10,14658.0,13960.0,698.0,INR,2026-08-26 14:45:43,Google Flights
BOM,GOI,IndiGo,2026-09-10,16797.0,15997.14,799.86,INR,2026-08-26 14:45:43,Google Flights
BOM,GOI,IndiGo,2026-09-25,5021.0,4781.9,239.1,INR,2026-08-26 14:45:45,Google Flights
BOM,GOI,IndiGo,2026-09-25,5371.0,5115.24,255.76,INR,2026-08-26 14:45:45,Google Flights
BOM,GOI,IndiGo,2026-09-25,9657.0,9197.14,459.86,INR,2026-08-26 14:45:45,Google Flights
BOM,GOI,IndiGo,2026-09-25,10287.0,9797.14,489.86,INR,2026-08-26 14:45:45,Google Flights
BOM,GOI,Air India,2026-09-25,10754.0,10241.9,512.1,INR,2026-08-26 14:45:45,Google Flights
BOM,GOI,Air India Express,2026-09-25,10799.0,10284.76,514.24,INR,2026-08-26 14:45:45,Google Flights
BOM,GOI,IndiGo,2026-09-25,12807.0,12197.14,609.86,INR,2026-08-26 14:45:45,Google Flights
BOM,GOI,Air India,2026-09-25,13069.0,12446.67,622.33,INR,2026-08-26 14:45:45,Google Flights
BOM,GOI,IndiGo,2026-09-25,15012.0,14297.14,714.86,INR,2026-08-26 14:45:45,Google Flights
BOM,GOI,Air India Express,2026-09-25,17099.0,16284.76,814.24,INR,2026-08-26 14:45:45,Google Flights
