Origin,Destination,Airline name,Flight_code,Stops,Travel_date,Departure_time,Arrival_time,Duration,Fare,Base price,GST,Currency,Seats_left,Scraped_at time,Source
Bengaluru,Mumbai,Air India Express,IX-5986,Nonstop,2026-09-30,02:45,04:35,01h 50m,4333.0,4126.67,206.33,INR,9 Seats Left,2026-08-31 15:47:06,EaseMyTrip
Bengaluru,Mumbai,Air India Express,IX-5986,Nonstop,2026-09-15,02:45,04:35,01h 50m,4333.0,4126.67,206.33,INR,9 Seats Left,2026-08-31 15:46:54,EaseMyTrip
Bengaluru,Mumbai,IndiGo,6E-5205,Nonstop,2026-09-30,03:45,05:30,01h 45m,4564.0,4346.67,217.33,INR,,2026-08-31 15:47:06,EaseMyTrip
Bengaluru,Mumbai,AkasaAir,QP-1130,Nonstop,2026-09-30,11:20,13:10,01h 50m,4564.0,4346.67,217.33,INR,9 Seats Left,2026-08-31 15:47:06,EaseMyTrip
Bengaluru,Mumbai,AkasaAir,QP-1150,Nonstop,2026-09-30,16:05,18:05,02h 00m,4564.0,4346.67,217.33,INR,9 Seats Left,2026-08-31 15:47:06,EaseMyTrip
Bengaluru,Mumbai,IndiGo,6E-5089,Nonstop,2026-09-30,05:30,07:15,01h 45m,4564.0,4346.67,217.33,INR,,2026-08-31 15:47:06,EaseMyTrip
Bengaluru,Mumbai,AkasaAir,QP-1381,Nonstop,2026-09-30,04:50,06:45,01h 55m,4564.0,4346.67,217.33,INR,9 Seats Left,2026-08-31 15:47:06,EaseMyTrip
Bengaluru,Mumbai,AkasaAir,QP-1134,Nonstop,2026-09-30,22:55,00:45,01h 50m,4564.0,4346.67,217.33,INR,8 Seats Left,2026-08-31 15:47:06,EaseMyTrip
Bengaluru,Mumbai,AkasaAir,QP-1515,Nonstop,2026-09-30,06:20,08:00,01h 40m,4564.0,4346.67,217.33,INR,9 Seats Left,2026-08-31 15:47:06,EaseMyTrip
Bengaluru,Mumbai,AkasaAir,QP-1528,Nonstop,2026-09-30,10:20,12:10,01h 50m,4564.0,4346.67,217.33,INR,9 Seats Left,2026-08-31 15:47:06,EaseMyTrip
Bengaluru,Mumbai,IndiGo,6E-5293,Nonstop,2026-09-30,01:00,02:50,01h 50m,4564.0,4346.67,217.33,INR,,2026-08-31 15:47:06,EaseMyTrip
Bengaluru,Mumbai,AkasaAir,QP-1517,Nonstop,2026-09-30,07:40,09:25,01h 45m,4564.0,4346.67,217.33,INR,9 Seats Left,2026-08-31 15:47:06,EaseMyTrip
Bengaluru,Mumbai,Air India Express,IX-5986,Nonstop,2026-09-07,02:45,04:35,01h 50m,4753.0,4526.67,226.33,INR,7 Seats Left,2026-08-31 15:46:41,EaseMyTrip
Bengaluru,Mumbai,AkasaAir,QP-1381,Nonstop,2026-09-15,04:50,06:45,01h 55m,4889.0,4656.19,232.81,INR,7 Seats Left,2026-08-31 15:46:54,EaseMyTrip
Bengaluru,Mumbai,Air India,AI-2858,Nonstop,2026-09-30,02:20,04:10,01h 50m,4930.0,4695.24,234.76,INR,9 Seats Left,2026-08-31 15:47:06,EaseMyTrip
Bengaluru,Navi Mumbai,Air India Express,IX-1360,Nonstop,2026-09-30,20:55,22:40,01h 45m,4984.0,4746.67,237.33,INR,9 Seats Left,2026-08-31 15:47:06,EaseMyTrip
Bengaluru,Mumbai,IndiGo,6E-5205,Nonstop,2026-09-15,03:45,05:30,01h 45m,4984.0,4746.67,237.33,INR,6 Seats Left,2026-08-31 15:46:54,EaseMyTrip
Bengaluru,Mumbai,IndiGo,6E-5089,Nonstop,2026-09-15,05:30,07:15,01h 45m,4984.0,4746.67,237.33,INR,3 Seats Left,2026-08-31 15:46:54,EaseMyTrip
Ahmedabad,New Delhi,IndiGo,6E-7261,1 Stop,2026-10-15,15:40,23:25,07h 45m,5123.0,4879.05,243.95,INR,,2026-08-31 15:51:38,EaseMyTrip
Bengaluru,Navi Mumbai,Air India Express,IX-1360,Nonstop,2026-09-15,20:55,22:40,01h 45m,5282.0,5030.48,251.52,INR,9 Seats Left,2026-08-31 15:46:54,EaseMyTrip
Bengaluru,Navi Mumbai,Air India Express,IX-1360,Nonstop,2026-09-07,20:55,22:40,01h 45m,5282.0,5030.48,251.52,INR,9 Seats Left,2026-08-31 15:46:41,EaseMyTrip
Ahmedabad,Noida,IndiGo,6E-7568,1 Stop,2026-10-15,16:55,21:25,04h 30m,5305.0,5052.38,252.62,INR,,2026-08-31 15:51:38,EaseMyTrip
Bengaluru,Mumbai,Air India,AI-2858,Nonstop,2026-09-15,02:20,04:10,01h 50m,5350.0,5095.24,254.76,INR,9 Seats Left,2026-08-31 15:46:54,EaseMyTrip
Bengaluru,Mumbai,Air India,AI-2858,Nonstop,2026-09-07,02:20,04:10,01h 50m,5350.0,5095.24,254.76,INR,9 Seats Left,2026-08-31 15:46:41,EaseMyTrip
Bengaluru,Mumbai,Air India,AI-2811,Nonstop,2026-09-15,23:40,01:45,02h 05m,5350.0,5095.24,254.76,INR,9 Seats Left,2026-08-31 15:46:54,EaseMyTrip
Bengaluru,Mumbai,Air India,AI-3306,Nonstop,2026-09-07,02:25,04:25,02h 00m,5350.0,5095.24,254.76,INR,9 Seats Left,2026-08-31 15:46:41,EaseMyTrip
Hyderbad,Mumbai,AllianceAir,9I-925,Nonstop,2026-10-15,00:55,03:10,02h 15m,5374.0,5118.1,255.9,INR,,2026-08-31 15:53:50,EaseMyTrip
Bengaluru,Mumbai,IndiGo,6E-5205,Nonstop,2026-09-07,03:45,05:30,01h 45m,5404.0,5146.67,257.33,INR,,2026-08-31 15:46:41,EaseMyTrip
Bengaluru,Mumbai,AkasaAir,QP-1383,Nonstop,2026-09-15,05:25,07:10,01h 45m,5433.0,5174.29,258.71,INR,7 Seats Left,2026-08-31 15:46:54,EaseMyTrip
Hyderbad,Mumbai,IndiGo,6E- 285,1 Stop,2026-10-15,20:00,00:05,04h 05m,5719.0,5446.67,272.33,INR,,2026-08-31 15:53:50,EaseMyTrip
Hyderbad,Mumbai,IndiGo,6E- 314,1 Stop,2026-10-15,16:30,20:40,04h 10m,5719.0,5446.67,272.33,INR,,2026-08-31 15:53:50,EaseMyTrip
Hyderbad,Mumbai,IndiGo,6E-6405,1 Stop,2026-10-15,14:30,19:05,04h 35m,5719.0,5446.67,272.33,INR,,2026-08-31 15:53:50,EaseMyTrip
Hyderbad,Mumbai,IndiGo,6E-6783,1 Stop,2026-10-15,18:45,00:05,05h 20m,5719.0,5446.67,272.33,INR,,2026-08-31 15:53:50,EaseMyTrip
Hyderbad,Mumbai,IndiGo,6E- 151,1 Stop,2026-10-15,07:40,12:05,04h 25m,5719.0,5446.67,272.33,INR,8 Seats Left,2026-08-31 15:53:50,EaseMyTrip
Hyderbad,Mumbai,IndiGo,6E- 949,1 Stop,2026-10-15,23:40,05:30,05h 50m,5719.0,5446.67,272.33,INR,,2026-08-31 15:53:50,EaseMyTrip
Hyderbad,Mumbai,IndiGo,6E- 413,1 Stop,2026-10-15,06:30,12:05,05h 35m,5719.0,5446.67,272.33,INR,,2026-08-31 15:53:50,EaseMyTrip
Hyderbad,Mumbai,IndiGo,6E-6505,1 Stop,2026-10-15,21:35,02:50,05h 15m,5719.0,5446.67,272.33,INR,,2026-08-31 15:53:50,EaseMyTrip
Hyderbad,Mumbai,IndiGo,6E-7452,1 Stop,2026-10-15,06:00,11:45,05h 45m,5719.0,5446.67,272.33,INR,,2026-08-31 15:53:50,EaseMyTrip
Hyderbad,Mumbai,IndiGo,6E- 216,1 Stop,2026-10-15,21:15,02:55,05h 40m,5719.0,5446.67,272.33,INR,6 Seats Left,2026-08-31 15:53:50,EaseMyTrip
Bengaluru,Mumbai,Air India Express,IX-1386,1 Stop,2026-09-15,13:05,19:50,06h 45m,5720.0,5447.62,272.38,INR,9 Seats Left,2026-08-31 15:46:54,EaseMyTrip
Ahmedabad,New Delhi,IndiGo,6E-5385,Nonstop,2026-09-15,00:05,02:00,01h 55m,5750.0,5476.19,273.81,INR,,2026-08-31 15:51:12,EaseMyTrip
Ahmedabad,New Delhi,IndiGo,6E-2179,Nonstop,2026-09-30,09:50,11:35,01h 45m,5750.0,5476.19,273.81,INR,,2026-08-31 15:51:24,EaseMyTrip
Ahmedabad,New Delhi,IndiGo,6E-5385,Nonstop,2026-10-15,00:05,02:00,01h 55m,5750.0,5476.19,273.81,INR,,2026-08-31 15:51:38,EaseMyTrip
Ahmedabad,New Delhi,IndiGo,6E-2209,Nonstop,2026-10-15,05:00,06:45,01h 45m,5750.0,5476.19,273.81,INR,,2026-08-31 15:51:38,EaseMyTrip
Ahmedabad,New Delhi,IndiGo,6E-5385,Nonstop,2026-09-07,00:05,02:00,01h 55m,5750.0,5476.19,273.81,INR,,2026-08-31 15:50:58,EaseMyTrip
Bengaluru,Mumbai,Air India,AI-2811,Nonstop,2026-09-07,23:40,01:45,02h 05m,5770.0,5495.24,274.76,INR,1 Seat Left,2026-08-31 15:46:41,EaseMyTrip
Hyderbad,Mumbai,IndiGo,6E-7248,1 Stop,2026-10-15,18:00,00:10,06h 10m,5850.0,5571.43,278.57,INR,9 Seats Left,2026-08-31 15:53:50,EaseMyTrip
Hyderbad,Mumbai,IndiGo,6E-7121,1 Stop,2026-10-15,12:25,19:35,07h 10m,5850.0,5571.43,278.57,INR,,2026-08-31 15:53:50,EaseMyTrip
Bengaluru,Mumbai,IndiGo,6E-5293,Nonstop,2026-09-07,01:00,02:50,01h 50m,5929.0,5646.67,282.33,INR,,2026-08-31 15:46:41,EaseMyTrip
Bengaluru,Mumbai,IndiGo,6E-5089,Nonstop,2026-09-07,05:30,07:15,01h 45m,5929.0,5646.67,282.33,INR,6 Seats Left,2026-08-31 15:46:41,EaseMyTrip
Ahmedabad,New Delhi,IndiGo,6E- 396,Nonstop,2026-09-01,13:50,15:40,01h 50m,5945.0,5661.9,283.1,INR,,2026-08-31 15:50:45,EaseMyTrip
Ahmedabad,New Delhi,IndiGo,6E-2340,Nonstop,2026-09-15,12:15,14:10,01h 55m,5945.0,5661.9,283.1,INR,,2026-08-31 15:51:12,EaseMyTrip
Ahmedabad,New Delhi,IndiGo,6E-2340,Nonstop,2026-09-07,12:15,14:10,01h 55m,5945.0,5661.9,283.1,INR,,2026-08-31 15:50:58,EaseMyTrip
Ahmedabad,New Delhi,IndiGo,6E- 396,Nonstop,2026-09-15,13:50,15:40,01h 50m,5945.0,5661.9,283.1,INR,,2026-08-31 15:51:12,EaseMyTrip
Ahmedabad,New Delhi,IndiGo,6E-2340,Nonstop,2026-10-15,12:15,14:10,01h 55m,5945.0,5661.9,283.1,INR,,2026-08-31 15:51:38,EaseMyTrip
Ahmedabad,New Delhi,IndiGo,6E-5385,Nonstop,2026-09-30,00:05,02:00,01h 55m,5945.0,5661.9,283.1,INR,2 Seats Left,2026-08-31 15:51:24,EaseMyTrip
Bengaluru,Mumbai,AkasaAir,QP-1381,Nonstop,2026-09-07,04:50,06:45,01h 55m,6056.0,5767.62,288.38,INR,9 Seats Left,2026-08-31 15:46:41,EaseMyTrip
Bengaluru,Navi Mumbai,AkasaAir,QP-2006,Nonstop,2026-10-15,15:00,16:50,01h 50m,6090.0,5800.0,290.0,INR,9 Seats Left,2026-08-31 15:47:18,EaseMyTrip
Bengaluru,Mumbai,IndiGo,6E-6554,1 Stop,2026-10-15,19:15,01:25,06h 10m,6090.0,5800.0,290.0,INR,,2026-08-31 15:47:18,EaseMyTrip
Ahmedabad,New Delhi,Air India,AI-2546,Nonstop,2026-09-07,23:00,00:45,01h 45m,6116.0,5824.76,291.24,INR,5 Seats Left,2026-08-31 15:50:58,EaseMyTrip
Ahmedabad,New Delhi,Air India,AI-424,Nonstop,2026-09-30,15:05,16:35,01h 30m,6116.0,5824.76,291.24,INR,9 Seats Left,2026-08-31 15:51:24,EaseMyTrip
Ahmedabad,New Delhi,Air India,AI-2716,Nonstop,2026-09-15,14:00,15:35,01h 35m,6116.0,5824.76,291.24,INR,9 Seats Left,2026-08-31 15:51:12,EaseMyTrip
Ahmedabad,New Delhi,Air India,AI-1121,Nonstop,2026-09-30,20:15,22:00,01h 45m,6116.0,5824.76,291.24,INR,9 Seats Left,2026-08-31 15:51:24,EaseMyTrip
Ahmedabad,New Delhi,Air India,AI-2938,Nonstop,2026-09-30,18:55,20:40,01h 45m,6116.0,5824.76,291.24,INR,4 Seats Left,2026-08-31 15:51:24,EaseMyTrip
Ahmedabad,New Delhi,Air India,AI-1121,Nonstop,2026-09-15,20:15,22:00,01h 45m,6116.0,5824.76,291.24,INR,4 Seats Left,2026-08-31 15:51:12,EaseMyTrip
Ahmedabad,New Delhi,IndiGo,6E-2263,Nonstop,2026-10-15,19:25,21:05,01h 40m,6155.0,5861.9,293.1,INR,,2026-08-31 15:51:38,EaseMyTrip
Ahmedabad,New Delhi,IndiGo,6E-2179,Nonstop,2026-10-15,09:50,11:35,01h 45m,6155.0,5861.9,293.1,INR,,2026-08-31 15:51:38,EaseMyTrip
Ahmedabad,New Delhi,IndiGo,6E-5072,Nonstop,2026-09-15,14:35,16:20,01h 45m,6155.0,5861.9,293.1,INR,,2026-08-31 15:51:12,EaseMyTrip
Ahmedabad,New Delhi,IndiGo,6E- 980,Nonstop,2026-09-15,17:05,18:50,01h 45m,6155.0,5861.9,293.1,INR,,2026-08-31 15:51:12,EaseMyTrip
Ahmedabad,New Delhi,IndiGo,6E- 980,Nonstop,2026-10-15,17:05,18:50,01h 45m,6155.0,5861.9,293.1,INR,,2026-08-31 15:51:38,EaseMyTrip
Ahmedabad,New Delhi,IndiGo,6E- 980,Nonstop,2026-09-07,17:05,18:50,01h 45m,6155.0,5861.9,293.1,INR,,2026-08-31 15:50:58,EaseMyTrip
Ahmedabad,New Delhi,IndiGo,6E- 932,Nonstop,2026-09-15,21:50,23:30,01h 40m,6155.0,5861.9,293.1,INR,,2026-08-31 15:51:12,EaseMyTrip
Ahmedabad,New Delhi,IndiGo,6E-5072,Nonstop,2026-09-07,14:35,16:20,01h 45m,6155.0,5861.9,293.1,INR,,2026-08-31 15:50:58,EaseMyTrip
Ahmedabad,New Delhi,IndiGo,6E-2209,Nonstop,2026-09-15,05:00,06:45,01h 45m,6155.0,5861.9,293.1,INR,,2026-08-31 15:51:12,EaseMyTrip
Ahmedabad,New Delhi,IndiGo,6E-2263,Nonstop,2026-09-07,19:25,21:05,01h 40m,6155.0,5861.9,293.1,INR,,2026-08-31 15:50:58,EaseMyTrip
Ahmedabad,New Delhi,IndiGo,6E- 932,Nonstop,2026-09-07,21:50,23:30,01h 40m,6155.0,5861.9,293.1,INR,,2026-08-31 15:50:58,EaseMyTrip
Ahmedabad,New Delhi,IndiGo,6E-2263,Nonstop,2026-09-15,19:25,21:05,01h 40m,6155.0,5861.9,293.1,INR,,2026-08-31 15:51:12,EaseMyTrip
Ahmedabad,New Delhi,IndiGo,6E-2263,Nonstop,2026-09-30,19:25,21:05,01h 40m,6155.0,5861.9,293.1,INR,,2026-08-31 15:51:24,EaseMyTrip
Ahmedabad,New Delhi,IndiGo,6E- 983,Nonstop,2026-10-15,07:30,09:15,01h 45m,6155.0,5861.9,293.1,INR,,2026-08-31 15:51:38,EaseMyTrip
Ahmedabad,New Delhi,IndiGo,6E-5072,Nonstop,2026-10-15,14:35,16:20,01h 45m,6155.0,5861.9,293.1,INR,,2026-08-31 15:51:38,EaseMyTrip
Ahmedabad,New Delhi,IndiGo,6E- 932,Nonstop,2026-10-15,21:50,23:30,01h 40m,6155.0,5861.9,293.1,INR,,2026-08-31 15:51:38,EaseMyTrip
Ahmedabad,New Delhi,IndiGo,6E- 980,Nonstop,2026-09-01,17:05,18:50,01h 45m,6155.0,5861.9,293.1,INR,,2026-08-31 15:50:45,EaseMyTrip
Ahmedabad,New Delhi,IndiGo,6E-2179,Nonstop,2026-09-15,09:50,11:35,01h 45m,6155.0,5861.9,293.1,INR,,2026-08-31 15:51:12,EaseMyTrip
Ahmedabad,New Delhi,IndiGo,6E- 932,Nonstop,2026-09-30,21:50,23:30,01h 40m,6155.0,5861.9,293.1,INR,,2026-08-31 15:51:24,EaseMyTrip
Ahmedabad,New Delhi,IndiGo,6E-5072,Nonstop,2026-09-01,14:35,16:20,01h 45m,6155.0,5861.9,293.1,INR,,2026-08-31 15:50:45,EaseMyTrip
Ahmedabad,New Delhi,IndiGo,6E-2209,Nonstop,2026-09-30,05:00,06:45,01h 45m,6155.0,5861.9,293.1,INR,,2026-08-31 15:51:24,EaseMyTrip
Ahmedabad,New Delhi,IndiGo,6E- 980,Nonstop,2026-09-30,17:05,18:50,01h 45m,6155.0,5861.9,293.1,INR,,2026-08-31 15:51:24,EaseMyTrip
Ahmedabad,New Delhi,IndiGo,6E- 983,Nonstop,2026-09-30,07:30,09:15,01h 45m,6155.0,5861.9,293.1,INR,,2026-08-31 15:51:24,EaseMyTrip
Ahmedabad,New Delhi,IndiGo,6E- 983,Nonstop,2026-09-15,07:30,09:15,01h 45m,6155.0,5861.9,293.1,INR,8 Seats Left,2026-08-31 15:51:12,EaseMyTrip
New Delhi,Mumbai,IndiGo,6E-5119,1 Stop,2026-10-15,05:10,09:35,04h 25m,6179.0,5884.76,294.24,INR,,2026-08-31 15:45:14,EaseMyTrip
New Delhi,Navi Mumbai,IndiGo,6E- 907,1 Stop,2026-10-15,10:00,20:50,10h 50m,6179.0,5884.76,294.24,INR,7 Seats Left,2026-08-31 15:45:14,EaseMyTrip
New Delhi,Navi Mumbai,IndiGo,6E-5119,1 Stop,2026-10-15,05:10,10:00,04h 50m,6179.0,5884.76,294.24,INR,,2026-08-31 15:45:14,EaseMyTrip
New Delhi,Mumbai,IndiGo,6E-6454,1 Stop,2026-10-15,13:50,18:10,04h 20m,6179.0,5884.76,294.24,INR,,2026-08-31 15:45:14,EaseMyTrip
New Delhi,Mumbai,IndiGo,6E-6171,1 Stop,2026-10-15,05:40,10:30,04h 50m,6179.0,5884.76,294.24,INR,,2026-08-31 15:45:14,EaseMyTrip
New Delhi,Navi Mumbai,IndiGo,6E-6190,1 Stop,2026-10-15,07:40,12:50,05h 10m,6179.0,5884.76,294.24,INR,,2026-08-31 15:45:14,EaseMyTrip
New Delhi,Mumbai,IndiGo,6E-2013,1 Stop,2026-10-15,21:50,02:55,05h 05m,6179.0,5884.76,294.24,INR,,2026-08-31 15:45:14,EaseMyTrip
New Delhi,Mumbai,IndiGo,6E-6983,1 Stop,2026-10-15,15:35,20:50,05h 15m,6179.0,5884.76,294.24,INR,,2026-08-31 15:45:14,EaseMyTrip
New Delhi,Navi Mumbai,IndiGo,6E-2341,1 Stop,2026-10-15,14:50,20:50,06h 00m,6179.0,5884.76,294.24,INR,7 Seats Left,2026-08-31 15:45:14,EaseMyTrip
New Delhi,Mumbai,IndiGo,6E-5014,1 Stop,2026-09-07,18:30,22:25,03h 55m,6179.0,5884.76,294.24,INR,,2026-08-31 15:44:37,EaseMyTrip
New Delhi,Navi Mumbai,IndiGo,6E-6261,1 Stop,2026-10-15,00:15,10:00,09h 45m,6179.0,5884.76,294.24,INR,,2026-08-31 15:45:14,EaseMyTrip
New Delhi,Navi Mumbai,IndiGo,6E-2331,1 Stop,2026-10-15,12:20,20:50,08h 30m,6179.0,5884.76,294.24,INR,7 Seats Left,2026-08-31 15:45:14,EaseMyTrip
New Delhi,Mumbai,IndiGo,6E- 931,1 Stop,2026-09-07,19:35,00:30,04h 55m,6179.0,5884.76,294.24,INR,,2026-08-31 15:44:37,EaseMyTrip
Bengaluru,Mumbai,AkasaAir,QP-1150,Nonstop,2026-09-15,16:05,18:05,02h 00m,6282.0,5982.86,299.14,INR,7 Seats Left,2026-08-31 15:46:54,EaseMyTrip
New Delhi,Pune,IndiGo,6E-5119,1 Stop,2026-10-15,05:10,15:10,10h 00m,6285.0,5985.71,299.29,INR,,2026-08-31 15:49:28,EaseMyTrip
New Delhi,Mumbai,SpiceJet,SG-9091,Nonstop,2026-09-30,05:30,07:50,02h 20m,6302.0,6001.9,300.1,INR,8 Seats Left,2026-08-31 15:45:03,EaseMyTrip
New Delhi,Navi Mumbai,IndiGo,6E-6490,1 Stop,2026-09-07,04:55,10:10,05h 15m,6310.0,6009.52,300.48,INR,,2026-08-31 15:44:37,EaseMyTrip
New Delhi,Navi Mumbai,IndiGo,6E-2249,1 Stop,2026-10-15,15:00,22:20,07h 20m,6310.0,6009.52,300.48,INR,,2026-08-31 15:45:14,EaseMyTrip
New Delhi,Mumbai,IndiGo,6E-6443,1 Stop,2026-09-07,09:00,13:45,04h 45m,6310.0,6009.52,300.48,INR,,2026-08-31 15:44:37,EaseMyTrip
New Delhi,Mumbai,IndiGo,6E-6829,1 Stop,2026-09-07,17:20,22:05,04h 45m,6310.0,6009.52,300.48,INR,5 Seats Left,2026-08-31 15:44:37,EaseMyTrip
New Delhi,Mumbai,IndiGo,6E-2169,1 Stop,2026-09-07,19:40,23:45,04h 05m,6310.0,6009.52,300.48,INR,6 Seats Left,2026-08-31 15:44:37,EaseMyTrip
New Delhi,Mumbai,IndiGo,6E-5138,1 Stop,2026-09-07,19:10,00:10,05h 00m,6310.0,6009.52,300.48,INR,,2026-08-31 15:44:37,EaseMyTrip
New Delhi,Mumbai,IndiGo,6E-6433,1 Stop,2026-09-07,16:30,22:20,05h 50m,6310.0,6009.52,300.48,INR,2 Seats Left,2026-08-31 15:44:37,EaseMyTrip
New Delhi,Navi Mumbai,IndiGo,6E-6490,1 Stop,2026-10-15,04:55,10:10,05h 15m,6310.0,6009.52,300.48,INR,,2026-08-31 15:45:14,EaseMyTrip
New Delhi,Mumbai,IndiGo,6E-2249,1 Stop,2026-09-07,15:00,19:35,04h 35m,6310.0,6009.52,300.48,INR,,2026-08-31 15:44:37,EaseMyTrip
New Delhi,Mumbai,IndiGo,6E-2249,1 Stop,2026-10-15,15:00,19:35,04h 35m,6310.0,6009.52,300.48,INR,,2026-08-31 15:45:14,EaseMyTrip
New Delhi,Mumbai,IndiGo,6E-6459,1 Stop,2026-09-07,05:55,11:35,05h 40m,6310.0,6009.52,300.48,INR,,2026-08-31 15:44:37,EaseMyTrip
Ahmedabad,New Delhi,Air India,AI-1117,Nonstop,2026-09-15,08:25,10:15,01h 50m,6311.0,6010.48,300.52,INR,9 Seats Left,2026-08-31 15:51:12,EaseMyTrip
Ahmedabad,New Delhi,Air India,AI-1117,Nonstop,2026-10-15,08:25,10:15,01h 50m,6311.0,6010.48,300.52,INR,9 Seats Left,2026-08-31 15:51:38,EaseMyTrip
Ahmedabad,New Delhi,Air India,AI-2716,Nonstop,2026-09-01,14:00,15:35,01h 35m,6311.0,6010.48,300.52,INR,1 Seat Left,2026-08-31 15:50:45,EaseMyTrip
Ahmedabad,New Delhi,Air India,AI-2938,Nonstop,2026-09-15,18:55,20:40,01h 45m,6311.0,6010.48,300.52,INR,9 Seats Left,2026-08-31 15:51:12,EaseMyTrip
Ahmedabad,New Delhi,Air India,AI-1121,Nonstop,2026-09-07,20:15,22:00,01h 45m,6311.0,6010.48,300.52,INR,9 Seats Left,2026-08-31 15:50:58,EaseMyTrip
Ahmedabad,New Delhi,Air India,AI-882,Nonstop,2026-09-15,15:55,17:45,01h 50m,6311.0,6010.48,300.52,INR,9 Seats Left,2026-08-31 15:51:12,EaseMyTrip
Ahmedabad,New Delhi,Air India,AI-2938,Nonstop,2026-09-07,18:55,20:40,01h 45m,6311.0,6010.48,300.52,INR,9 Seats Left,2026-08-31 15:50:58,EaseMyTrip
Ahmedabad,New Delhi,Air India,AI-532,Nonstop,2026-09-15,21:30,23:40,02h 10m,6311.0,6010.48,300.52,INR,5 Seats Left,2026-08-31 15:51:12,EaseMyTrip
Ahmedabad,New Delhi,Air India,AI-532,Nonstop,2026-09-07,21:30,23:40,02h 10m,6311.0,6010.48,300.52,INR,9 Seats Left,2026-08-31 15:50:58,EaseMyTrip
Bengaluru,Navi Mumbai,IndiGo,6E-6554,1 Stop,2026-10-15,19:15,23:00,03h 45m,6320.0,6019.05,300.95,INR,,2026-08-31 15:47:18,EaseMyTrip
Bengaluru,Kolkata,IndiGo,6E- 952,Nonstop,2026-09-15,22:20,01:00,02h 40m,6345.0,6042.86,302.14,INR,,2026-08-31 15:54:30,EaseMyTrip
Bengaluru,Kolkata,Air India Express,IX-1370,Nonstop,2026-09-15,22:15,00:50,02h 35m,6345.0,6042.86,302.14,INR,9 Seats Left,2026-08-31 15:54:30,EaseMyTrip
Bengaluru,Kolkata,IndiGo,6E- 952,Nonstop,2026-09-07,22:20,01:00,02h 40m,6345.0,6042.86,302.14,INR,,2026-08-31 15:54:16,EaseMyTrip
Bengaluru,Kolkata,Air India Express,IX-1370,Nonstop,2026-09-07,22:15,00:50,02h 35m,6345.0,6042.86,302.14,INR,9 Seats Left,2026-08-31 15:54:16,EaseMyTrip
Ahmedabad,Noida,IndiGo,6E-7568,1 Stop,2026-09-07,16:55,21:25,04h 30m,6372.0,6068.57,303.43,INR,,2026-08-31 15:50:58,EaseMyTrip
Ahmedabad,Noida,IndiGo,6E-7568,1 Stop,2026-09-30,16:55,21:25,04h 30m,6372.0,6068.57,303.43,INR,,2026-08-31 15:51:24,EaseMyTrip
New Delhi,Mumbai,IndiGo,6E-5298,1 Stop,2026-09-07,09:00,13:50,04h 50m,6389.0,6084.76,304.24,INR,,2026-08-31 15:44:37,EaseMyTrip
New Delhi,Mumbai,IndiGo,6E-6050,1 Stop,2026-09-07,08:15,13:30,05h 15m,6389.0,6084.76,304.24,INR,,2026-08-31 15:44:37,EaseMyTrip
New Delhi,Mumbai,IndiGo,6E-6479,1 Stop,2026-10-15,21:25,02:15,04h 50m,6389.0,6084.76,304.24,INR,,2026-08-31 15:45:14,EaseMyTrip
New Delhi,Mumbai,IndiGo,6E-2113,1 Stop,2026-10-15,13:20,18:30,05h 10m,6389.0,6084.76,304.24,INR,,2026-08-31 15:45:14,EaseMyTrip
New Delhi,Mumbai,IndiGo,6E- 758,1 Stop,2026-10-15,16:30,21:20,04h 50m,6389.0,6084.76,304.24,INR,,2026-08-31 15:45:14,EaseMyTrip
New Delhi,Mumbai,IndiGo,6E-6479,1 Stop,2026-09-07,21:25,02:15,04h 50m,6389.0,6084.76,304.24,INR,,2026-08-31 15:44:37,EaseMyTrip
New Delhi,Mumbai,IndiGo,6E-5038,1 Stop,2026-09-07,14:00,19:35,05h 35m,6389.0,6084.76,304.24,INR,3 Seats Left,2026-08-31 15:44:37,EaseMyTrip
New Delhi,Mumbai,SpiceJet,SG- 802,Nonstop,2026-09-01,22:30,00:50,02h 20m,6408.0,6102.86,305.14,INR,9 Seats Left,2026-08-31 15:44:24,EaseMyTrip
Bengaluru,Navi Mumbai,IndiGo,6E-6168,1 Stop,2026-09-01,17:40,23:00,05h 20m,6426.0,6120.0,306.0,INR,,2026-08-31 15:46:28,EaseMyTrip
Ghaziabad,Navi Mumbai,IndiGo,6E-5096,Nonstop,2026-10-15,17:00,19:05,02h 05m,6442.0,6135.24,306.76,INR,,2026-08-31 15:45:14,EaseMyTrip
Ghaziabad,Navi Mumbai,IndiGo,6E-5096,Nonstop,2026-09-30,17:00,19:05,02h 05m,6442.0,6135.24,306.76,INR,,2026-08-31 15:45:03,EaseMyTrip
Ghaziabad,Navi Mumbai,IndiGo,6E-5096,Nonstop,2026-09-07,17:00,19:05,02h 05m,6442.0,6135.24,306.76,INR,,2026-08-31 15:44:37,EaseMyTrip
New Delhi,Mumbai,SpiceJet,SG- 802,Nonstop,2026-09-07,22:30,00:50,02h 20m,6447.0,6140.0,307.0,INR,1 Seat Left,2026-08-31 15:44:37,EaseMyTrip
Bengaluru,Navi Mumbai,IndiGo,6E-6030,Nonstop,2026-09-30,15:00,16:40,01h 40m,6454.0,6146.67,307.33,INR,,2026-08-31 15:47:06,EaseMyTrip
Bengaluru,Navi Mumbai,IndiGo,6E-2086,Nonstop,2026-09-30,09:20,10:55,01h 35m,6454.0,6146.67,307.33,INR,,2026-08-31 15:47:06,EaseMyTrip
Bengaluru,Navi Mumbai,Air India Express,IX-1581,Nonstop,2026-09-30,18:40,20:25,01h 45m,6454.0,6146.67,307.33,INR,9 Seats Left,2026-08-31 15:47:06,EaseMyTrip
Bengaluru,Navi Mumbai,IndiGo,6E-6030,Nonstop,2026-09-15,15:00,16:40,01h 40m,6454.0,6146.67,307.33,INR,,2026-08-31 15:46:54,EaseMyTrip
Bengaluru,Mumbai,IndiGo,6E-5205,Nonstop,2026-09-01,03:45,05:30,01h 45m,6454.0,6146.67,307.33,INR,3 Seats Left,2026-08-31 15:46:28,EaseMyTrip
Bengaluru,Navi Mumbai,IndiGo,6E-6030,Nonstop,2026-09-07,15:00,16:40,01h 40m,6454.0,6146.67,307.33,INR,,2026-08-31 15:46:41,EaseMyTrip
Bengaluru,Navi Mumbai,Air India Express,IX-1581,Nonstop,2026-09-07,18:40,20:25,01h 45m,6454.0,6146.67,307.33,INR,9 Seats Left,2026-08-31 15:46:41,EaseMyTrip
Bengaluru,Mumbai,IndiGo,6E-3104,Nonstop,2026-09-01,04:30,06:15,01h 45m,6454.0,6146.67,307.33,INR,6 Seats Left,2026-08-31 15:46:28,EaseMyTrip
Bengaluru,Navi Mumbai,IndiGo,6E-2086,Nonstop,2026-09-15,09:20,10:55,01h 35m,6454.0,6146.67,307.33,INR,,2026-08-31 15:46:54,EaseMyTrip
Bengaluru,Mumbai,IndiGo,6E-5293,Nonstop,2026-09-15,01:00,02:50,01h 50m,6454.0,6146.67,307.33,INR,,2026-08-31 15:46:54,EaseMyTrip
Bengaluru,Navi Mumbai,Air India Express,IX-1581,Nonstop,2026-09-15,18:40,20:25,01h 45m,6454.0,6146.67,307.33,INR,9 Seats Left,2026-08-31 15:46:54,EaseMyTrip
Bengaluru,Navi Mumbai,Air India Express,IX-1360,Nonstop,2026-09-01,20:55,22:40,01h 45m,6454.0,6146.67,307.33,INR,3 Seats Left,2026-08-31 15:46:28,EaseMyTrip
Bengaluru,Kolkata,AkasaAir,QP-1561,Nonstop,2026-09-07,06:15,08:50,02h 35m,6462.0,6154.29,307.71,INR,4 Seats Left,2026-08-31 15:54:16,EaseMyTrip
Bengaluru,Kolkata,AkasaAir,QP-1561,Nonstop,2026-09-15,06:15,08:50,02h 35m,6462.0,6154.29,307.71,INR,2 Seats Left,2026-08-31 15:54:30,EaseMyTrip
Hyderbad,Mumbai,IndiGo,6E-6915,1 Stop,2026-09-30,14:20,22:05,07h 45m,6467.0,6159.05,307.95,INR,,2026-08-31 15:53:37,EaseMyTrip
Hyderbad,Mumbai,IndiGo,6E-6291,1 Stop,2026-09-30,09:20,16:35,07h 15m,6467.0,6159.05,307.95,INR,,2026-08-31 15:53:37,EaseMyTrip
Bengaluru,Mumbai,IndiGo,6E- 309,1 Stop,2026-10-15,16:40,22:15,05h 35m,6474.0,6165.71,308.29,INR,,2026-08-31 15:47:18,EaseMyTrip
Hyderbad,Mumbai,IndiGo,6E-6417,1 Stop,2026-09-07,17:45,22:00,04h 15m,6479.0,6170.48,308.52,INR,3 Seats Left,2026-08-31 15:53:10,EaseMyTrip
Hyderbad,Mumbai,IndiGo,6E-6505,1 Stop,2026-09-07,21:25,02:50,05h 25m,6479.0,6170.48,308.52,INR,,2026-08-31 15:53:10,EaseMyTrip
Hyderbad,Mumbai,IndiGo,6E-6727,1 Stop,2026-09-07,18:15,23:00,04h 45m,6479.0,6170.48,308.52,INR,4 Seats Left,2026-08-31 15:53:10,EaseMyTrip
Hyderbad,Mumbai,IndiGo,6E-6481,1 Stop,2026-09-07,14:25,22:25,08h 00m,6479.0,6170.48,308.52,INR,,2026-08-31 15:53:10,EaseMyTrip
Hyderbad,Mumbai,IndiGo,6E-6574,1 Stop,2026-09-07,12:05,18:55,06h 50m,6479.0,6170.48,308.52,INR,,2026-08-31 15:53:10,EaseMyTrip
Hyderbad,Mumbai,IndiGo,6E- 285,1 Stop,2026-09-07,20:00,02:50,06h 50m,6479.0,6170.48,308.52,INR,,2026-08-31 15:53:10,EaseMyTrip
New Delhi,Navi Mumbai,AkasaAir,QP-2074,Nonstop,2026-09-07,14:10,16:25,02h 15m,6500.0,6190.48,309.52,INR,9 Seats Left,2026-08-31 15:44:37,EaseMyTrip
New Delhi,Navi Mumbai,AkasaAir,QP-2074,Nonstop,2026-09-30,09:20,11:40,02h 20m,6500.0,6190.48,309.52,INR,9 Seats Left,2026-08-31 15:45:03,EaseMyTrip
Bengaluru,Navi Mumbai,IndiGo,6E-6753,1 Stop,2026-10-15,15:15,21:20,06h 05m,6516.0,6205.71,310.29,INR,4 Seats Left,2026-08-31 15:47:18,EaseMyTrip
Hyderbad,Mumbai,IndiGo,6E-5384,Nonstop,2026-09-07,12:55,14:25,01h 30m,6517.0,6206.67,310.33,INR,2 Seats Left,2026-08-31 15:53:10,EaseMyTrip
Hyderbad,Mumbai,IndiGo,6E-5099,Nonstop,2026-09-15,14:15,15:55,01h 40m,6517.0,6206.67,310.33,INR,,2026-08-31 15:53:23,EaseMyTrip
Hyderbad,Mumbai,IndiGo,6E-5143,Nonstop,2026-09-15,03:00,04:35,01h 35m,6517.0,6206.67,310.33,INR,,2026-08-31 15:53:23,EaseMyTrip
Hyderbad,Mumbai,IndiGo,6E-5143,Nonstop,2026-09-07,03:00,04:30,01h 30m,6517.0,6206.67,310.33,INR,,2026-08-31 15:53:10,EaseMyTrip
Hyderbad,Mumbai,IndiGo,6E-5099,Nonstop,2026-09-07,14:15,15:55,01h 40m,6517.0,6206.67,310.33,INR,,2026-08-31 15:53:10,EaseMyTrip
Hyderbad,Mumbai,IndiGo,6E-5245,Nonstop,2026-09-07,05:00,06:25,01h 25m,6517.0,6206.67,310.33,INR,,2026-08-31 15:53:10,EaseMyTrip
Hyderbad,Mumbai,IndiGo,6E-5384,Nonstop,2026-09-15,12:55,14:25,01h 30m,6517.0,6206.67,310.33,INR,,2026-08-31 15:53:23,EaseMyTrip
Hyderbad,Mumbai,IndiGo,6E-5384,Nonstop,2026-09-30,12:55,14:25,01h 30m,6517.0,6206.67,310.33,INR,,2026-08-31 15:53:37,EaseMyTrip
Hyderbad,Mumbai,IndiGo,6E-5245,Nonstop,2026-09-15,05:00,06:25,01h 25m,6517.0,6206.67,310.33,INR,,2026-08-31 15:53:23,EaseMyTrip
Hyderbad,Mumbai,IndiGo,6E-6196,Nonstop,2026-09-30,06:30,07:55,01h 25m,6517.0,6206.67,310.33,INR,,2026-08-31 15:53:37,EaseMyTrip
Hyderbad,Mumbai,IndiGo,6E-5099,Nonstop,2026-09-30,14:15,15:55,01h 40m,6517.0,6206.67,310.33,INR,,2026-08-31 15:53:37,EaseMyTrip
Hyderbad,Mumbai,IndiGo,6E-5245,Nonstop,2026-09-30,05:00,06:25,01h 25m,6517.0,6206.67,310.33,INR,,2026-08-31 15:53:37,EaseMyTrip
Hyderbad,Mumbai,IndiGo,6E-5143,Nonstop,2026-09-30,03:00,04:35,01h 35m,6517.0,6206.67,310.33,INR,,2026-08-31 15:53:37,EaseMyTrip
New Delhi,Mumbai,IndiGo,6E-6212,1 Stop,2026-09-07,14:45,20:30,05h 45m,6520.0,6209.52,310.48,INR,6 Seats Left,2026-08-31 15:44:37,EaseMyTrip
New Delhi,Mumbai,IndiGo,6E- 882,1 Stop,2026-09-07,23:15,04:30,05h 15m,6520.0,6209.52,310.48,INR,,2026-08-31 15:44:37,EaseMyTrip
New Delhi,Mumbai,IndiGo,6E-6282,1 Stop,2026-09-07,13:30,18:50,05h 20m,6520.0,6209.52,310.48,INR,9 Seats Left,2026-08-31 15:44:37,EaseMyTrip
Bengaluru,Mumbai,AkasaAir,QP-1134,Nonstop,2026-09-07,22:55,00:45,01h 50m,6520.0,6209.52,310.48,INR,8 Seats Left,2026-08-31 15:46:41,EaseMyTrip
Bengaluru,Mumbai,AkasaAir,QP-1132,Nonstop,2026-09-15,15:20,17:20,02h 00m,6520.0,6209.52,310.48,INR,6 Seats Left,2026-08-31 15:46:54,EaseMyTrip
Bengaluru,Mumbai,AkasaAir,QP-1134,Nonstop,2026-09-15,22:55,00:45,01h 50m,6520.0,6209.52,310.48,INR,8 Seats Left,2026-08-31 15:46:54,EaseMyTrip
New Delhi,Mumbai,IndiGo,6E- 882,1 Stop,2026-09-01,23:15,04:30,05h 15m,6520.0,6209.52,310.48,INR,,2026-08-31 15:44:24,EaseMyTrip
Ahmedabad,New Delhi,Air India,AI-882,Nonstop,2026-09-01,15:55,17:45,01h 50m,6521.0,6210.48,310.52,INR,9 Seats Left,2026-08-31 15:50:45,EaseMyTrip
New Delhi,Mumbai,Air India Express,IX-1056,Nonstop,2026-09-15,05:35,08:05,02h 30m,6529.0,6218.1,310.9,INR,9 Seats Left,2026-08-31 15:44:50,EaseMyTrip
New Delhi,Mumbai,Air India Express,IX-1165,1 Stop,2026-09-15,05:45,11:05,05h 20m,6529.0,6218.1,310.9,INR,9 Seats Left,2026-08-31 15:44:50,EaseMyTrip
New Delhi,Mumbai,Air India Express,IX-1235,Nonstop,2026-09-15,23:25,01:50,02h 25m,6529.0,6218.1,310.9,INR,9 Seats Left,2026-08-31 15:44:50,EaseMyTrip
New Delhi,Navi Mumbai,Air India Express,IX-1080,Nonstop,2026-09-15,18:40,21:05,02h 25m,6529.0,6218.1,310.9,INR,9 Seats Left,2026-08-31 15:44:50,EaseMyTrip
New Delhi,Navi Mumbai,IndiGo,6E-2721,Nonstop,2026-09-30,09:55,11:55,02h 00m,6529.0,6218.1,310.9,INR,,2026-08-31 15:45:03,EaseMyTrip
New Delhi,Navi Mumbai,Air India Express,IX-1080,Nonstop,2026-09-30,18:40,21:05,02h 25m,6529.0,6218.1,310.9,INR,9 Seats Left,2026-08-31 15:45:03,EaseMyTrip
New Delhi,Navi Mumbai,Air India Express,IX-1038,Nonstop,2026-09-15,17:35,19:45,02h 10m,6529.0,6218.1,310.9,INR,9 Seats Left,2026-08-31 15:44:50,EaseMyTrip
New Delhi,Navi Mumbai,IndiGo,6E- 955,Nonstop,2026-09-15,20:20,22:20,02h 00m,6529.0,6218.1,310.9,INR,8 Seats Left,2026-08-31 15:44:50,EaseMyTrip
New Delhi,Navi Mumbai,Air India Express,IX-1038,Nonstop,2026-09-30,17:35,19:45,02h 10m,6529.0,6218.1,310.9,INR,9 Seats Left,2026-08-31 15:45:03,EaseMyTrip
New Delhi,Mumbai,Air India Express,IX-1056,Nonstop,2026-09-30,05:35,08:05,02h 30m,6529.0,6218.1,310.9,INR,9 Seats Left,2026-08-31 15:45:03,EaseMyTrip
New Delhi,Mumbai,Air India Express,IX-1392,1 Stop,2026-09-30,23:25,11:05,11h 40m,6529.0,6218.1,310.9,INR,9 Seats Left,2026-08-31 15:45:03,EaseMyTrip
New Delhi,Mumbai,Air India Express,IX-1235,Nonstop,2026-09-30,23:25,01:50,02h 25m,6529.0,6218.1,310.9,INR,9 Seats Left,2026-08-31 15:45:03,EaseMyTrip
New Delhi,Mumbai,Air India Express,IX-1165,1 Stop,2026-09-30,05:45,11:05,05h 20m,6529.0,6218.1,310.9,INR,9 Seats Left,2026-08-31 15:45:03,EaseMyTrip
New Delhi,Mumbai,Air India Express,IX-1235,Nonstop,2026-09-01,23:25,01:50,02h 25m,6529.0,6218.1,310.9,INR,9 Seats Left,2026-08-31 15:44:24,EaseMyTrip
New Delhi,Mumbai,AkasaAir,QP-1833,Nonstop,2026-09-15,06:50,09:10,02h 20m,6530.0,6219.05,310.95,INR,9 Seats Left,2026-08-31 15:44:50,EaseMyTrip
New Delhi,Mumbai,IndiGo,6E- 864,Nonstop,2026-09-01,15:30,17:45,02h 15m,6530.0,6219.05,310.95,INR,,2026-08-31 15:44:24,EaseMyTrip
New Delhi,Mumbai,AkasaAir,QP-1110,Nonstop,2026-09-01,10:30,12:45,02h 15m,6530.0,6219.05,310.95,INR,9 Seats Left,2026-08-31 15:44:24,EaseMyTrip
New Delhi,Mumbai,AkasaAir,QP-1110,Nonstop,2026-09-15,10:30,12:45,02h 15m,6530.0,6219.05,310.95,INR,9 Seats Left,2026-08-31 15:44:50,EaseMyTrip
New Delhi,Mumbai,AkasaAir,QP-1820,Nonstop,2026-09-15,17:30,19:45,02h 15m,6530.0,6219.05,310.95,INR,9 Seats Left,2026-08-31 15:44:50,EaseMyTrip
New Delhi,Mumbai,AkasaAir,QP-1119,Nonstop,2026-09-15,08:40,10:55,02h 15m,6530.0,6219.05,310.95,INR,9 Seats Left,2026-08-31 15:44:50,EaseMyTrip
New Delhi,Mumbai,IndiGo,6E-6318,Nonstop,2026-09-01,14:45,17:00,02h 15m,6530.0,6219.05,310.95,INR,,2026-08-31 15:44:24,EaseMyTrip
New Delhi,Mumbai,IndiGo,6E-6022,Nonstop,2026-09-01,14:00,16:25,02h 25m,6530.0,6219.05,310.95,INR,,2026-08-31 15:44:24,EaseMyTrip
New Delhi,Mumbai,IndiGo,6E-6328,Nonstop,2026-09-01,10:15,12:35,02h 20m,6530.0,6219.05,310.95,INR,,2026-08-31 15:44:24,EaseMyTrip
New Delhi,Mumbai,AkasaAir,QP-1807,Nonstop,2026-09-15,13:40,15:55,02h 15m,6530.0,6219.05,310.95,INR,9 Seats Left,2026-08-31 15:44:50,EaseMyTrip
New Delhi,Mumbai,AkasaAir,QP-1826,Nonstop,2026-09-30,19:55,22:20,02h 25m,6530.0,6219.05,310.95,INR,9 Seats Left,2026-08-31 15:45:03,EaseMyTrip
New Delhi,Mumbai,AkasaAir,QP-1112,Nonstop,2026-09-30,09:20,11:40,02h 20m,6530.0,6219.05,310.95,INR,9 Seats Left,2026-08-31 15:45:03,EaseMyTrip
New Delhi,Mumbai,AkasaAir,QP-1119,Nonstop,2026-09-30,08:40,10:55,02h 15m,6530.0,6219.05,310.95,INR,9 Seats Left,2026-08-31 15:45:03,EaseMyTrip
New Delhi,Mumbai,AkasaAir,QP-1820,Nonstop,2026-09-30,17:30,19:45,02h 15m,6530.0,6219.05,310.95,INR,9 Seats Left,2026-08-31 15:45:03,EaseMyTrip
New Delhi,Mumbai,AkasaAir,QP-1836,Nonstop,2026-09-30,12:30,14:55,02h 25m,6530.0,6219.05,310.95,INR,9 Seats Left,2026-08-31 15:45:03,EaseMyTrip
New Delhi,Mumbai,AkasaAir,QP-1110,Nonstop,2026-09-30,10:30,12:45,02h 15m,6530.0,6219.05,310.95,INR,9 Seats Left,2026-08-31 15:45:03,EaseMyTrip
New Delhi,Mumbai,IndiGo,6E- 327,Nonstop,2026-09-01,16:15,18:35,02h 20m,6530.0,6219.05,310.95,INR,,2026-08-31 15:44:24,EaseMyTrip
New Delhi,Mumbai,AkasaAir,QP-1112,Nonstop,2026-09-15,09:20,11:40,02h 20m,6530.0,6219.05,310.95,INR,9 Seats Left,2026-08-31 15:44:50,EaseMyTrip
New Delhi,Mumbai,IndiGo,6E-6706,Nonstop,2026-09-15,17:00,19:15,02h 15m,6530.0,6219.05,310.95,INR,1 Seat Left,2026-08-31 15:44:50,EaseMyTrip
New Delhi,Mumbai,IndiGo,6E- 327,Nonstop,2026-09-15,16:15,18:35,02h 20m,6530.0,6219.05,310.95,INR,2 Seats Left,2026-08-31 15:44:50,EaseMyTrip
New Delhi,Mumbai,IndiGo,6E- 322,Nonstop,2026-09-15,23:30,01:45,02h 15m,6530.0,6219.05,310.95,INR,7 Seats Left,2026-08-31 15:44:50,EaseMyTrip
New Delhi,Mumbai,IndiGo,6E-6114,Nonstop,2026-09-15,22:45,01:05,02h 20m,6530.0,6219.05,310.95,INR,2 Seats Left,2026-08-31 15:44:50,EaseMyTrip
New Delhi,Mumbai,AkasaAir,QP-1836,Nonstop,2026-09-15,12:30,14:55,02h 25m,6530.0,6219.05,310.95,INR,9 Seats Left,2026-08-31 15:44:50,EaseMyTrip
New Delhi,Mumbai,AkasaAir,QP-1128,Nonstop,2026-09-15,16:00,18:20,02h 20m,6530.0,6219.05,310.95,INR,9 Seats Left,2026-08-31 15:44:50,EaseMyTrip
New Delhi,Mumbai,IndiGo,6E- 449,Nonstop,2026-09-15,05:00,07:15,02h 15m,6530.0,6219.05,310.95,INR,,2026-08-31 15:44:50,EaseMyTrip
New Delhi,Mumbai,AkasaAir,QP-1826,Nonstop,2026-09-15,19:55,22:20,02h 25m,6530.0,6219.05,310.95,INR,9 Seats Left,2026-08-31 15:44:50,EaseMyTrip
New Delhi,Mumbai,IndiGo,6E- 324,Nonstop,2026-09-01,13:00,15:10,02h 10m,6530.0,6219.05,310.95,INR,,2026-08-31 15:44:24,EaseMyTrip
New Delhi,Mumbai,IndiGo,6E-6047,Nonstop,2026-09-01,11:00,13:15,02h 15m,6530.0,6219.05,310.95,INR,,2026-08-31 15:44:24,EaseMyTrip
New Delhi,Mumbai,AkasaAir,QP-1833,Nonstop,2026-09-30,06:50,09:10,02h 20m,6530.0,6219.05,310.95,INR,9 Seats Left,2026-08-31 15:45:03,EaseMyTrip
New Delhi,Mumbai,IndiGo,6E- 449,Nonstop,2026-09-30,05:00,07:15,02h 15m,6530.0,6219.05,310.95,INR,9 Seats Left,2026-08-31 15:45:03,EaseMyTrip
New Delhi,Mumbai,IndiGo,6E-6706,Nonstop,2026-09-30,17:00,19:15,02h 15m,6530.0,6219.05,310.95,INR,,2026-08-31 15:45:03,EaseMyTrip
New Delhi,Mumbai,IndiGo,6E-6114,Nonstop,2026-09-30,22:45,01:05,02h 20m,6530.0,6219.05,310.95,INR,1 Seat Left,2026-08-31 15:45:03,EaseMyTrip
New Delhi,Mumbai,IndiGo,6E- 322,Nonstop,2026-09-01,23:30,01:45,02h 15m,6530.0,6219.05,310.95,INR,,2026-08-31 15:44:24,EaseMyTrip
New Delhi,Mumbai,IndiGo,6E-6114,Nonstop,2026-09-01,22:45,01:05,02h 20m,6530.0,6219.05,310.95,INR,,2026-08-31 15:44:24,EaseMyTrip
New Delhi,Mumbai,IndiGo,6E-6676,Nonstop,2026-09-01,12:00,14:15,02h 15m,6530.0,6219.05,310.95,INR,,2026-08-31 15:44:24,EaseMyTrip
Bengaluru,Kolkata,Air India Express,IX-1131,Nonstop,2026-09-07,07:05,09:45,02h 40m,6545.0,6233.33,311.67,INR,9 Seats Left,2026-08-31 15:54:16,EaseMyTrip
Ahmedabad,New Delhi,Air India,AI-2946,Nonstop,2026-10-15,09:30,11:20,01h 50m,6546.0,6234.29,311.71,INR,8 Seats Left,2026-08-31 15:51:38,EaseMyTrip
New Delhi,Pune,IndiGo,6E-6261,1 Stop,2026-10-15,00:15,08:10,07h 55m,6586.0,6272.38,313.62,INR,,2026-08-31 15:49:28,EaseMyTrip
New Delhi,Kolkata,IndiGo,6E-2453,1 Stop,2026-09-07,13:35,21:05,07h 30m,6596.0,6281.9,314.1,INR,,2026-08-31 15:49:54,EaseMyTrip
New Delhi,Kolkata,IndiGo,6E-6236,1 Stop,2026-09-07,16:20,21:05,04h 45m,6596.0,6281.9,314.1,INR,,2026-08-31 15:49:54,EaseMyTrip
Hyderbad,Mumbai,Air India Express,IX-2745,1 Stop,2026-09-07,10:40,00:05,13h 25m,6604.0,6289.52,314.48,INR,9 Seats Left,2026-08-31 15:53:10,EaseMyTrip
Hyderbad,Mumbai,IndiGo,6E-6915,1 Stop,2026-09-07,14:20,22:05,07h 45m,6610.0,6295.24,314.76,INR,9 Seats Left,2026-08-31 15:53:10,EaseMyTrip
Hyderbad,Mumbai,IndiGo,6E-6291,1 Stop,2026-09-07,09:20,16:35,07h 15m,6610.0,6295.24,314.76,INR,,2026-08-31 15:53:10,EaseMyTrip
Ahmedabad,New Delhi,IndiGo,6E-7114,1 Stop,2026-09-30,06:15,10:10,03h 55m,6617.0,6301.9,315.1,INR,,2026-08-31 15:51:24,EaseMyTrip
Ahmedabad,New Delhi,IndiGo,6E-7261,1 Stop,2026-09-07,15:40,23:25,07h 45m,6617.0,6301.9,315.1,INR,1 Seat Left,2026-08-31 15:50:58,EaseMyTrip
Ahmedabad,New Delhi,IndiGo,6E-7114,1 Stop,2026-09-15,06:15,10:10,03h 55m,6617.0,6301.9,315.1,INR,,2026-08-31 15:51:12,EaseMyTrip
Ahmedabad,New Delhi,IndiGo,6E-7261,1 Stop,2026-09-30,15:40,23:25,07h 45m,6617.0,6301.9,315.1,INR,,2026-08-31 15:51:24,EaseMyTrip
Noida,Mumbai,IndiGo,6E-5198,Nonstop,2026-09-01,15:00,17:15,02h 15m,6618.0,6302.86,315.14,INR,,2026-08-31 15:44:24,EaseMyTrip
Bengaluru,Mumbai,IndiGo,6E-6753,1 Stop,2026-10-15,15:15,19:55,04h 40m,6643.0,6326.67,316.33,INR,2 Seats Left,2026-08-31 15:47:18,EaseMyTrip
Bengaluru,Kolkata,IndiGo,6E-6439,Nonstop,2026-09-07,06:30,09:10,02h 40m,6660.0,6342.86,317.14,INR,2 Seats Left,2026-08-31 15:54:16,EaseMyTrip
Bengaluru,Kolkata,IndiGo,6E- 676,Nonstop,2026-09-15,18:30,21:10,02h 40m,6660.0,6342.86,317.14,INR,,2026-08-31 15:54:30,EaseMyTrip
Bengaluru,Kolkata,IndiGo,6E- 975,Nonstop,2026-09-15,20:20,23:00,02h 40m,6660.0,6342.86,317.14,INR,,2026-08-31 15:54:30,EaseMyTrip
Hyderbad,Mumbai,IndiGo,6E- 598,1 Stop,2026-09-15,17:55,22:15,04h 20m,6677.0,6359.05,317.95,INR,,2026-08-31 15:53:23,EaseMyTrip
Hyderbad,Mumbai,IndiGo,6E- 371,1 Stop,2026-09-30,07:55,14:45,06h 50m,6677.0,6359.05,317.95,INR,,2026-08-31 15:53:37,EaseMyTrip
Hyderbad,Mumbai,IndiGo,6E- 668,1 Stop,2026-09-15,16:20,22:15,05h 55m,6677.0,6359.05,317.95,INR,3 Seats Left,2026-08-31 15:53:23,EaseMyTrip
Hyderbad,Mumbai,IndiGo,6E-6424,1 Stop,2026-09-30,14:10,20:15,06h 05m,6677.0,6359.05,317.95,INR,,2026-08-31 15:53:37,EaseMyTrip
Hyderbad,Mumbai,IndiGo,6E- 514,1 Stop,2026-09-30,14:10,18:40,04h 30m,6677.0,6359.05,317.95,INR,8 Seats Left,2026-08-31 15:53:37,EaseMyTrip
Hyderbad,Mumbai,IndiGo,6E-6151,1 Stop,2026-09-30,10:00,14:45,04h 45m,6677.0,6359.05,317.95,INR,,2026-08-31 15:53:37,EaseMyTrip
Hyderbad,Mumbai,IndiGo,6E-6646,1 Stop,2026-09-30,07:20,14:15,06h 55m,6677.0,6359.05,317.95,INR,,2026-08-31 15:53:37,EaseMyTrip
Hyderbad,Mumbai,IndiGo,6E- 243,1 Stop,2026-09-30,07:05,14:45,07h 40m,6677.0,6359.05,317.95,INR,,2026-08-31 15:53:37,EaseMyTrip
Hyderbad,Mumbai,IndiGo,6E- 371,1 Stop,2026-09-15,07:55,14:45,06h 50m,6677.0,6359.05,317.95,INR,2 Seats Left,2026-08-31 15:53:23,EaseMyTrip
Hyderbad,Mumbai,IndiGo,6E-6486,1 Stop,2026-09-30,19:00,00:30,05h 30m,6677.0,6359.05,317.95,INR,,2026-08-31 15:53:37,EaseMyTrip
Hyderbad,Mumbai,IndiGo,6E-6646,1 Stop,2026-09-15,07:20,14:15,06h 55m,6677.0,6359.05,317.95,INR,,2026-08-31 15:53:23,EaseMyTrip
Hyderbad,Mumbai,IndiGo,6E- 514,1 Stop,2026-09-15,14:10,20:15,06h 05m,6677.0,6359.05,317.95,INR,2 Seats Left,2026-08-31 15:53:23,EaseMyTrip
Hyderbad,Mumbai,IndiGo,6E- 598,1 Stop,2026-09-30,17:55,00:30,06h 35m,6677.0,6359.05,317.95,INR,,2026-08-31 15:53:37,EaseMyTrip
New Delhi,Mumbai,IndiGo,6E-6107,Nonstop,2026-09-01,09:30,11:55,02h 25m,6688.0,6369.52,318.48,INR,2 Seats Left,2026-08-31 15:44:24,EaseMyTrip
New Delhi,Mumbai,IndiGo,6E-6706,Nonstop,2026-09-01,17:00,19:15,02h 15m,6688.0,6369.52,318.48,INR,9 Seats Left,2026-08-31 15:44:24,EaseMyTrip
Bengaluru,Mumbai,IndiGo,6E-6554,1 Stop,2026-09-01,19:15,01:25,06h 10m,6700.0,6380.95,319.05,INR,,2026-08-31 15:46:28,EaseMyTrip
Bengaluru,Mumbai,IndiGo,6E-6653,1 Stop,2026-09-07,12:35,17:50,05h 15m,6700.0,6380.95,319.05,INR,,2026-08-31 15:46:41,EaseMyTrip
Bengaluru,Mumbai,IndiGo,6E-6554,1 Stop,2026-09-07,19:15,01:25,06h 10m,6700.0,6380.95,319.05,INR,,2026-08-31 15:46:41,EaseMyTrip
Bengaluru,Navi Mumbai,IndiGo,6E-6554,1 Stop,2026-09-07,19:15,23:00,03h 45m,6703.0,6383.81,319.19,INR,,2026-08-31 15:46:41,EaseMyTrip
Bengaluru,Navi Mumbai,IndiGo,6E-6753,1 Stop,2026-09-01,15:15,23:00,07h 45m,6703.0,6383.81,319.19,INR,,2026-08-31 15:46:28,EaseMyTrip
Bengaluru,Navi Mumbai,IndiGo,6E-6653,1 Stop,2026-09-07,12:35,23:00,10h 25m,6703.0,6383.81,319.19,INR,,2026-08-31 15:46:41,EaseMyTrip
Bengaluru,Navi Mumbai,IndiGo,6E-6753,1 Stop,2026-09-07,15:15,23:00,07h 45m,6703.0,6383.81,319.19,INR,,2026-08-31 15:46:41,EaseMyTrip
Bengaluru,Navi Mumbai,IndiGo,6E-6653,1 Stop,2026-09-01,12:35,23:00,10h 25m,6703.0,6383.81,319.19,INR,,2026-08-31 15:46:28,EaseMyTrip
Bengaluru,Navi Mumbai,IndiGo,6E-6554,1 Stop,2026-09-01,19:15,23:00,03h 45m,6703.0,6383.81,319.19,INR,,2026-08-31 15:46:28,EaseMyTrip
Bengaluru,Navi Mumbai,IndiGo,6E-6168,1 Stop,2026-09-07,17:40,23:00,05h 20m,6703.0,6383.81,319.19,INR,,2026-08-31 15:46:41,EaseMyTrip
Bengaluru,Navi Mumbai,IndiGo,6E- 309,1 Stop,2026-10-15,16:40,22:55,06h 15m,6704.0,6384.76,319.24,INR,,2026-08-31 15:47:18,EaseMyTrip
New Delhi,Pune,IndiGo,6E-6261,1 Stop,2026-09-15,00:15,08:10,07h 55m,6714.0,6394.29,319.71,INR,,2026-08-31 15:49:00,EaseMyTrip
New Delhi,Kolkata,IndiGo,6E-6459,1 Stop,2026-09-07,05:55,13:25,07h 30m,6727.0,6406.67,320.33,INR,,2026-08-31 15:49:54,EaseMyTrip
New Delhi,Kolkata,IndiGo,6E-2361,1 Stop,2026-09-07,14:35,22:15,07h 40m,6727.0,6406.67,320.33,INR,,2026-08-31 15:49:54,EaseMyTrip
Ahmedabad,New Delhi,Air India,AI-1121,Nonstop,2026-10-15,20:15,22:00,01h 45m,6731.0,6410.48,320.52,INR,2 Seats Left,2026-08-31 15:51:38,EaseMyTrip
Ahmedabad,New Delhi,Air India,AI-2546,Nonstop,2026-09-15,23:00,00:45,01h 45m,6731.0,6410.48,320.52,INR,4 Seats Left,2026-08-31 15:51:12,EaseMyTrip
Ahmedabad,New Delhi,Air India,AI-2546,Nonstop,2026-09-30,23:00,00:45,01h 45m,6731.0,6410.48,320.52,INR,8 Seats Left,2026-08-31 15:51:24,EaseMyTrip
Hyderbad,Navi Mumbai,IndiGo,6E-2015,Nonstop,2026-09-30,16:40,18:10,01h 30m,6747.0,6425.71,321.29,INR,,2026-08-31 15:53:37,EaseMyTrip
Hyderbad,Navi Mumbai,IndiGo,6E-2084,Nonstop,2026-09-15,21:05,22:35,01h 30m,6747.0,6425.71,321.29,INR,,2026-08-31 15:53:23,EaseMyTrip
Hyderbad,Navi Mumbai,IndiGo,6E-2084,Nonstop,2026-09-07,21:05,22:35,01h 30m,6747.0,6425.71,321.29,INR,,2026-08-31 15:53:10,EaseMyTrip
Hyderbad,Navi Mumbai,IndiGo,6E-2084,Nonstop,2026-09-30,21:05,22:35,01h 30m,6747.0,6425.71,321.29,INR,,2026-08-31 15:53:37,EaseMyTrip
Hyderbad,Navi Mumbai,IndiGo,6E-2015,Nonstop,2026-09-15,16:40,18:10,01h 30m,6747.0,6425.71,321.29,INR,,2026-08-31 15:53:23,EaseMyTrip
New Delhi,Hyderbad,IndiGo,6E-6433,1 Stop,2026-10-15,16:30,21:45,05h 15m,6752.0,6430.48,321.52,INR,,2026-08-31 15:48:22,EaseMyTrip
Hyderbad,Mumbai,IndiGo,6E- 151,1 Stop,2026-09-30,08:05,13:20,05h 15m,6759.0,6437.14,321.86,INR,,2026-08-31 15:53:37,EaseMyTrip
Hyderbad,Mumbai,IndiGo,6E- 216,1 Stop,2026-09-15,21:15,02:55,05h 40m,6759.0,6437.14,321.86,INR,,2026-08-31 15:53:23,EaseMyTrip
Hyderbad,Mumbai,IndiGo,6E- 362,1 Stop,2026-09-15,11:20,17:50,06h 30m,6759.0,6437.14,321.86,INR,1 Seat Left,2026-08-31 15:53:23,EaseMyTrip
Hyderbad,Mumbai,IndiGo,6E-6405,1 Stop,2026-09-30,14:30,19:05,04h 35m,6759.0,6437.14,321.86,INR,1 Seat Left,2026-08-31 15:53:37,EaseMyTrip
Hyderbad,Mumbai,IndiGo,6E-6727,1 Stop,2026-09-15,18:15,23:00,04h 45m,6759.0,6437.14,321.86,INR,,2026-08-31 15:53:23,EaseMyTrip
Hyderbad,Mumbai,IndiGo,6E-6329,1 Stop,2026-09-15,18:20,01:25,07h 05m,6759.0,6437.14,321.86,INR,2 Seats Left,2026-08-31 15:53:23,EaseMyTrip
Hyderbad,Mumbai,IndiGo,6E- 314,1 Stop,2026-09-15,16:30,22:00,05h 30m,6759.0,6437.14,321.86,INR,1 Seat Left,2026-08-31 15:53:23,EaseMyTrip
Ahmedabad,New Delhi,Air India,AI-882,Nonstop,2026-09-30,15:55,17:45,01h 50m,6767.0,6444.76,322.24,INR,3 Seats Left,2026-08-31 15:51:24,EaseMyTrip
Bengaluru,Mumbai,AkasaAir,QP-1517,Nonstop,2026-10-15,05:00,06:50,01h 50m,6768.0,6445.71,322.29,INR,4 Seats Left,2026-08-31 15:47:18,EaseMyTrip
Bengaluru,Mumbai,AkasaAir,QP-1515,Nonstop,2026-10-15,06:00,07:35,01h 35m,6768.0,6445.71,322.29,INR,4 Seats Left,2026-08-31 15:47:18,EaseMyTrip
Bengaluru,Mumbai,AkasaAir,QP-1986,Nonstop,2026-10-15,22:35,00:30,01h 55m,6768.0,6445.71,322.29,INR,3 Seats Left,2026-08-31 15:47:18,EaseMyTrip
Ahmedabad,New Delhi,IndiGo,6E- 932,Nonstop,2026-09-01,21:50,23:30,01h 40m,6785.0,6461.9,323.1,INR,8 Seats Left,2026-08-31 15:50:45,EaseMyTrip
Bengaluru,Kolkata,Air India Express,IX-1537,Nonstop,2026-09-07,12:00,14:40,02h 40m,6795.0,6471.43,323.57,INR,9 Seats Left,2026-08-31 15:54:16,EaseMyTrip
New Delhi,Kolkata,IndiGo,6E-6190,1 Stop,2026-09-01,07:40,15:20,07h 40m,6806.0,6481.9,324.1,INR,6 Seats Left,2026-08-31 15:49:41,EaseMyTrip
Hyderbad,Mumbai,IndiGo,6E-6486,1 Stop,2026-09-07,19:00,00:30,05h 30m,6820.0,6495.24,324.76,INR,6 Seats Left,2026-08-31 15:53:10,EaseMyTrip
Hyderbad,Mumbai,IndiGo,6E- 598,1 Stop,2026-09-07,17:55,00:30,06h 35m,6820.0,6495.24,324.76,INR,3 Seats Left,2026-08-31 15:53:10,EaseMyTrip
Hyderbad,Mumbai,IndiGo,6E- 514,1 Stop,2026-09-07,14:10,18:40,04h 30m,6820.0,6495.24,324.76,INR,2 Seats Left,2026-08-31 15:53:10,EaseMyTrip
Hyderbad,Mumbai,IndiGo,6E- 371,1 Stop,2026-09-07,07:55,13:00,05h 05m,6820.0,6495.24,324.76,INR,,2026-08-31 15:53:10,EaseMyTrip
Hyderbad,Mumbai,IndiGo,6E-6646,1 Stop,2026-09-07,07:20,14:15,06h 55m,6820.0,6495.24,324.76,INR,,2026-08-31 15:53:10,EaseMyTrip
Bengaluru,Mumbai,IndiGo,6E-6162,1 Stop,2026-10-15,18:50,22:50,04h 00m,6831.0,6505.71,325.29,INR,,2026-08-31 15:47:18,EaseMyTrip
Bengaluru,Mumbai,IndiGo,6E- 855,1 Stop,2026-10-15,19:45,01:00,05h 15m,6831.0,6505.71,325.29,INR,,2026-08-31 15:47:18,EaseMyTrip
Bengaluru,Mumbai,IndiGo,6E-6178,1 Stop,2026-10-15,06:10,10:55,04h 45m,6831.0,6505.71,325.29,INR,,2026-08-31 15:47:18,EaseMyTrip
Bengaluru,Mumbai,IndiGo,6E-6162,1 Stop,2026-09-07,18:50,22:50,04h 00m,6831.0,6505.71,325.29,INR,,2026-08-31 15:46:41,EaseMyTrip
Bengaluru,Mumbai,IndiGo,6E- 109,1 Stop,2026-09-07,17:00,22:50,05h 50m,6831.0,6505.71,325.29,INR,,2026-08-31 15:46:41,EaseMyTrip
Bengaluru,Mumbai,IndiGo,6E- 109,1 Stop,2026-10-15,17:00,22:50,05h 50m,6831.0,6505.71,325.29,INR,,2026-08-31 15:47:18,EaseMyTrip
Bengaluru,Mumbai,IndiGo,6E- 312,1 Stop,2026-10-15,09:15,14:25,05h 10m,6831.0,6505.71,325.29,INR,,2026-08-31 15:47:18,EaseMyTrip
Bengaluru,Mumbai,IndiGo,6E- 684,1 Stop,2026-10-15,22:30,04:30,06h 00m,6831.0,6505.71,325.29,INR,,2026-08-31 15:47:18,EaseMyTrip
Bengaluru,Mumbai,IndiGo,6E- 484,1 Stop,2026-10-15,08:15,14:25,06h 10m,6831.0,6505.71,325.29,INR,,2026-08-31 15:47:18,EaseMyTrip
Bengaluru,Mumbai,IndiGo,6E-6067,1 Stop,2026-10-15,16:30,20:30,04h 00m,6831.0,6505.71,325.29,INR,,2026-08-31 15:47:18,EaseMyTrip
Bengaluru,Mumbai,IndiGo,6E-6404,1 Stop,2026-10-15,11:35,15:55,04h 20m,6831.0,6505.71,325.29,INR,,2026-08-31 15:47:18,EaseMyTrip
Hyderbad,Mumbai,IndiGo,6E-5259,Nonstop,2026-09-15,17:20,18:50,01h 30m,6832.0,6506.67,325.33,INR,,2026-08-31 15:53:23,EaseMyTrip
Hyderbad,Mumbai,IndiGo,6E-6363,Nonstop,2026-09-15,23:30,01:00,01h 30m,6832.0,6506.67,325.33,INR,1 Seat Left,2026-08-31 15:53:23,EaseMyTrip
Hyderbad,Mumbai,IndiGo,6E-5039,Nonstop,2026-09-15,19:00,20:30,01h 30m,6832.0,6506.67,325.33,INR,5 Seats Left,2026-08-31 15:53:23,EaseMyTrip
New Delhi,Mumbai,IndiGo,6E-6010,1 Stop,2026-09-01,11:20,17:15,05h 55m,6835.0,6509.52,325.48,INR,,2026-08-31 15:44:24,EaseMyTrip
New Delhi,Kolkata,Air India Express,IX-1001,1 Stop,2026-09-07,09:00,18:15,09h 15m,6846.0,6520.0,326.0,INR,9 Seats Left,2026-08-31 15:49:54,EaseMyTrip
New Delhi,Kolkata,Air India Express,IX-1273,1 Stop,2026-09-07,12:20,18:15,05h 55m,6846.0,6520.0,326.0,INR,9 Seats Left,2026-08-31 15:49:54,EaseMyTrip
New Delhi,Kolkata,Air India Express,IX-1081,1 Stop,2026-09-07,15:25,21:30,06h 05m,6846.0,6520.0,326.0,INR,9 Seats Left,2026-08-31 15:49:54,EaseMyTrip
Bengaluru,Navi Mumbai,IndiGo,6E-6030,Nonstop,2026-09-01,15:00,16:40,01h 40m,6855.0,6528.57,326.43,INR,,2026-08-31 15:46:28,EaseMyTrip
New Delhi,Pune,IndiGo,6E-5119,1 Stop,2026-09-15,05:10,15:10,10h 00m,6865.0,6538.1,326.9,INR,,2026-08-31 15:49:00,EaseMyTrip
New Delhi,Pune,IndiGo,6E-5073,1 Stop,2026-09-30,17:05,22:00,04h 55m,6865.0,6538.1,326.9,INR,,2026-08-31 15:49:14,EaseMyTrip
New Delhi,Mumbai,IndiGo,6E-6479,1 Stop,2026-09-01,21:25,02:15,04h 50m,6869.0,6541.9,327.1,INR,6 Seats Left,2026-08-31 15:44:24,EaseMyTrip
New Delhi,Mumbai,IndiGo,6E-5206,1 Stop,2026-09-01,13:20,18:30,05h 10m,6869.0,6541.9,327.1,INR,7 Seats Left,2026-08-31 15:44:24,EaseMyTrip
New Delhi,Hyderbad,IndiGo,6E- 907,1 Stop,2026-10-15,10:00,14:50,04h 50m,6883.0,6555.24,327.76,INR,5 Seats Left,2026-08-31 15:48:22,EaseMyTrip
New Delhi,Hyderbad,IndiGo,6E-5119,1 Stop,2026-10-15,05:10,10:15,05h 05m,6883.0,6555.24,327.76,INR,,2026-08-31 15:48:22,EaseMyTrip
New Delhi,Hyderbad,IndiGo,6E- 931,1 Stop,2026-10-15,19:30,00:45,05h 15m,6883.0,6555.24,327.76,INR,,2026-08-31 15:48:22,EaseMyTrip
New Delhi,Hyderbad,IndiGo,6E-6459,1 Stop,2026-10-15,05:55,10:50,04h 55m,6883.0,6555.24,327.76,INR,3 Seats Left,2026-08-31 15:48:22,EaseMyTrip
New Delhi,Hyderbad,IndiGo,6E-5119,1 Stop,2026-09-30,05:10,10:15,05h 05m,6885.0,6557.14,327.86,INR,9 Seats Left,2026-08-31 15:48:09,EaseMyTrip
New Delhi,Kolkata,IndiGo,6E-6245,1 Stop,2026-09-15,06:20,13:45,07h 25m,6892.0,6563.81,328.19,INR,,2026-08-31 15:50:06,EaseMyTrip
Bengaluru,Mumbai,Air India,AI-2858,Nonstop,2026-09-01,02:20,04:10,01h 50m,6895.0,6566.67,328.33,INR,6 Seats Left,2026-08-31 15:46:28,EaseMyTrip
Bengaluru,Mumbai,Air India,AI-2840,Nonstop,2026-09-30,22:30,00:35,02h 05m,6895.0,6566.67,328.33,INR,7 Seats Left,2026-08-31 15:47:06,EaseMyTrip
Bengaluru,Mumbai,Air India,AI-2811,Nonstop,2026-09-01,23:40,01:45,02h 05m,6895.0,6566.67,328.33,INR,3 Seats Left,2026-08-31 15:46:28,EaseMyTrip
New Delhi,Kolkata,IndiGo,6E-5041,1 Stop,2026-09-07,15:10,20:30,05h 20m,6911.0,6581.9,329.1,INR,6 Seats Left,2026-08-31 15:49:54,EaseMyTrip
New Delhi,Kolkata,IndiGo,6E-5215,1 Stop,2026-09-01,07:45,14:30,06h 45m,6911.0,6581.9,329.1,INR,,2026-08-31 15:49:41,EaseMyTrip
New Delhi,Kolkata,IndiGo,6E-5215,1 Stop,2026-09-07,07:45,14:30,06h 45m,6911.0,6581.9,329.1,INR,,2026-08-31 15:49:54,EaseMyTrip
New Delhi,Kolkata,IndiGo,6E-6378,1 Stop,2026-09-07,14:40,19:20,04h 40m,6911.0,6581.9,329.1,INR,3 Seats Left,2026-08-31 15:49:54,EaseMyTrip
New Delhi,Pune,IndiGo,6E-2076,1 Stop,2026-10-15,07:30,15:10,07h 40m,6916.0,6586.67,329.33,INR,,2026-08-31 15:49:28,EaseMyTrip
New Delhi,Pune,IndiGo,6E-2341,1 Stop,2026-10-15,14:50,22:00,07h 10m,6916.0,6586.67,329.33,INR,,2026-08-31 15:49:28,EaseMyTrip
New Delhi,Pune,IndiGo,6E- 907,1 Stop,2026-10-15,10:00,15:10,05h 10m,6916.0,6586.67,329.33,INR,,2026-08-31 15:49:28,EaseMyTrip
New Delhi,Pune,IndiGo,6E-2331,1 Stop,2026-10-15,12:20,22:00,09h 40m,6916.0,6586.67,329.33,INR,,2026-08-31 15:49:28,EaseMyTrip
New Delhi,Pune,IndiGo,6E-5073,1 Stop,2026-10-15,17:05,22:00,04h 55m,6916.0,6586.67,329.33,INR,,2026-08-31 15:49:28,EaseMyTrip
Bengaluru,Navi Mumbai,IndiGo,6E-6653,1 Stop,2026-09-15,12:35,23:00,10h 25m,6933.0,6602.86,330.14,INR,,2026-08-31 15:46:54,EaseMyTrip
Bengaluru,Navi Mumbai,IndiGo,6E-6168,1 Stop,2026-09-15,17:40,23:00,05h 20m,6933.0,6602.86,330.14,INR,,2026-08-31 15:46:54,EaseMyTrip
Bengaluru,Navi Mumbai,IndiGo,6E-6554,1 Stop,2026-09-30,19:15,23:00,03h 45m,6933.0,6602.86,330.14,INR,2 Seats Left,2026-08-31 15:47:06,EaseMyTrip
Bengaluru,Navi Mumbai,IndiGo,6E-6168,1 Stop,2026-09-30,17:40,23:00,05h 20m,6933.0,6602.86,330.14,INR,,2026-08-31 15:47:06,EaseMyTrip
Bengaluru,Navi Mumbai,IndiGo,6E-6554,1 Stop,2026-09-15,19:15,23:00,03h 45m,6933.0,6602.86,330.14,INR,,2026-08-31 15:46:54,EaseMyTrip
Bengaluru,Navi Mumbai,IndiGo,6E-6753,1 Stop,2026-09-30,15:15,23:00,07h 45m,6933.0,6602.86,330.14,INR,6 Seats Left,2026-08-31 15:47:06,EaseMyTrip
Bengaluru,Navi Mumbai,IndiGo,6E-6753,1 Stop,2026-09-15,15:15,23:00,07h 45m,6933.0,6602.86,330.14,INR,,2026-08-31 15:46:54,EaseMyTrip
New Delhi,Kolkata,IndiGo,6E-6829,1 Stop,2026-09-07,17:20,22:40,05h 20m,6937.0,6606.67,330.33,INR,,2026-08-31 15:49:54,EaseMyTrip
New Delhi,Kolkata,IndiGo,6E-6829,1 Stop,2026-09-01,17:20,22:40,05h 20m,6937.0,6606.67,330.33,INR,,2026-08-31 15:49:41,EaseMyTrip
New Delhi,Hyderbad,IndiGo,6E-6476,1 Stop,2026-10-15,07:05,12:10,05h 05m,6962.0,6630.48,331.52,INR,,2026-08-31 15:48:22,EaseMyTrip
New Delhi,Hyderbad,IndiGo,6E-2267,1 Stop,2026-10-15,16:40,22:45,06h 05m,6962.0,6630.48,331.52,INR,,2026-08-31 15:48:22,EaseMyTrip
Bengaluru,Kolkata,IndiGo,6E-6067,1 Stop,2026-09-07,16:30,23:25,06h 55m,6963.0,6631.43,331.57,INR,2 Seats Left,2026-08-31 15:54:16,EaseMyTrip
Bengaluru,Kolkata,IndiGo,6E- 356,1 Stop,2026-09-07,17:15,23:30,06h 15m,6963.0,6631.43,331.57,INR,,2026-08-31 15:54:16,EaseMyTrip
Bengaluru,Kolkata,IndiGo,6E- 537,1 Stop,2026-09-07,10:15,16:20,06h 05m,6963.0,6631.43,331.57,INR,9 Seats Left,2026-08-31 15:54:16,EaseMyTrip
Bengaluru,Kolkata,IndiGo,6E-6269,1 Stop,2026-09-07,07:15,14:10,06h 55m,6963.0,6631.43,331.57,INR,,2026-08-31 15:54:16,EaseMyTrip
Bengaluru,Kolkata,IndiGo,6E- 638,1 Stop,2026-09-07,18:35,23:25,04h 50m,6963.0,6631.43,331.57,INR,8 Seats Left,2026-08-31 15:54:16,EaseMyTrip
Bengaluru,Kolkata,IndiGo,6E-6017,1 Stop,2026-09-07,18:15,23:30,05h 15m,6963.0,6631.43,331.57,INR,,2026-08-31 15:54:16,EaseMyTrip
Bengaluru,Kolkata,IndiGo,6E- 676,Nonstop,2026-09-07,18:30,21:10,02h 40m,6975.0,6642.86,332.14,INR,3 Seats Left,2026-08-31 15:54:16,EaseMyTrip
Bengaluru,Kolkata,IndiGo,6E- 223,Nonstop,2026-09-07,17:05,19:55,02h 50m,6975.0,6642.86,332.14,INR,9 Seats Left,2026-08-31 15:54:16,EaseMyTrip
Bengaluru,Kolkata,IndiGo,6E- 442,Nonstop,2026-09-07,08:10,10:35,02h 25m,6975.0,6642.86,332.14,INR,6 Seats Left,2026-08-31 15:54:16,EaseMyTrip
Bengaluru,Kolkata,IndiGo,6E-6572,Nonstop,2026-09-07,15:05,17:45,02h 40m,6975.0,6642.86,332.14,INR,7 Seats Left,2026-08-31 15:54:16,EaseMyTrip
Bengaluru,Kolkata,IndiGo,6E- 172,Nonstop,2026-09-07,13:40,16:20,02h 40m,6975.0,6642.86,332.14,INR,7 Seats Left,2026-08-31 15:54:16,EaseMyTrip
New Delhi,Kolkata,IndiGo,6E-6459,1 Stop,2026-09-15,05:55,13:25,07h 30m,7023.0,6688.57,334.43,INR,,2026-08-31 15:50:06,EaseMyTrip
New Delhi,Kolkata,IndiGo,6E-2361,1 Stop,2026-09-15,14:35,22:15,07h 40m,7023.0,6688.57,334.43,INR,,2026-08-31 15:50:06,EaseMyTrip
Bengaluru,Mumbai,AkasaAir,QP-1528,Nonstop,2026-09-01,10:20,12:10,01h 50m,7027.0,6692.38,334.62,INR,7 Seats Left,2026-08-31 15:46:28,EaseMyTrip
New Delhi,Pune,Air India Express,IX-1257,Nonstop,2026-09-15,22:25,00:40,02h 15m,7034.0,6699.05,334.95,INR,9 Seats Left,2026-08-31 15:49:00,EaseMyTrip
New Delhi,Pune,Air India Express,IX-1257,Nonstop,2026-09-07,22:25,00:40,02h 15m,7034.0,6699.05,334.95,INR,9 Seats Left,2026-08-31 15:48:47,EaseMyTrip
New Delhi,Pune,Air India Express,IX-1230,Nonstop,2026-09-15,04:40,06:55,02h 15m,7034.0,6699.05,334.95,INR,9 Seats Left,2026-08-31 15:49:00,EaseMyTrip
New Delhi,Pune,Air India Express,IX-1230,Nonstop,2026-09-30,04:40,06:55,02h 15m,7034.0,6699.05,334.95,INR,9 Seats Left,2026-08-31 15:49:14,EaseMyTrip
New Delhi,Pune,IndiGo,6E-2618,Nonstop,2026-09-15,23:00,01:05,02h 05m,7035.0,6700.0,335.0,INR,,2026-08-31 15:49:00,EaseMyTrip
New Delhi,Pune,IndiGo,6E-2343,Nonstop,2026-09-15,02:20,04:25,02h 05m,7035.0,6700.0,335.0,INR,,2026-08-31 15:49:00,EaseMyTrip
New Delhi,Pune,IndiGo,6E-2487,Nonstop,2026-09-15,11:50,14:05,02h 15m,7035.0,6700.0,335.0,INR,9 Seats Left,2026-08-31 15:49:00,EaseMyTrip
New Delhi,Pune,IndiGo,6E-2618,Nonstop,2026-09-07,23:00,01:05,02h 05m,7035.0,6700.0,335.0,INR,,2026-08-31 15:48:47,EaseMyTrip
New Delhi,Pune,IndiGo,6E-5322,Nonstop,2026-09-15,04:40,06:45,02h 05m,7035.0,6700.0,335.0,INR,1 Seat Left,2026-08-31 15:49:00,EaseMyTrip
New Delhi,Pune,IndiGo,6E-2487,Nonstop,2026-09-30,11:50,14:05,02h 15m,7035.0,6700.0,335.0,INR,,2026-08-31 15:49:14,EaseMyTrip
New Delhi,Pune,IndiGo,6E-2618,Nonstop,2026-09-30,23:00,01:05,02h 05m,7035.0,6700.0,335.0,INR,,2026-08-31 15:49:14,EaseMyTrip
New Delhi,Pune,AkasaAir,QP-1608,Nonstop,2026-09-15,15:00,17:15,02h 15m,7036.0,6700.95,335.05,INR,9 Seats Left,2026-08-31 15:49:00,EaseMyTrip
New Delhi,Pune,AkasaAir,QP-1871,Nonstop,2026-09-30,10:50,13:05,02h 15m,7036.0,6700.95,335.05,INR,9 Seats Left,2026-08-31 15:49:14,EaseMyTrip
New Delhi,Pune,AkasaAir,QP-1608,Nonstop,2026-09-30,15:00,17:15,02h 15m,7036.0,6700.95,335.05,INR,9 Seats Left,2026-08-31 15:49:14,EaseMyTrip
New Delhi,Pune,AkasaAir,QP-1871,Nonstop,2026-09-15,10:50,13:05,02h 15m,7036.0,6700.95,335.05,INR,9 Seats Left,2026-08-31 15:49:00,EaseMyTrip
New Delhi,Pune,AkasaAir,QP-1809,Nonstop,2026-09-15,18:10,20:25,02h 15m,7036.0,6700.95,335.05,INR,9 Seats Left,2026-08-31 15:49:00,EaseMyTrip
New Delhi,Pune,AkasaAir,QP-1809,Nonstop,2026-09-07,18:10,20:25,02h 15m,7036.0,6700.95,335.05,INR,8 Seats Left,2026-08-31 15:48:47,EaseMyTrip
Bengaluru,Mumbai,IndiGo,6E-6017,1 Stop,2026-09-01,18:15,00:30,06h 15m,7041.0,6705.71,335.29,INR,,2026-08-31 15:46:28,EaseMyTrip
Bengaluru,Mumbai,IndiGo,6E-6077,1 Stop,2026-09-01,20:20,00:30,04h 10m,7041.0,6705.71,335.29,INR,,2026-08-31 15:46:28,EaseMyTrip
Bengaluru,Mumbai,IndiGo,6E-6562,1 Stop,2026-09-01,21:50,04:45,06h 55m,7041.0,6705.71,335.29,INR,,2026-08-31 15:46:28,EaseMyTrip
Bengaluru,Mumbai,IndiGo,6E-6208,1 Stop,2026-09-01,12:50,18:40,05h 50m,7041.0,6705.71,335.29,INR,6 Seats Left,2026-08-31 15:46:28,EaseMyTrip
Bengaluru,Mumbai,IndiGo,6E-6012,1 Stop,2026-09-01,19:30,00:30,05h 00m,7041.0,6705.71,335.29,INR,,2026-08-31 15:46:28,EaseMyTrip
Bengaluru,Mumbai,IndiGo,6E-5089,Nonstop,2026-09-01,05:30,07:15,01h 45m,7084.0,6746.67,337.33,INR,1 Seat Left,2026-08-31 15:46:28,EaseMyTrip
New Delhi,Hyderbad,Air India Express,IX-1001,1 Stop,2026-09-15,09:00,20:45,11h 45m,7092.0,6754.29,337.71,INR,9 Seats Left,2026-08-31 15:47:56,EaseMyTrip
New Delhi,Hyderbad,Air India Express,IX-1067,1 Stop,2026-09-15,06:10,20:45,14h 35m,7092.0,6754.29,337.71,INR,9 Seats Left,2026-08-31 15:47:56,EaseMyTrip
New Delhi,Hyderbad,IndiGo,6E-6814,1 Stop,2026-10-15,07:15,13:20,06h 05m,7093.0,6755.24,337.76,INR,,2026-08-31 15:48:22,EaseMyTrip
New Delhi,Pune,IndiGo,6E- 931,1 Stop,2026-09-30,19:35,03:50,08h 15m,7094.0,6756.19,337.81,INR,,2026-08-31 15:49:14,EaseMyTrip
Bengaluru,Kolkata,IndiGo,6E- 405,1 Stop,2026-09-07,07:40,13:25,05h 45m,7095.0,6757.14,337.86,INR,,2026-08-31 15:54:16,EaseMyTrip
New Delhi,Hyderbad,IndiGo,6E- 327,1 Stop,2026-09-15,16:15,22:45,06h 30m,7095.0,6757.14,337.86,INR,,2026-08-31 15:47:56,EaseMyTrip
New Delhi,Hyderbad,IndiGo,6E-6328,1 Stop,2026-09-15,10:15,16:45,06h 30m,7095.0,6757.14,337.86,INR,,2026-08-31 15:47:56,EaseMyTrip
New Delhi,Hyderbad,IndiGo,6E- 303,1 Stop,2026-09-15,20:00,02:10,06h 10m,7095.0,6757.14,337.86,INR,,2026-08-31 15:47:56,EaseMyTrip
New Delhi,Hyderbad,IndiGo,6E- 329,1 Stop,2026-09-15,18:00,00:35,06h 35m,7095.0,6757.14,337.86,INR,,2026-08-31 15:47:56,EaseMyTrip
New Delhi,Hyderbad,IndiGo,6E-2361,1 Stop,2026-09-15,14:35,20:30,05h 55m,7095.0,6757.14,337.86,INR,6 Seats Left,2026-08-31 15:47:56,EaseMyTrip
New Delhi,Hyderbad,IndiGo,6E-2296,1 Stop,2026-09-15,09:20,14:45,05h 25m,7095.0,6757.14,337.86,INR,2 Seats Left,2026-08-31 15:47:56,EaseMyTrip
New Delhi,Hyderbad,IndiGo,6E- 354,1 Stop,2026-09-15,19:00,00:35,05h 35m,7095.0,6757.14,337.86,INR,,2026-08-31 15:47:56,EaseMyTrip
New Delhi,Hyderbad,IndiGo,6E-6676,1 Stop,2026-09-15,12:00,18:20,06h 20m,7095.0,6757.14,337.86,INR,,2026-08-31 15:47:56,EaseMyTrip
New Delhi,Hyderbad,IndiGo,6E-2453,1 Stop,2026-09-15,13:35,20:05,06h 30m,7095.0,6757.14,337.86,INR,,2026-08-31 15:47:56,EaseMyTrip
New Delhi,Kolkata,IndiGo,6E-2296,1 Stop,2026-09-15,09:20,17:05,07h 45m,7102.0,6763.81,338.19,INR,8 Seats Left,2026-08-31 15:50:06,EaseMyTrip
New Delhi,Kolkata,IndiGo,6E-5038,1 Stop,2026-09-15,14:00,20:40,06h 40m,7102.0,6763.81,338.19,INR,,2026-08-31 15:50:06,EaseMyTrip
New Delhi,Kolkata,IndiGo,6E-6190,1 Stop,2026-09-15,07:40,15:20,07h 40m,7102.0,6763.81,338.19,INR,4 Seats Left,2026-08-31 15:50:06,EaseMyTrip
New Delhi,Kolkata,IndiGo,6E-2341,1 Stop,2026-09-07,14:50,20:10,05h 20m,7147.0,6806.67,340.33,INR,,2026-08-31 15:49:54,EaseMyTrip
New Delhi,Kolkata,IndiGo,6E-5073,1 Stop,2026-09-07,17:05,00:40,07h 35m,7147.0,6806.67,340.33,INR,,2026-08-31 15:49:54,EaseMyTrip
New Delhi,Kolkata,IndiGo,6E-2331,1 Stop,2026-09-07,12:20,20:10,07h 50m,7147.0,6806.67,340.33,INR,,2026-08-31 15:49:54,EaseMyTrip
New Delhi,Kolkata,IndiGo,6E-6282,1 Stop,2026-09-07,13:30,20:05,06h 35m,7147.0,6806.67,340.33,INR,,2026-08-31 15:49:54,EaseMyTrip
New Delhi,Kolkata,IndiGo,6E-5073,1 Stop,2026-09-01,17:05,00:40,07h 35m,7147.0,6806.67,340.33,INR,3 Seats Left,2026-08-31 15:49:41,EaseMyTrip
New Delhi,Kolkata,IndiGo,6E-6217,1 Stop,2026-09-07,16:15,23:25,07h 10m,7147.0,6806.67,340.33,INR,,2026-08-31 15:49:54,EaseMyTrip
New Delhi,Kolkata,IndiGo,6E- 882,1 Stop,2026-09-01,23:15,08:05,08h 50m,7147.0,6806.67,340.33,INR,,2026-08-31 15:49:41,EaseMyTrip
Ahmedabad,New Delhi,Air India,AI-2546,Nonstop,2026-10-15,23:00,00:45,01h 45m,7151.0,6810.48,340.52,INR,1 Seat Left,2026-08-31 15:51:38,EaseMyTrip
Ahmedabad,New Delhi,Air India,AI-2906,Nonstop,2026-10-15,06:25,08:15,01h 50m,7151.0,6810.48,340.52,INR,7 Seats Left,2026-08-31 15:51:38,EaseMyTrip
Ahmedabad,New Delhi,Air India,AI-2716,Nonstop,2026-09-07,14:00,15:35,01h 35m,7151.0,6810.48,340.52,INR,9 Seats Left,2026-08-31 15:50:58,EaseMyTrip
New Delhi,Pune,IndiGo,6E-2013,1 Stop,2026-09-07,21:50,03:50,06h 00m,7161.0,6820.0,341.0,INR,6 Seats Left,2026-08-31 15:48:47,EaseMyTrip
New Delhi,Hyderbad,IndiGo,6E- 810,1 Stop,2026-10-15,07:05,12:50,05h 45m,7172.0,6830.48,341.52,INR,,2026-08-31 15:48:22,EaseMyTrip
New Delhi,Hyderbad,IndiGo,6E- 880,1 Stop,2026-10-15,15:45,21:00,05h 15m,7172.0,6830.48,341.52,INR,6 Seats Left,2026-08-31 15:48:22,EaseMyTrip
New Delhi,Hyderbad,IndiGo,6E- 837,1 Stop,2026-10-15,17:00,22:40,05h 40m,7172.0,6830.48,341.52,INR,,2026-08-31 15:48:22,EaseMyTrip
Bengaluru,Mumbai,IndiGo,6E- 747,1 Stop,2026-09-01,17:55,23:45,05h 50m,7172.0,6830.48,341.52,INR,,2026-08-31 15:46:28,EaseMyTrip
Bengaluru,Kolkata,IndiGo,6E-6277,1 Stop,2026-09-07,14:45,21:05,06h 20m,7173.0,6831.43,341.57,INR,,2026-08-31 15:54:16,EaseMyTrip
Bengaluru,Kolkata,IndiGo,6E-6801,1 Stop,2026-09-07,08:25,13:45,05h 20m,7173.0,6831.43,341.57,INR,3 Seats Left,2026-08-31 15:54:16,EaseMyTrip
New Delhi,Hyderbad,IndiGo,6E- 820,1 Stop,2026-09-15,03:00,09:30,06h 30m,7174.0,6832.38,341.62,INR,,2026-08-31 15:47:56,EaseMyTrip
New Delhi,Hyderbad,IndiGo,6E- 850,1 Stop,2026-09-30,12:20,17:45,05h 25m,7174.0,6832.38,341.62,INR,,2026-08-31 15:48:09,EaseMyTrip
New Delhi,Hyderbad,IndiGo,6E- 837,1 Stop,2026-09-15,17:00,22:45,05h 45m,7174.0,6832.38,341.62,INR,7 Seats Left,2026-08-31 15:47:56,EaseMyTrip
New Delhi,Hyderbad,IndiGo,6E- 828,1 Stop,2026-09-15,14:30,19:45,05h 15m,7174.0,6832.38,341.62,INR,,2026-08-31 15:47:56,EaseMyTrip
New Delhi,Hyderbad,IndiGo,6E- 880,1 Stop,2026-09-15,15:45,21:00,05h 15m,7174.0,6832.38,341.62,INR,,2026-08-31 15:47:56,EaseMyTrip
Ahmedabad,New Delhi,IndiGo,6E-2263,Nonstop,2026-09-01,19:25,21:05,01h 40m,7205.0,6861.9,343.1,INR,,2026-08-31 15:50:45,EaseMyTrip
Ahmedabad,New Delhi,IndiGo,6E-2340,Nonstop,2026-09-01,12:15,14:10,01h 55m,7205.0,6861.9,343.1,INR,5 Seats Left,2026-08-31 15:50:45,EaseMyTrip
New Delhi,Kolkata,IndiGo,6E-5215,1 Stop,2026-09-15,07:45,14:30,06h 45m,7207.0,6863.81,343.19,INR,,2026-08-31 15:50:06,EaseMyTrip
New Delhi,Kolkata,IndiGo,6E-5041,1 Stop,2026-09-15,15:10,20:30,05h 20m,7207.0,6863.81,343.19,INR,,2026-08-31 15:50:06,EaseMyTrip
New Delhi,Kolkata,IndiGo,6E-6829,1 Stop,2026-09-15,17:20,22:40,05h 20m,7233.0,6888.57,344.43,INR,,2026-08-31 15:50:06,EaseMyTrip
New Delhi,Pune,IndiGo,6E-2618,Nonstop,2026-09-01,23:00,01:05,02h 05m,7245.0,6900.0,345.0,INR,2 Seats Left,2026-08-31 15:48:35,EaseMyTrip
New Delhi,Pune,IndiGo,6E-2623,Nonstop,2026-09-30,18:15,20:20,02h 05m,7245.0,6900.0,345.0,INR,,2026-08-31 15:49:14,EaseMyTrip
New Delhi,Pune,IndiGo,6E-2487,Nonstop,2026-09-07,11:50,14:05,02h 15m,7245.0,6900.0,345.0,INR,2 Seats Left,2026-08-31 15:48:47,EaseMyTrip
New Delhi,Pune,IndiGo,6E-2623,Nonstop,2026-09-07,18:15,20:20,02h 05m,7245.0,6900.0,345.0,INR,5 Seats Left,2026-08-31 15:48:47,EaseMyTrip
New Delhi,Pune,IndiGo,6E-5322,Nonstop,2026-09-07,04:40,06:45,02h 05m,7245.0,6900.0,345.0,INR,,2026-08-31 15:48:47,EaseMyTrip
New Delhi,Pune,IndiGo,6E-2343,Nonstop,2026-09-07,02:20,04:25,02h 05m,7245.0,6900.0,345.0,INR,,2026-08-31 15:48:47,EaseMyTrip
New Delhi,Pune,IndiGo,6E-5322,Nonstop,2026-09-30,04:40,06:45,02h 05m,7245.0,6900.0,345.0,INR,,2026-08-31 15:49:14,EaseMyTrip
New Delhi,Pune,IndiGo,6E-2623,Nonstop,2026-09-15,18:15,20:20,02h 05m,7245.0,6900.0,345.0,INR,,2026-08-31 15:49:00,EaseMyTrip
New Delhi,Kolkata,IndiGo,6E- 734,1 Stop,2026-09-07,16:20,22:50,06h 30m,7257.0,6911.43,345.57,INR,7 Seats Left,2026-08-31 15:49:54,EaseMyTrip
Ahmedabad,New Delhi,Air India,AI-2938,Nonstop,2026-09-01,18:55,20:40,01h 45m,7262.0,6916.19,345.81,INR,9 Seats Left,2026-08-31 15:50:45,EaseMyTrip
Bengaluru,Mumbai,IndiGo,6E-5351,Nonstop,2026-09-01,14:20,16:05,01h 45m,7277.0,6930.48,346.52,INR,,2026-08-31 15:46:28,EaseMyTrip
New Delhi,Pune,SpiceJet,SG- 105,Nonstop,2026-09-01,21:45,23:55,02h 10m,7289.0,6941.9,347.1,INR,,2026-08-31 15:48:35,EaseMyTrip
New Delhi,Pune,SpiceJet,SG- 939,Nonstop,2026-09-01,16:55,19:25,02h 30m,7289.0,6941.9,347.1,INR,1 Seat Left,2026-08-31 15:48:35,EaseMyTrip
New Delhi,Hyderbad,IndiGo,6E-6018,1 Stop,2026-10-15,04:40,10:05,05h 25m,7298.0,6950.48,347.52,INR,,2026-08-31 15:48:22,EaseMyTrip
New Delhi,Pune,AkasaAir,QP-1608,Nonstop,2026-09-07,15:00,17:15,02h 15m,7298.0,6950.48,347.52,INR,9 Seats Left,2026-08-31 15:48:47,EaseMyTrip
New Delhi,Pune,AkasaAir,QP-1809,Nonstop,2026-09-30,18:10,20:25,02h 15m,7298.0,6950.48,347.52,INR,9 Seats Left,2026-08-31 15:49:14,EaseMyTrip
New Delhi,Pune,AkasaAir,QP-1871,Nonstop,2026-09-07,10:50,13:05,02h 15m,7298.0,6950.48,347.52,INR,9 Seats Left,2026-08-31 15:48:47,EaseMyTrip
New Delhi,Pune,IndiGo,6E-2013,1 Stop,2026-09-15,21:50,03:50,06h 00m,7304.0,6956.19,347.81,INR,,2026-08-31 15:49:00,EaseMyTrip
New Delhi,Pune,IndiGo,6E- 931,1 Stop,2026-09-15,19:35,03:50,08h 15m,7304.0,6956.19,347.81,INR,,2026-08-31 15:49:00,EaseMyTrip
New Delhi,Hyderbad,IndiGo,6E-6091,1 Stop,2026-09-15,15:15,21:25,06h 10m,7305.0,6957.14,347.86,INR,,2026-08-31 15:47:56,EaseMyTrip
New Delhi,Hyderbad,IndiGo,6E- 434,1 Stop,2026-09-15,11:00,17:25,06h 25m,7305.0,6957.14,347.86,INR,,2026-08-31 15:47:56,EaseMyTrip
New Delhi,Hyderbad,IndiGo,6E- 947,1 Stop,2026-09-15,16:40,22:40,06h 00m,7305.0,6957.14,347.86,INR,,2026-08-31 15:47:56,EaseMyTrip
Bengaluru,Kolkata,IndiGo,6E- 105,1 Stop,2026-09-01,18:50,02:20,07h 30m,7305.0,6957.14,347.86,INR,2 Seats Left,2026-08-31 15:54:03,EaseMyTrip
Bengaluru,Kolkata,IndiGo,6E-5031,1 Stop,2026-09-01,16:00,22:45,06h 45m,7305.0,6957.14,347.86,INR,,2026-08-31 15:54:03,EaseMyTrip
Bengaluru,Kolkata,AkasaAir,QP-1561,Nonstop,2026-09-30,06:15,08:50,02h 35m,7311.0,6962.86,348.14,INR,7 Seats Left,2026-08-31 15:54:43,EaseMyTrip
New Delhi,Kolkata,Air India Express,IX-1001,1 Stop,2026-09-15,09:00,21:30,12h 30m,7317.0,6968.57,348.43,INR,9 Seats Left,2026-08-31 15:50:06,EaseMyTrip
New Delhi,Kolkata,Air India Express,IX-1067,1 Stop,2026-09-15,06:10,21:30,15h 20m,7317.0,6968.57,348.43,INR,9 Seats Left,2026-08-31 15:50:06,EaseMyTrip
New Delhi,Pune,Air India Express,IX-1683,1 Stop,2026-09-07,21:20,06:55,09h 35m,7387.0,7035.24,351.76,INR,9 Seats Left,2026-08-31 15:48:47,EaseMyTrip
New Delhi,Pune,Air India Express,IX-1090,1 Stop,2026-09-30,13:10,17:35,04h 25m,7387.0,7035.24,351.76,INR,9 Seats Left,2026-08-31 15:49:14,EaseMyTrip
New Delhi,Pune,Air India Express,IX-1165,1 Stop,2026-09-30,05:45,15:35,09h 50m,7387.0,7035.24,351.76,INR,9 Seats Left,2026-08-31 15:49:14,EaseMyTrip
New Delhi,Pune,Air India Express,IX-1165,1 Stop,2026-09-07,05:45,15:35,09h 50m,7387.0,7035.24,351.76,INR,9 Seats Left,2026-08-31 15:48:47,EaseMyTrip
New Delhi,Pune,Air India Express,IX-1090,1 Stop,2026-09-15,13:10,17:35,04h 25m,7387.0,7035.24,351.76,INR,9 Seats Left,2026-08-31 15:49:00,EaseMyTrip
Noida,Hyderbad,IndiGo,6E-7642,1 Stop,2026-09-30,15:45,23:20,07h 35m,7390.0,7038.1,351.9,INR,,2026-08-31 15:48:09,EaseMyTrip
New Delhi,Kolkata,IndiGo,6E-6503,1 Stop,2026-09-30,13:25,21:20,07h 55m,7417.0,7063.81,353.19,INR,,2026-08-31 15:50:18,EaseMyTrip
New Delhi,Kolkata,IndiGo,6E-6503,1 Stop,2026-09-15,13:25,19:40,06h 15m,7417.0,7063.81,353.19,INR,,2026-08-31 15:50:06,EaseMyTrip
Ahmedabad,Noida,IndiGo,6E-7145,1 Stop,2026-10-15,07:45,18:05,10h 20m,7419.0,7065.71,353.29,INR,2 Seats Left,2026-08-31 15:51:38,EaseMyTrip
New Delhi,Hyderbad,IndiGo,6E-5073,1 Stop,2026-09-07,17:05,22:30,05h 25m,7429.0,7075.24,353.76,INR,4 Seats Left,2026-08-31 15:47:44,EaseMyTrip
New Delhi,Hyderbad,IndiGo,6E-5119,1 Stop,2026-09-15,05:10,10:15,05h 05m,7432.0,7078.1,353.9,INR,3 Seats Left,2026-08-31 15:47:56,EaseMyTrip
New Delhi,Hyderbad,IndiGo,6E-2557,1 Stop,2026-09-30,15:20,21:30,06h 10m,7432.0,7078.1,353.9,INR,,2026-08-31 15:48:09,EaseMyTrip
Bengaluru,Kolkata,IndiGo,6E-6774,1 Stop,2026-09-01,16:25,22:25,06h 00m,7436.0,7081.9,354.1,INR,,2026-08-31 15:54:03,EaseMyTrip
New Delhi,Pune,IndiGo,6E-6673,Nonstop,2026-09-15,21:15,23:20,02h 05m,7441.0,7086.67,354.33,INR,,2026-08-31 15:49:00,EaseMyTrip
New Delhi,Pune,IndiGo,6E-2132,Nonstop,2026-09-30,09:40,11:45,02h 05m,7441.0,7086.67,354.33,INR,,2026-08-31 15:49:14,EaseMyTrip
New Delhi,Pune,IndiGo,6E-2262,Nonstop,2026-09-30,06:10,08:10,02h 00m,7441.0,7086.67,354.33,INR,,2026-08-31 15:49:14,EaseMyTrip
New Delhi,Pune,IndiGo,6E-2132,Nonstop,2026-09-15,09:40,11:45,02h 05m,7441.0,7086.67,354.33,INR,,2026-08-31 15:49:00,EaseMyTrip
New Delhi,Pune,IndiGo,6E-2343,Nonstop,2026-09-30,02:20,04:25,02h 05m,7441.0,7086.67,354.33,INR,,2026-08-31 15:49:14,EaseMyTrip
New Delhi,Pune,IndiGo,6E-6673,Nonstop,2026-10-15,21:15,23:20,02h 05m,7441.0,7086.67,354.33,INR,6 Seats Left,2026-08-31 15:49:28,EaseMyTrip
New Delhi,Pune,IndiGo,6E-2623,Nonstop,2026-10-15,18:15,20:20,02h 05m,7441.0,7086.67,354.33,INR,,2026-08-31 15:49:28,EaseMyTrip
New Delhi,Pune,IndiGo,6E-2487,Nonstop,2026-10-15,11:50,14:05,02h 15m,7441.0,7086.67,354.33,INR,,2026-08-31 15:49:28,EaseMyTrip
New Delhi,Pune,IndiGo,6E-2132,Nonstop,2026-10-15,09:40,11:45,02h 05m,7441.0,7086.67,354.33,INR,,2026-08-31 15:49:28,EaseMyTrip
New Delhi,Pune,IndiGo,6E-2262,Nonstop,2026-10-15,06:10,08:10,02h 00m,7441.0,7086.67,354.33,INR,,2026-08-31 15:49:28,EaseMyTrip
New Delhi,Pune,IndiGo,6E-2618,Nonstop,2026-10-15,23:00,01:05,02h 05m,7441.0,7086.67,354.33,INR,,2026-08-31 15:49:28,EaseMyTrip
New Delhi,Pune,IndiGo,6E-5322,Nonstop,2026-09-01,04:40,06:45,02h 05m,7441.0,7086.67,354.33,INR,,2026-08-31 15:48:35,EaseMyTrip
New Delhi,Pune,IndiGo,6E-5322,Nonstop,2026-10-15,04:40,06:45,02h 05m,7441.0,7086.67,354.33,INR,,2026-08-31 15:49:28,EaseMyTrip
New Delhi,Pune,IndiGo,6E-6673,Nonstop,2026-09-07,21:15,23:20,02h 05m,7441.0,7086.67,354.33,INR,8 Seats Left,2026-08-31 15:48:47,EaseMyTrip
New Delhi,Pune,IndiGo,6E-2262,Nonstop,2026-09-15,06:10,08:10,02h 00m,7441.0,7086.67,354.33,INR,,2026-08-31 15:49:00,EaseMyTrip
New Delhi,Pune,IndiGo,6E-2343,Nonstop,2026-10-15,02:20,04:25,02h 05m,7441.0,7086.67,354.33,INR,,2026-08-31 15:49:28,EaseMyTrip
New Delhi,Kolkata,IndiGo,6E- 704,1 Stop,2026-09-15,02:25,08:05,05h 40m,7443.0,7088.57,354.43,INR,,2026-08-31 15:50:06,EaseMyTrip
New Delhi,Kolkata,IndiGo,6E-5073,1 Stop,2026-09-30,17:05,00:40,07h 35m,7443.0,7088.57,354.43,INR,,2026-08-31 15:50:18,EaseMyTrip
New Delhi,Kolkata,IndiGo,6E-6217,1 Stop,2026-09-30,16:15,23:25,07h 10m,7443.0,7088.57,354.43,INR,,2026-08-31 15:50:18,EaseMyTrip
New Delhi,Kolkata,IndiGo,6E- 884,1 Stop,2026-09-30,11:45,20:05,08h 20m,7443.0,7088.57,354.43,INR,,2026-08-31 15:50:18,EaseMyTrip
New Delhi,Kolkata,IndiGo,6E- 705,1 Stop,2026-09-15,08:30,14:10,05h 40m,7443.0,7088.57,354.43,INR,,2026-08-31 15:50:06,EaseMyTrip
New Delhi,Kolkata,IndiGo,6E- 717,1 Stop,2026-09-15,17:55,23:25,05h 30m,7443.0,7088.57,354.43,INR,,2026-08-31 15:50:06,EaseMyTrip
New Delhi,Kolkata,IndiGo,6E-6282,1 Stop,2026-09-15,13:30,20:05,06h 35m,7443.0,7088.57,354.43,INR,,2026-08-31 15:50:06,EaseMyTrip
New Delhi,Kolkata,IndiGo,6E- 203,1 Stop,2026-09-30,07:10,14:10,07h 00m,7443.0,7088.57,354.43,INR,3 Seats Left,2026-08-31 15:50:18,EaseMyTrip
New Delhi,Kolkata,IndiGo,6E-6293,1 Stop,2026-09-30,09:55,16:20,06h 25m,7443.0,7088.57,354.43,INR,,2026-08-31 15:50:18,EaseMyTrip
New Delhi,Kolkata,IndiGo,6E-5119,1 Stop,2026-09-15,05:10,12:00,06h 50m,7443.0,7088.57,354.43,INR,,2026-08-31 15:50:06,EaseMyTrip
New Delhi,Kolkata,IndiGo,6E-6282,1 Stop,2026-09-30,13:30,20:05,06h 35m,7443.0,7088.57,354.43,INR,,2026-08-31 15:50:18,EaseMyTrip
New Delhi,Kolkata,IndiGo,6E- 717,1 Stop,2026-09-30,17:55,23:25,05h 30m,7443.0,7088.57,354.43,INR,,2026-08-31 15:50:18,EaseMyTrip
New Delhi,Kolkata,IndiGo,6E- 705,1 Stop,2026-09-30,08:30,14:10,05h 40m,7443.0,7088.57,354.43,INR,3 Seats Left,2026-08-31 15:50:18,EaseMyTrip
New Delhi,Kolkata,IndiGo,6E-6236,1 Stop,2026-09-30,16:20,21:05,04h 45m,7451.0,7096.19,354.81,INR,,2026-08-31 15:50:18,EaseMyTrip
New Delhi,Kolkata,IndiGo,6E-6245,1 Stop,2026-09-30,06:20,13:45,07h 25m,7451.0,7096.19,354.81,INR,,2026-08-31 15:50:18,EaseMyTrip
New Delhi,Kolkata,IndiGo,6E-2453,1 Stop,2026-09-30,13:35,21:05,07h 30m,7451.0,7096.19,354.81,INR,,2026-08-31 15:50:18,EaseMyTrip
Bengaluru,Kolkata,IndiGo,6E- 182,1 Stop,2026-09-01,15:00,20:35,05h 35m,7460.0,7104.76,355.24,INR,5 Seats Left,2026-08-31 15:54:03,EaseMyTrip
Bengaluru,Kolkata,IndiGo,6E- 638,1 Stop,2026-09-15,18:35,23:25,04h 50m,7490.0,7133.33,356.67,INR,,2026-08-31 15:54:30,EaseMyTrip
Bengaluru,Kolkata,IndiGo,6E-6017,1 Stop,2026-09-30,18:15,23:30,05h 15m,7490.0,7133.33,356.67,INR,,2026-08-31 15:54:43,EaseMyTrip
Bengaluru,Kolkata,IndiGo,6E- 356,1 Stop,2026-09-30,17:15,23:30,06h 15m,7490.0,7133.33,356.67,INR,,2026-08-31 15:54:43,EaseMyTrip
Bengaluru,Kolkata,IndiGo,6E- 537,1 Stop,2026-09-30,10:15,16:20,06h 05m,7490.0,7133.33,356.67,INR,,2026-08-31 15:54:43,EaseMyTrip
Bengaluru,Kolkata,IndiGo,6E-6269,1 Stop,2026-09-30,07:15,14:10,06h 55m,7490.0,7133.33,356.67,INR,9 Seats Left,2026-08-31 15:54:43,EaseMyTrip
Bengaluru,Kolkata,IndiGo,6E- 484,1 Stop,2026-09-30,08:15,14:10,05h 55m,7490.0,7133.33,356.67,INR,,2026-08-31 15:54:43,EaseMyTrip
Bengaluru,Kolkata,IndiGo,6E-6067,1 Stop,2026-09-30,16:30,23:25,06h 55m,7490.0,7133.33,356.67,INR,,2026-08-31 15:54:43,EaseMyTrip
Bengaluru,Kolkata,IndiGo,6E- 356,1 Stop,2026-09-15,17:15,23:30,06h 15m,7490.0,7133.33,356.67,INR,,2026-08-31 15:54:30,EaseMyTrip
Bengaluru,Kolkata,IndiGo,6E-6017,1 Stop,2026-09-15,18:15,23:30,05h 15m,7490.0,7133.33,356.67,INR,,2026-08-31 15:54:30,EaseMyTrip
Bengaluru,Kolkata,IndiGo,6E-6208,1 Stop,2026-09-15,12:50,20:35,07h 45m,7490.0,7133.33,356.67,INR,,2026-08-31 15:54:30,EaseMyTrip
Bengaluru,Kolkata,IndiGo,6E- 312,1 Stop,2026-09-30,09:15,14:10,04h 55m,7490.0,7133.33,356.67,INR,,2026-08-31 15:54:43,EaseMyTrip
Bengaluru,Kolkata,IndiGo,6E- 312,1 Stop,2026-09-15,09:15,14:10,04h 55m,7490.0,7133.33,356.67,INR,,2026-08-31 15:54:30,EaseMyTrip
Bengaluru,Kolkata,IndiGo,6E- 484,1 Stop,2026-09-15,08:15,14:10,05h 55m,7490.0,7133.33,356.67,INR,,2026-08-31 15:54:30,EaseMyTrip
Bengaluru,Kolkata,IndiGo,6E-6067,1 Stop,2026-09-15,16:30,23:25,06h 55m,7490.0,7133.33,356.67,INR,,2026-08-31 15:54:30,EaseMyTrip
Bengaluru,Kolkata,IndiGo,6E-6439,Nonstop,2026-09-15,06:30,09:10,02h 40m,7500.0,7142.86,357.14,INR,8 Seats Left,2026-08-31 15:54:30,EaseMyTrip
Bengaluru,Kolkata,Air India Express,IX-1370,Nonstop,2026-09-30,22:15,00:50,02h 35m,7501.0,7143.81,357.19,INR,9 Seats Left,2026-08-31 15:54:43,EaseMyTrip
New Delhi,Pune,IndiGo,6E-2013,1 Stop,2026-10-15,21:50,03:50,06h 00m,7501.0,7143.81,357.19,INR,,2026-08-31 15:49:28,EaseMyTrip
New Delhi,Pune,IndiGo,6E- 931,1 Stop,2026-10-15,19:30,03:50,08h 20m,7501.0,7143.81,357.19,INR,,2026-08-31 15:49:28,EaseMyTrip
Bengaluru,Kolkata,Air India Express,IX-1131,Nonstop,2026-09-15,07:05,09:45,02h 40m,7501.0,7143.81,357.19,INR,9 Seats Left,2026-08-31 15:54:30,EaseMyTrip
New Delhi,Pune,Air India,AI-2469,Nonstop,2026-09-07,04:45,06:55,02h 10m,7506.0,7148.57,357.43,INR,9 Seats Left,2026-08-31 15:48:47,EaseMyTrip
New Delhi,Pune,Air India,AI-1730,Nonstop,2026-09-15,19:10,21:15,02h 05m,7506.0,7148.57,357.43,INR,9 Seats Left,2026-08-31 15:49:00,EaseMyTrip
New Delhi,Pune,Air India,AI-2469,Nonstop,2026-09-15,04:45,06:55,02h 10m,7506.0,7148.57,357.43,INR,9 Seats Left,2026-08-31 15:49:00,EaseMyTrip
New Delhi,Pune,Air India,AI-2609,Nonstop,2026-09-30,23:50,02:05,02h 15m,7506.0,7148.57,357.43,INR,9 Seats Left,2026-08-31 15:49:14,EaseMyTrip
New Delhi,Pune,Air India,AI-2711,Nonstop,2026-09-07,02:00,04:15,02h 15m,7506.0,7148.57,357.43,INR,9 Seats Left,2026-08-31 15:48:47,EaseMyTrip
New Delhi,Pune,Air India,AI-2547,Nonstop,2026-09-07,17:40,19:50,02h 10m,7506.0,7148.57,357.43,INR,9 Seats Left,2026-08-31 15:48:47,EaseMyTrip
New Delhi,Pune,Air India,AI-2609,Nonstop,2026-09-07,23:50,02:05,02h 15m,7506.0,7148.57,357.43,INR,9 Seats Left,2026-08-31 15:48:47,EaseMyTrip
New Delhi,Pune,Air India,AI-2609,Nonstop,2026-09-01,23:50,02:05,02h 15m,7506.0,7148.57,357.43,INR,9 Seats Left,2026-08-31 15:48:35,EaseMyTrip
New Delhi,Pune,Air India,AI-2469,Nonstop,2026-09-01,04:45,06:55,02h 10m,7506.0,7148.57,357.43,INR,9 Seats Left,2026-08-31 15:48:35,EaseMyTrip
New Delhi,Pune,Air India,AI-1730,Nonstop,2026-09-07,19:10,21:15,02h 05m,7506.0,7148.57,357.43,INR,9 Seats Left,2026-08-31 15:48:47,EaseMyTrip
New Delhi,Pune,Air India,AI-2547,Nonstop,2026-09-30,17:40,19:50,02h 10m,7506.0,7148.57,357.43,INR,9 Seats Left,2026-08-31 15:49:14,EaseMyTrip
New Delhi,Pune,Air India,AI-1730,Nonstop,2026-09-30,19:10,21:15,02h 05m,7506.0,7148.57,357.43,INR,9 Seats Left,2026-08-31 15:49:14,EaseMyTrip
New Delhi,Pune,Air India,AI-2469,Nonstop,2026-09-30,04:45,06:55,02h 10m,7506.0,7148.57,357.43,INR,9 Seats Left,2026-08-31 15:49:14,EaseMyTrip
New Delhi,Hyderbad,IndiGo,6E-5038,1 Stop,2026-10-15,14:00,18:55,04h 55m,7508.0,7150.48,357.52,INR,1 Seat Left,2026-08-31 15:48:22,EaseMyTrip
New Delhi,Hyderbad,IndiGo,6E-6440,1 Stop,2026-09-07,16:40,22:45,06h 05m,7508.0,7150.48,357.52,INR,7 Seats Left,2026-08-31 15:47:44,EaseMyTrip
New Delhi,Hyderbad,IndiGo,6E-2623,1 Stop,2026-09-07,18:15,23:40,05h 25m,7508.0,7150.48,357.52,INR,,2026-08-31 15:47:44,EaseMyTrip
New Delhi,Hyderbad,IndiGo,6E-2487,1 Stop,2026-09-07,11:50,17:40,05h 50m,7508.0,7150.48,357.52,INR,,2026-08-31 15:47:44,EaseMyTrip
New Delhi,Hyderbad,IndiGo,6E-6673,1 Stop,2026-09-07,21:15,03:10,05h 55m,7508.0,7150.48,357.52,INR,,2026-08-31 15:47:44,EaseMyTrip
New Delhi,Hyderbad,IndiGo,6E-2623,1 Stop,2026-09-30,18:15,23:40,05h 25m,7511.0,7153.33,357.67,INR,,2026-08-31 15:48:09,EaseMyTrip
New Delhi,Hyderbad,IndiGo,6E-2132,1 Stop,2026-09-30,09:40,16:05,06h 25m,7511.0,7153.33,357.67,INR,,2026-08-31 15:48:09,EaseMyTrip
New Delhi,Hyderbad,IndiGo,6E-5038,1 Stop,2026-09-30,14:00,18:55,04h 55m,7511.0,7153.33,357.67,INR,,2026-08-31 15:48:09,EaseMyTrip
New Delhi,Hyderbad,IndiGo,6E-2343,1 Stop,2026-09-30,02:20,07:50,05h 30m,7511.0,7153.33,357.67,INR,,2026-08-31 15:48:09,EaseMyTrip
New Delhi,Pune,Air India Express,IX-1617,1 Stop,2026-09-30,11:50,15:35,03h 45m,7514.0,7156.19,357.81,INR,9 Seats Left,2026-08-31 15:49:14,EaseMyTrip
New Delhi,Pune,Air India Express,IX-1617,1 Stop,2026-09-07,11:50,15:35,03h 45m,7514.0,7156.19,357.81,INR,9 Seats Left,2026-08-31 15:48:47,EaseMyTrip
Bengaluru,Kolkata,IndiGo,6E-2313,1 Stop,2026-09-01,23:30,07:15,07h 45m,7515.0,7157.14,357.86,INR,,2026-08-31 15:54:03,EaseMyTrip
Bengaluru,Kolkata,IndiGo,6E- 870,1 Stop,2026-09-01,19:30,01:45,06h 15m,7515.0,7157.14,357.86,INR,,2026-08-31 15:54:03,EaseMyTrip
Bengaluru,Kolkata,IndiGo,6E-6034,1 Stop,2026-09-01,18:15,01:45,07h 30m,7515.0,7157.14,357.86,INR,,2026-08-31 15:54:03,EaseMyTrip
Bengaluru,Kolkata,IndiGo,6E-6039,1 Stop,2026-09-01,17:00,00:05,07h 05m,7515.0,7157.14,357.86,INR,2 Seats Left,2026-08-31 15:54:03,EaseMyTrip
New Delhi,Pune,IndiGo,6E-2169,1 Stop,2026-09-01,19:40,04:35,08h 55m,7542.0,7182.86,359.14,INR,,2026-08-31 15:48:35,EaseMyTrip
New Delhi,Pune,IndiGo,6E-2169,1 Stop,2026-10-15,19:40,23:15,03h 35m,7542.0,7182.86,359.14,INR,,2026-08-31 15:49:28,EaseMyTrip
New Delhi,Pune,IndiGo,6E-6829,1 Stop,2026-10-15,17:20,23:15,05h 55m,7542.0,7182.86,359.14,INR,,2026-08-31 15:49:28,EaseMyTrip
New Delhi,Kolkata,IndiGo,6E-6551,1 Stop,2026-09-30,12:00,18:00,06h 00m,7548.0,7188.57,359.43,INR,,2026-08-31 15:50:18,EaseMyTrip
New Delhi,Kolkata,IndiGo,6E-6371,1 Stop,2026-09-30,06:20,13:30,07h 10m,7548.0,7188.57,359.43,INR,,2026-08-31 15:50:18,EaseMyTrip
New Delhi,Kolkata,SpiceJet,SG- 905,Nonstop,2026-09-30,20:10,22:30,02h 20m,7553.0,7193.33,359.67,INR,8 Seats Left,2026-08-31 15:50:18,EaseMyTrip
Hyderbad,Mumbai,IndiGo,6E-5143,Nonstop,2026-09-01,03:00,04:30,01h 30m,7567.0,7206.67,360.33,INR,1 Seat Left,2026-08-31 15:52:56,EaseMyTrip
Hyderbad,Mumbai,IndiGo,6E-5245,Nonstop,2026-09-01,05:00,06:25,01h 25m,7567.0,7206.67,360.33,INR,2 Seats Left,2026-08-31 15:52:56,EaseMyTrip
Ahmedabad,New Delhi,Air India,AI-2906,Nonstop,2026-09-15,06:25,08:15,01h 50m,7571.0,7210.48,360.52,INR,1 Seat Left,2026-08-31 15:51:12,EaseMyTrip
Ahmedabad,New Delhi,Air India,AI-532,Nonstop,2026-10-15,21:30,23:40,02h 10m,7571.0,7210.48,360.52,INR,9 Seats Left,2026-08-31 15:51:38,EaseMyTrip
Ahmedabad,New Delhi,Air India,AI-532,Nonstop,2026-09-30,21:30,23:40,02h 10m,7571.0,7210.48,360.52,INR,2 Seats Left,2026-08-31 15:51:24,EaseMyTrip
Ahmedabad,New Delhi,Air India,AI-1117,Nonstop,2026-09-30,08:25,10:15,01h 50m,7571.0,7210.48,360.52,INR,9 Seats Left,2026-08-31 15:51:24,EaseMyTrip
Ahmedabad,New Delhi,Air India,AI-2906,Nonstop,2026-09-30,06:25,08:15,01h 50m,7571.0,7210.48,360.52,INR,2 Seats Left,2026-08-31 15:51:24,EaseMyTrip
New Delhi,Kolkata,IndiGo,6E-6312,1 Stop,2026-09-30,14:25,20:25,06h 00m,7583.0,7221.9,361.1,INR,,2026-08-31 15:50:18,EaseMyTrip
New Delhi,Kolkata,IndiGo,6E-5036,1 Stop,2026-09-30,08:00,12:25,04h 25m,7583.0,7221.9,361.1,INR,,2026-08-31 15:50:18,EaseMyTrip
New Delhi,Kolkata,IndiGo,6E-2361,1 Stop,2026-09-30,14:35,22:15,07h 40m,7583.0,7221.9,361.1,INR,9 Seats Left,2026-08-31 15:50:18,EaseMyTrip
Bengaluru,Kolkata,IndiGo,6E- 405,1 Stop,2026-09-15,07:40,13:25,05h 45m,7621.0,7258.1,362.9,INR,,2026-08-31 15:54:30,EaseMyTrip
New Delhi,Hyderbad,IndiGo,6E-5023,1 Stop,2026-09-07,18:10,23:00,04h 50m,7639.0,7275.24,363.76,INR,,2026-08-31 15:47:44,EaseMyTrip
New Delhi,Hyderbad,IndiGo,6E-6425,1 Stop,2026-09-07,05:10,10:10,05h 00m,7639.0,7275.24,363.76,INR,8 Seats Left,2026-08-31 15:47:44,EaseMyTrip
New Delhi,Hyderbad,IndiGo,6E-6676,1 Stop,2026-09-07,12:00,18:20,06h 20m,7639.0,7275.24,363.76,INR,,2026-08-31 15:47:44,EaseMyTrip
New Delhi,Hyderbad,IndiGo,6E- 853,1 Stop,2026-10-15,20:45,02:10,05h 25m,7639.0,7275.24,363.76,INR,,2026-08-31 15:48:22,EaseMyTrip
New Delhi,Hyderbad,IndiGo,6E- 354,1 Stop,2026-10-15,19:00,00:35,05h 35m,7639.0,7275.24,363.76,INR,,2026-08-31 15:48:22,EaseMyTrip
New Delhi,Hyderbad,IndiGo,6E-2361,1 Stop,2026-09-07,14:35,20:30,05h 55m,7639.0,7275.24,363.76,INR,3 Seats Left,2026-08-31 15:47:44,EaseMyTrip
New Delhi,Hyderbad,IndiGo,6E- 303,1 Stop,2026-09-07,20:00,02:10,06h 10m,7639.0,7275.24,363.76,INR,,2026-08-31 15:47:44,EaseMyTrip
New Delhi,Hyderbad,IndiGo,6E-2265,1 Stop,2026-09-07,06:10,12:15,06h 05m,7639.0,7275.24,363.76,INR,,2026-08-31 15:47:44,EaseMyTrip
New Delhi,Hyderbad,IndiGo,6E- 354,1 Stop,2026-09-07,19:00,00:35,05h 35m,7639.0,7275.24,363.76,INR,,2026-08-31 15:47:44,EaseMyTrip
New Delhi,Hyderbad,IndiGo,6E- 327,1 Stop,2026-09-07,16:15,22:45,06h 30m,7639.0,7275.24,363.76,INR,,2026-08-31 15:47:44,EaseMyTrip
New Delhi,Hyderbad,IndiGo,6E- 853,1 Stop,2026-09-07,20:45,02:10,05h 25m,7639.0,7275.24,363.76,INR,,2026-08-31 15:47:44,EaseMyTrip
New Delhi,Hyderbad,IndiGo,6E-6814,1 Stop,2026-09-30,07:15,13:20,06h 05m,7642.0,7278.1,363.9,INR,,2026-08-31 15:48:09,EaseMyTrip
New Delhi,Hyderbad,IndiGo,6E- 327,1 Stop,2026-09-30,16:15,22:45,06h 30m,7642.0,7278.1,363.9,INR,,2026-08-31 15:48:09,EaseMyTrip
New Delhi,Hyderbad,IndiGo,6E-2296,1 Stop,2026-09-30,09:20,14:45,05h 25m,7642.0,7278.1,363.9,INR,3 Seats Left,2026-08-31 15:48:09,EaseMyTrip
New Delhi,Hyderbad,IndiGo,6E-2721,1 Stop,2026-09-30,09:55,16:00,06h 05m,7642.0,7278.1,363.9,INR,,2026-08-31 15:48:09,EaseMyTrip
New Delhi,Hyderbad,IndiGo,6E- 354,1 Stop,2026-09-30,19:00,00:35,05h 35m,7642.0,7278.1,363.9,INR,,2026-08-31 15:48:09,EaseMyTrip
New Delhi,Hyderbad,IndiGo,6E-6676,1 Stop,2026-09-30,12:00,18:20,06h 20m,7642.0,7278.1,363.9,INR,,2026-08-31 15:48:09,EaseMyTrip
New Delhi,Kolkata,IndiGo,6E-6190,1 Stop,2026-09-30,07:40,12:05,04h 25m,7661.0,7296.19,364.81,INR,,2026-08-31 15:50:18,EaseMyTrip
Bengaluru,Kolkata,IndiGo,6E-6801,1 Stop,2026-09-30,08:25,13:45,05h 20m,7700.0,7333.33,366.67,INR,8 Seats Left,2026-08-31 15:54:43,EaseMyTrip
Bengaluru,Kolkata,IndiGo,6E-6801,1 Stop,2026-09-15,08:25,13:45,05h 20m,7700.0,7333.33,366.67,INR,,2026-08-31 15:54:30,EaseMyTrip
Bengaluru,Kolkata,IndiGo,6E- 442,Nonstop,2026-09-15,08:10,10:35,02h 25m,7710.0,7342.86,367.14,INR,2 Seats Left,2026-08-31 15:54:30,EaseMyTrip
Bengaluru,Kolkata,IndiGo,6E- 223,Nonstop,2026-09-30,17:05,19:55,02h 50m,7710.0,7342.86,367.14,INR,,2026-08-31 15:54:43,EaseMyTrip
Bengaluru,Kolkata,IndiGo,6E-6572,Nonstop,2026-09-30,15:05,17:45,02h 40m,7710.0,7342.86,367.14,INR,,2026-08-31 15:54:43,EaseMyTrip
Bengaluru,Kolkata,IndiGo,6E- 172,Nonstop,2026-09-30,13:40,16:20,02h 40m,7710.0,7342.86,367.14,INR,6 Seats Left,2026-08-31 15:54:43,EaseMyTrip
Bengaluru,Kolkata,IndiGo,6E- 975,Nonstop,2026-09-30,20:20,23:00,02h 40m,7710.0,7342.86,367.14,INR,,2026-08-31 15:54:43,EaseMyTrip
Bengaluru,Kolkata,IndiGo,6E- 172,Nonstop,2026-09-15,13:40,16:20,02h 40m,7710.0,7342.86,367.14,INR,4 Seats Left,2026-08-31 15:54:30,EaseMyTrip
Bengaluru,Kolkata,IndiGo,6E- 223,Nonstop,2026-09-15,17:05,19:55,02h 50m,7710.0,7342.86,367.14,INR,3 Seats Left,2026-08-31 15:54:30,EaseMyTrip
New Delhi,Hyderbad,IndiGo,6E- 828,1 Stop,2026-09-07,14:30,19:45,05h 15m,7718.0,7350.48,367.52,INR,,2026-08-31 15:47:44,EaseMyTrip
New Delhi,Hyderbad,IndiGo,6E- 880,1 Stop,2026-09-30,15:45,21:00,05h 15m,7721.0,7353.33,367.67,INR,,2026-08-31 15:48:09,EaseMyTrip
New Delhi,Hyderbad,IndiGo,6E-2314,1 Stop,2026-09-30,05:45,11:30,05h 45m,7721.0,7353.33,367.67,INR,,2026-08-31 15:48:09,EaseMyTrip
New Delhi,Hyderbad,IndiGo,6E- 828,1 Stop,2026-09-30,14:30,19:45,05h 15m,7721.0,7353.33,367.67,INR,,2026-08-31 15:48:09,EaseMyTrip
Chennai,New Delhi,IndiGo,6E-7084,1 Stop,2026-10-15,07:35,12:50,05h 15m,7733.0,7364.76,368.24,INR,9 Seats Left,2026-08-31 15:52:43,EaseMyTrip
Bengaluru,Kolkata,IndiGo,6E-6876,1 Stop,2026-09-01,02:40,08:10,05h 30m,7801.0,7429.52,371.48,INR,2 Seats Left,2026-08-31 15:54:03,EaseMyTrip
Bengaluru,Kolkata,IndiGo,6E- 441,1 Stop,2026-09-01,20:40,02:20,05h 40m,7801.0,7429.52,371.48,INR,1 Seat Left,2026-08-31 15:54:03,EaseMyTrip
Bengaluru,Kolkata,IndiGo,6E-6563,1 Stop,2026-09-01,01:05,08:10,07h 05m,7801.0,7429.52,371.48,INR,2 Seats Left,2026-08-31 15:54:03,EaseMyTrip
Bengaluru,Kolkata,IndiGo,6E-5351,1 Stop,2026-09-01,14:20,20:50,06h 30m,7801.0,7429.52,371.48,INR,6 Seats Left,2026-08-31 15:54:03,EaseMyTrip
Bengaluru,Kolkata,IndiGo,6E- 524,1 Stop,2026-09-30,09:25,15:25,06h 00m,7805.0,7433.33,371.67,INR,,2026-08-31 15:54:43,EaseMyTrip
Bengaluru,Kolkata,IndiGo,6E-6876,1 Stop,2026-09-15,02:40,08:10,05h 30m,7831.0,7458.1,372.9,INR,,2026-08-31 15:54:30,EaseMyTrip
New Delhi,Hyderbad,IndiGo,6E- 947,1 Stop,2026-09-07,16:40,22:40,06h 00m,7849.0,7475.24,373.76,INR,,2026-08-31 15:47:44,EaseMyTrip
New Delhi,Hyderbad,IndiGo,6E- 434,1 Stop,2026-09-07,11:00,17:25,06h 25m,7849.0,7475.24,373.76,INR,,2026-08-31 15:47:44,EaseMyTrip
New Delhi,Hyderbad,IndiGo,6E-6115,1 Stop,2026-09-07,13:10,19:35,06h 25m,7849.0,7475.24,373.76,INR,,2026-08-31 15:47:44,EaseMyTrip
New Delhi,Hyderbad,IndiGo,6E- 358,1 Stop,2026-09-07,12:15,18:35,06h 20m,7849.0,7475.24,373.76,INR,,2026-08-31 15:47:44,EaseMyTrip
New Delhi,Hyderbad,IndiGo,6E-6091,1 Stop,2026-09-07,15:15,21:25,06h 10m,7849.0,7475.24,373.76,INR,,2026-08-31 15:47:44,EaseMyTrip
New Delhi,Hyderbad,IndiGo,6E-6091,1 Stop,2026-10-15,15:15,21:25,06h 10m,7849.0,7475.24,373.76,INR,1 Seat Left,2026-08-31 15:48:22,EaseMyTrip
New Delhi,Hyderbad,IndiGo,6E-6091,1 Stop,2026-09-30,15:15,21:25,06h 10m,7852.0,7478.1,373.9,INR,,2026-08-31 15:48:09,EaseMyTrip
New Delhi,Hyderbad,IndiGo,6E- 947,1 Stop,2026-09-30,16:40,22:40,06h 00m,7852.0,7478.1,373.9,INR,6 Seats Left,2026-08-31 15:48:09,EaseMyTrip
New Delhi,Hyderbad,IndiGo,6E- 358,1 Stop,2026-09-30,12:15,17:50,05h 35m,7852.0,7478.1,373.9,INR,,2026-08-31 15:48:09,EaseMyTrip
New Delhi,Pune,AkasaAir,QP-1871,Nonstop,2026-09-01,10:50,13:05,02h 15m,7858.0,7483.81,374.19,INR,4 Seats Left,2026-08-31 15:48:35,EaseMyTrip
Chennai,New Delhi,IndiGo,6E- 848,1 Stop,2026-10-15,17:50,23:30,05h 40m,7864.0,7489.52,374.48,INR,,2026-08-31 15:52:43,EaseMyTrip
Chennai,New Delhi,IndiGo,6E- 562,1 Stop,2026-10-15,18:20,23:25,05h 05m,7864.0,7489.52,374.48,INR,7 Seats Left,2026-08-31 15:52:43,EaseMyTrip
Chennai,New Delhi,IndiGo,6E- 244,1 Stop,2026-10-15,03:55,09:15,05h 20m,7864.0,7489.52,374.48,INR,,2026-08-31 15:52:43,EaseMyTrip
Chennai,New Delhi,IndiGo,6E- 991,1 Stop,2026-10-15,09:30,14:55,05h 25m,7864.0,7489.52,374.48,INR,,2026-08-31 15:52:43,EaseMyTrip
Chennai,New Delhi,IndiGo,6E-6487,1 Stop,2026-10-15,21:25,02:05,04h 40m,7864.0,7489.52,374.48,INR,,2026-08-31 15:52:43,EaseMyTrip
Chennai,New Delhi,IndiGo,6E- 502,1 Stop,2026-10-15,11:10,16:45,05h 35m,7864.0,7489.52,374.48,INR,,2026-08-31 15:52:43,EaseMyTrip
Chennai,New Delhi,IndiGo,6E- 372,1 Stop,2026-10-15,09:55,15:25,05h 30m,7864.0,7489.52,374.48,INR,,2026-08-31 15:52:43,EaseMyTrip
Chennai,New Delhi,IndiGo,6E- 495,1 Stop,2026-10-15,07:10,12:30,05h 20m,7864.0,7489.52,374.48,INR,,2026-08-31 15:52:43,EaseMyTrip
Chennai,New Delhi,IndiGo,6E-6079,1 Stop,2026-10-15,10:15,16:20,06h 05m,7864.0,7489.52,374.48,INR,,2026-08-31 15:52:43,EaseMyTrip
Chennai,New Delhi,IndiGo,6E- 607,1 Stop,2026-10-15,05:40,11:05,05h 25m,7864.0,7489.52,374.48,INR,,2026-08-31 15:52:43,EaseMyTrip
Ahmedabad,New Delhi,IndiGo,6E-2179,Nonstop,2026-09-07,09:50,11:35,01h 45m,7888.0,7512.38,375.62,INR,3 Seats Left,2026-08-31 15:50:58,EaseMyTrip
Bengaluru,Kolkata,IndiGo,6E-6439,Nonstop,2026-09-30,06:30,09:10,02h 40m,7920.0,7542.86,377.14,INR,,2026-08-31 15:54:43,EaseMyTrip
Bengaluru,Kolkata,Air India Express,IX-1537,Nonstop,2026-09-30,12:00,14:40,02h 40m,7921.0,7543.81,377.19,INR,9 Seats Left,2026-08-31 15:54:43,EaseMyTrip
Hyderbad,Mumbai,IndiGo,6E-6481,1 Stop,2026-09-01,14:25,22:25,08h 00m,7925.0,7547.62,377.38,INR,,2026-08-31 15:52:56,EaseMyTrip
Noida,Hyderbad,IndiGo,6E-7642,1 Stop,2026-10-15,15:45,21:10,05h 25m,7934.0,7556.19,377.81,INR,3 Seats Left,2026-08-31 15:48:22,EaseMyTrip
Hyderbad,Mumbai,IndiGo,6E-5259,Nonstop,2026-09-01,17:20,18:50,01h 30m,7987.0,7606.67,380.33,INR,3 Seats Left,2026-08-31 15:52:56,EaseMyTrip
New Delhi,Pune,Air India,AI-2971,Nonstop,2026-09-01,16:00,18:15,02h 15m,7989.0,7608.57,380.43,INR,9 Seats Left,2026-08-31 15:48:35,EaseMyTrip
Bengaluru,Kolkata,IndiGo,6E-6017,1 Stop,2026-09-01,18:15,23:30,05h 15m,8006.0,7624.76,381.24,INR,6 Seats Left,2026-08-31 15:54:03,EaseMyTrip
Bengaluru,Kolkata,IndiGo,6E- 356,1 Stop,2026-09-01,17:15,23:30,06h 15m,8006.0,7624.76,381.24,INR,,2026-08-31 15:54:03,EaseMyTrip
Ahmedabad,New Delhi,IndiGo,6E-7114,1 Stop,2026-10-15,06:15,10:10,03h 55m,8008.0,7626.67,381.33,INR,7 Seats Left,2026-08-31 15:51:38,EaseMyTrip
Bengaluru,Kolkata,IndiGo,6E- 175,1 Stop,2026-09-01,10:45,18:15,07h 30m,8011.0,7629.52,381.48,INR,,2026-08-31 15:54:03,EaseMyTrip
Hyderbad,Mumbai,Air India,AI-2872,Nonstop,2026-09-01,05:50,07:45,01h 55m,8011.0,7629.52,381.48,INR,2 Seats Left,2026-08-31 15:52:56,EaseMyTrip
Bengaluru,Kolkata,IndiGo,6E- 221,1 Stop,2026-09-30,17:45,22:45,05h 00m,8039.0,7656.19,382.81,INR,,2026-08-31 15:54:43,EaseMyTrip
Bengaluru,Kolkata,IndiGo,6E- 638,1 Stop,2026-09-30,18:35,23:25,04h 50m,8039.0,7656.19,382.81,INR,3 Seats Left,2026-08-31 15:54:43,EaseMyTrip
Ahmedabad,New Delhi,IndiGo,6E-7145,1 Stop,2026-10-15,07:45,18:15,10h 30m,8042.0,7659.05,382.95,INR,4 Seats Left,2026-08-31 15:51:38,EaseMyTrip
Chennai,New Delhi,IndiGo,6E-5258,1 Stop,2026-10-15,12:45,18:55,06h 10m,8074.0,7689.52,384.48,INR,,2026-08-31 15:52:43,EaseMyTrip
Chennai,New Delhi,IndiGo,6E-6140,1 Stop,2026-10-15,02:30,08:10,05h 40m,8074.0,7689.52,384.48,INR,,2026-08-31 15:52:43,EaseMyTrip
New Delhi,Hyderbad,IndiGo,6E-6673,1 Stop,2026-10-15,21:15,03:10,05h 55m,8109.0,7722.86,386.14,INR,6 Seats Left,2026-08-31 15:48:22,EaseMyTrip
New Delhi,Kolkata,AkasaAir,QP-1803,Nonstop,2026-09-01,17:05,19:25,02h 20m,8193.0,7802.86,390.14,INR,2 Seats Left,2026-08-31 15:49:41,EaseMyTrip
Hyderbad,Navi Mumbai,IndiGo,6E-2015,Nonstop,2026-09-01,16:40,18:10,01h 30m,8217.0,7825.71,391.29,INR,2 Seats Left,2026-08-31 15:52:56,EaseMyTrip
Bengaluru,Kolkata,IndiGo,6E- 223,Nonstop,2026-09-01,17:05,19:55,02h 50m,8235.0,7842.86,392.14,INR,4 Seats Left,2026-08-31 15:54:03,EaseMyTrip
Bengaluru,Kolkata,IndiGo,6E- 975,Nonstop,2026-09-01,20:20,23:00,02h 40m,8235.0,7842.86,392.14,INR,8 Seats Left,2026-08-31 15:54:03,EaseMyTrip
Bengaluru,Kolkata,IndiGo,6E- 676,Nonstop,2026-09-01,18:30,21:10,02h 40m,8235.0,7842.86,392.14,INR,4 Seats Left,2026-08-31 15:54:03,EaseMyTrip
Chennai,New Delhi,IndiGo,6E-6797,1 Stop,2026-10-15,13:10,18:45,05h 35m,8237.0,7844.76,392.24,INR,6 Seats Left,2026-08-31 15:52:43,EaseMyTrip
New Delhi,Hyderbad,IndiGo,6E-2361,1 Stop,2026-10-15,14:35,20:30,05h 55m,8240.0,7847.62,392.38,INR,3 Seats Left,2026-08-31 15:48:22,EaseMyTrip
New Delhi,Kolkata,AkasaAir,QP-1128,1 Stop,2026-09-01,16:00,23:50,07h 50m,8250.0,7857.14,392.86,INR,9 Seats Left,2026-08-31 15:49:41,EaseMyTrip
Ahmedabad,New Delhi,Air India,AI-882,Nonstop,2026-09-07,15:55,17:45,01h 50m,8253.0,7860.0,393.0,INR,9 Seats Left,2026-08-31 15:50:58,EaseMyTrip
Hyderbad,Mumbai,IndiGo,6E-6646,1 Stop,2026-09-01,07:20,14:15,06h 55m,8266.0,7872.38,393.62,INR,1 Seat Left,2026-08-31 15:52:56,EaseMyTrip
Hyderbad,Mumbai,IndiGo,6E- 598,1 Stop,2026-09-01,17:55,22:15,04h 20m,8266.0,7872.38,393.62,INR,2 Seats Left,2026-08-31 15:52:56,EaseMyTrip
Hyderbad,Mumbai,IndiGo,6E- 668,1 Stop,2026-09-01,16:20,22:15,05h 55m,8266.0,7872.38,393.62,INR,2 Seats Left,2026-08-31 15:52:56,EaseMyTrip
New Delhi,Pune,IndiGo,6E-2343,Nonstop,2026-09-01,02:20,04:25,02h 05m,8316.0,7920.0,396.0,INR,2 Seats Left,2026-08-31 15:48:35,EaseMyTrip
New Delhi,Pune,IndiGo,6E-6437,Nonstop,2026-09-01,16:25,18:30,02h 05m,8316.0,7920.0,396.0,INR,,2026-08-31 15:48:35,EaseMyTrip
New Delhi,Kolkata,Air India Express,IX-1041,1 Stop,2026-09-01,08:45,21:45,13h 00m,8361.0,7962.86,398.14,INR,9 Seats Left,2026-08-31 15:49:41,EaseMyTrip
New Delhi,Kolkata,Air India Express,IX-1032,1 Stop,2026-09-01,05:45,21:45,16h 00m,8361.0,7962.86,398.14,INR,9 Seats Left,2026-08-31 15:49:41,EaseMyTrip
New Delhi,Kolkata,Air India Express,IX-1085,1 Stop,2026-09-01,12:55,21:45,08h 50m,8361.0,7962.86,398.14,INR,9 Seats Left,2026-08-31 15:49:41,EaseMyTrip
New Delhi,Kolkata,Air India Express,IX-1671,1 Stop,2026-09-01,20:00,10:40,14h 40m,8361.0,7962.86,398.14,INR,9 Seats Left,2026-08-31 15:49:41,EaseMyTrip
New Delhi,Kolkata,Air India Express,IX-1069,1 Stop,2026-09-01,10:40,21:45,11h 05m,8361.0,7962.86,398.14,INR,9 Seats Left,2026-08-31 15:49:41,EaseMyTrip
New Delhi,Hyderbad,IndiGo,6E- 382,Nonstop,2026-09-01,21:00,23:15,02h 15m,8400.0,8000.0,400.0,INR,,2026-08-31 15:47:32,EaseMyTrip
New Delhi,Hyderbad,IndiGo,6E-6217,Nonstop,2026-09-01,16:15,18:30,02h 15m,8400.0,8000.0,400.0,INR,,2026-08-31 15:47:32,EaseMyTrip
New Delhi,Hyderbad,IndiGo,6E-6601,Nonstop,2026-09-01,19:45,22:05,02h 20m,8400.0,8000.0,400.0,INR,,2026-08-31 15:47:32,EaseMyTrip
New Delhi,Hyderbad,IndiGo,6E- 882,Nonstop,2026-09-01,23:15,01:30,02h 15m,8400.0,8000.0,400.0,INR,,2026-08-31 15:47:32,EaseMyTrip
New Delhi,Hyderbad,IndiGo,6E- 717,Nonstop,2026-09-01,17:55,20:15,02h 20m,8400.0,8000.0,400.0,INR,,2026-08-31 15:47:32,EaseMyTrip
New Delhi,Hyderbad,IndiGo,6E- 884,Nonstop,2026-09-01,11:45,14:00,02h 15m,8400.0,8000.0,400.0,INR,2 Seats Left,2026-08-31 15:47:32,EaseMyTrip
New Delhi,Hyderbad,IndiGo,6E-6282,Nonstop,2026-09-01,13:30,15:45,02h 15m,8400.0,8000.0,400.0,INR,,2026-08-31 15:47:32,EaseMyTrip
Chennai,New Delhi,IndiGo,6E- 341,1 Stop,2026-10-15,22:35,04:40,06h 05m,8447.0,8044.76,402.24,INR,1 Seat Left,2026-08-31 15:52:43,EaseMyTrip
Chennai,New Delhi,IndiGo,6E- 193,1 Stop,2026-09-01,20:00,02:05,06h 05m,8447.0,8044.76,402.24,INR,3 Seats Left,2026-08-31 15:51:51,EaseMyTrip
Chennai,New Delhi,IndiGo,6E- 916,1 Stop,2026-10-15,01:10,07:15,06h 05m,8447.0,8044.76,402.24,INR,8 Seats Left,2026-08-31 15:52:43,EaseMyTrip
Chennai,New Delhi,IndiGo,6E-6158,1 Stop,2026-10-15,16:10,21:40,05h 30m,8447.0,8044.76,402.24,INR,5 Seats Left,2026-08-31 15:52:43,EaseMyTrip
Chennai,New Delhi,IndiGo,6E- 193,1 Stop,2026-10-15,20:00,02:05,06h 05m,8447.0,8044.76,402.24,INR,1 Seat Left,2026-08-31 15:52:43,EaseMyTrip
New Delhi,Kolkata,IndiGo,6E- 389,Nonstop,2026-09-01,21:50,00:05,02h 15m,8451.0,8048.57,402.43,INR,,2026-08-31 15:49:41,EaseMyTrip
New Delhi,Kolkata,IndiGo,6E-6415,Nonstop,2026-09-01,16:00,18:15,02h 15m,8451.0,8048.57,402.43,INR,,2026-08-31 15:49:41,EaseMyTrip
New Delhi,Kolkata,IndiGo,6E-2276,Nonstop,2026-09-01,17:55,20:15,02h 20m,8451.0,8048.57,402.43,INR,,2026-08-31 15:49:41,EaseMyTrip
New Delhi,Kolkata,IndiGo,6E- 247,Nonstop,2026-09-01,23:30,01:45,02h 15m,8451.0,8048.57,402.43,INR,,2026-08-31 15:49:41,EaseMyTrip
Hyderbad,Mumbai,Air India Express,IX-2745,1 Stop,2026-09-01,10:40,00:05,13h 25m,8474.0,8070.48,403.52,INR,9 Seats Left,2026-08-31 15:52:56,EaseMyTrip
Hyderbad,Mumbai,IndiGo,6E-6329,1 Stop,2026-09-01,18:20,01:25,07h 05m,8505.0,8100.0,405.0,INR,1 Seat Left,2026-08-31 15:52:56,EaseMyTrip
Hyderbad,Mumbai,IndiGo,6E-7452,1 Stop,2026-09-01,06:00,13:45,07h 45m,8505.0,8100.0,405.0,INR,9 Seats Left,2026-08-31 15:52:56,EaseMyTrip
New Delhi,Pune,Air India,AI-2547,Nonstop,2026-09-01,17:40,19:50,02h 10m,8511.0,8105.71,405.29,INR,9 Seats Left,2026-08-31 15:48:35,EaseMyTrip
New Delhi,Pune,Air India,AI-1797,Nonstop,2026-09-01,05:45,08:05,02h 20m,8511.0,8105.71,405.29,INR,9 Seats Left,2026-08-31 15:48:35,EaseMyTrip
Hyderbad,Mumbai,IndiGo,6E-5099,Nonstop,2026-09-01,14:15,15:55,01h 40m,8512.0,8106.67,405.33,INR,5 Seats Left,2026-08-31 15:52:56,EaseMyTrip
Chennai,New Delhi,IndiGo,6E-6209,1 Stop,2026-09-07,14:35,19:50,05h 15m,8526.0,8120.0,406.0,INR,9 Seats Left,2026-08-31 15:52:04,EaseMyTrip
Chennai,New Delhi,IndiGo,6E- 189,1 Stop,2026-10-15,19:05,00:50,05h 45m,8526.0,8120.0,406.0,INR,3 Seats Left,2026-08-31 15:52:43,EaseMyTrip
Chennai,New Delhi,IndiGo,6E-6209,1 Stop,2026-10-15,14:35,19:50,05h 15m,8526.0,8120.0,406.0,INR,9 Seats Left,2026-08-31 15:52:43,EaseMyTrip
Chennai,New Delhi,IndiGo,6E- 189,1 Stop,2026-09-07,19:05,00:50,05h 45m,8526.0,8120.0,406.0,INR,,2026-08-31 15:52:04,EaseMyTrip
Chennai,New Delhi,IndiGo,6E- 726,1 Stop,2026-09-07,18:20,00:55,06h 35m,8526.0,8120.0,406.0,INR,,2026-08-31 15:52:04,EaseMyTrip
Chennai,New Delhi,IndiGo,6E-6892,1 Stop,2026-09-07,10:55,16:45,05h 50m,8526.0,8120.0,406.0,INR,4 Seats Left,2026-08-31 15:52:04,EaseMyTrip
Bengaluru,Kolkata,IndiGo,6E- 809,1 Stop,2026-09-01,12:00,18:15,06h 15m,8557.0,8149.52,407.48,INR,1 Seat Left,2026-08-31 15:54:03,EaseMyTrip
Hyderbad,Mumbai,Air India,AI-2445,Nonstop,2026-09-01,14:25,16:25,02h 00m,8561.0,8153.33,407.67,INR,9 Seats Left,2026-08-31 15:52:56,EaseMyTrip
Noida,Hyderbad,IndiGo,6E-2491,Nonstop,2026-09-01,15:15,17:30,02h 15m,8569.0,8160.95,408.05,INR,,2026-08-31 15:47:32,EaseMyTrip
Ahmedabad,New Delhi,IndiGo,6E-5385,Nonstop,2026-09-01,00:05,02:00,01h 55m,8570.0,8161.9,408.1,INR,3 Seats Left,2026-08-31 15:50:45,EaseMyTrip
Ahmedabad,New Delhi,Air India,AI-2946,Nonstop,2026-09-07,09:30,11:20,01h 50m,8586.0,8177.14,408.86,INR,6 Seats Left,2026-08-31 15:50:58,EaseMyTrip
Chennai,New Delhi,IndiGo,6E-6487,1 Stop,2026-09-30,21:25,02:05,04h 40m,8630.0,8219.05,410.95,INR,,2026-08-31 15:52:30,EaseMyTrip
Chennai,Ghaziabad,IndiGo,6E-6081,1 Stop,2026-09-15,07:05,12:10,05h 05m,8642.0,8230.48,411.52,INR,1 Seat Left,2026-08-31 15:52:18,EaseMyTrip
New Delhi,Hyderbad,IndiGo,6E- 704,Nonstop,2026-09-01,02:25,04:40,02h 15m,8652.0,8240.0,412.0,INR,1 Seat Left,2026-08-31 15:47:32,EaseMyTrip
Chennai,New Delhi,IndiGo,6E-5258,1 Stop,2026-09-07,12:45,18:55,06h 10m,8657.0,8244.76,412.24,INR,7 Seats Left,2026-08-31 15:52:04,EaseMyTrip
Chennai,New Delhi,IndiGo,6E-5093,1 Stop,2026-09-07,05:00,11:15,06h 15m,8657.0,8244.76,412.24,INR,,2026-08-31 15:52:04,EaseMyTrip
Chennai,New Delhi,IndiGo,6E-5214,1 Stop,2026-09-07,11:00,17:15,06h 15m,8657.0,8244.76,412.24,INR,9 Seats Left,2026-08-31 15:52:04,EaseMyTrip
New Delhi,Hyderbad,AkasaAir,QP-1406,Nonstop,2026-09-01,14:10,16:45,02h 35m,8658.0,8245.71,412.29,INR,3 Seats Left,2026-08-31 15:47:32,EaseMyTrip
Bengaluru,New Delhi,IndiGo,6E- 870,Nonstop,2026-09-30,19:30,22:15,02h 45m,8659.0,8246.67,412.33,INR,,2026-08-31 15:46:05,EaseMyTrip
Bengaluru,New Delhi,IndiGo,6E- 817,Nonstop,2026-09-30,20:40,23:30,02h 50m,8659.0,8246.67,412.33,INR,,2026-08-31 15:46:05,EaseMyTrip
Bengaluru,New Delhi,AkasaAir,QP-1359,Nonstop,2026-09-30,05:00,07:50,02h 50m,8659.0,8246.67,412.33,INR,9 Seats Left,2026-08-31 15:46:05,EaseMyTrip
Bengaluru,New Delhi,AkasaAir,QP-1811,Nonstop,2026-09-30,04:10,07:00,02h 50m,8659.0,8246.67,412.33,INR,9 Seats Left,2026-08-31 15:46:05,EaseMyTrip
Bengaluru,New Delhi,AkasaAir,QP-1823,Nonstop,2026-09-30,06:05,08:50,02h 45m,8659.0,8246.67,412.33,INR,9 Seats Left,2026-08-31 15:46:05,EaseMyTrip
Bengaluru,Noida,IndiGo,6E-2455,Nonstop,2026-09-30,06:25,08:45,02h 20m,8659.0,8246.67,412.33,INR,,2026-08-31 15:46:05,EaseMyTrip
Bengaluru,New Delhi,IndiGo,6E- 809,Nonstop,2026-09-30,12:00,14:50,02h 50m,8659.0,8246.67,412.33,INR,,2026-08-31 15:46:05,EaseMyTrip
Bengaluru,New Delhi,IndiGo,6E- 830,Nonstop,2026-09-30,09:30,12:30,03h 00m,8659.0,8246.67,412.33,INR,,2026-08-31 15:46:05,EaseMyTrip
Bengaluru,New Delhi,Air India Express,IX-1040,Nonstop,2026-09-30,14:40,17:30,02h 50m,8659.0,8246.67,412.33,INR,9 Seats Left,2026-08-31 15:46:05,EaseMyTrip
Bengaluru,New Delhi,AkasaAir,QP-1307,Nonstop,2026-09-30,17:20,20:15,02h 55m,8659.0,8246.67,412.33,INR,9 Seats Left,2026-08-31 15:46:05,EaseMyTrip
Bengaluru,New Delhi,IndiGo,6E- 849,Nonstop,2026-09-30,08:15,11:05,02h 50m,8659.0,8246.67,412.33,INR,6 Seats Left,2026-08-31 15:46:05,EaseMyTrip
Bengaluru,New Delhi,IndiGo,6E- 804,Nonstop,2026-09-15,03:00,05:50,02h 50m,8659.0,8246.67,412.33,INR,7 Seats Left,2026-08-31 15:45:51,EaseMyTrip
Bengaluru,New Delhi,AkasaAir,QP-1307,Nonstop,2026-09-15,17:20,20:15,02h 55m,8659.0,8246.67,412.33,INR,9 Seats Left,2026-08-31 15:45:51,EaseMyTrip
Bengaluru,New Delhi,IndiGo,6E- 840,Nonstop,2026-09-15,13:55,16:45,02h 50m,8659.0,8246.67,412.33,INR,,2026-08-31 15:45:51,EaseMyTrip
Bengaluru,New Delhi,Air India Express,IX-5976,Nonstop,2026-09-15,01:15,04:10,02h 55m,8659.0,8246.67,412.33,INR,9 Seats Left,2026-08-31 15:45:51,EaseMyTrip
Bengaluru,New Delhi,AkasaAir,QP-1811,Nonstop,2026-09-15,04:10,07:00,02h 50m,8659.0,8246.67,412.33,INR,9 Seats Left,2026-08-31 15:45:51,EaseMyTrip
Bengaluru,New Delhi,AkasaAir,QP-1359,Nonstop,2026-09-15,05:00,07:50,02h 50m,8659.0,8246.67,412.33,INR,9 Seats Left,2026-08-31 15:45:51,EaseMyTrip
Bengaluru,New Delhi,AkasaAir,QP-1821,Nonstop,2026-09-15,13:10,16:00,02h 50m,8659.0,8246.67,412.33,INR,9 Seats Left,2026-08-31 15:45:51,EaseMyTrip
Bengaluru,New Delhi,AkasaAir,QP-1823,Nonstop,2026-09-15,06:05,08:50,02h 45m,8659.0,8246.67,412.33,INR,9 Seats Left,2026-08-31 15:45:51,EaseMyTrip
Bengaluru,New Delhi,IndiGo,6E- 836,Nonstop,2026-09-15,05:05,07:55,02h 50m,8659.0,8246.67,412.33,INR,8 Seats Left,2026-08-31 15:45:51,EaseMyTrip
Bengaluru,Ghaziabad,IndiGo,6E-2518,Nonstop,2026-09-15,09:20,12:10,02h 50m,8659.0,8246.67,412.33,INR,,2026-08-31 15:45:51,EaseMyTrip
Bengaluru,New Delhi,AkasaAir,QP-1811,Nonstop,2026-09-01,04:10,07:00,02h 50m,8659.0,8246.67,412.33,INR,9 Seats Left,2026-08-31 15:45:26,EaseMyTrip
Bengaluru,New Delhi,AkasaAir,QP-1821,Nonstop,2026-09-01,13:05,16:00,02h 55m,8659.0,8246.67,412.33,INR,9 Seats Left,2026-08-31 15:45:26,EaseMyTrip
Bengaluru,New Delhi,IndiGo,6E- 840,Nonstop,2026-09-07,13:55,16:45,02h 50m,8659.0,8246.67,412.33,INR,4 Seats Left,2026-08-31 15:45:39,EaseMyTrip
Bengaluru,New Delhi,IndiGo,6E- 817,Nonstop,2026-09-07,20:40,23:30,02h 50m,8659.0,8246.67,412.33,INR,,2026-08-31 15:45:39,EaseMyTrip
Bengaluru,New Delhi,IndiGo,6E-2313,Nonstop,2026-09-07,23:30,02:20,02h 50m,8659.0,8246.67,412.33,INR,,2026-08-31 15:45:39,EaseMyTrip
Bengaluru,New Delhi,IndiGo,6E-6406,Nonstop,2026-09-07,22:00,00:50,02h 50m,8659.0,8246.67,412.33,INR,,2026-08-31 15:45:39,EaseMyTrip
Bengaluru,New Delhi,AkasaAir,QP-1811,Nonstop,2026-09-07,04:10,07:00,02h 50m,8659.0,8246.67,412.33,INR,9 Seats Left,2026-08-31 15:45:39,EaseMyTrip
Bengaluru,New Delhi,AkasaAir,QP-1359,Nonstop,2026-09-01,05:00,07:50,02h 50m,8659.0,8246.67,412.33,INR,9 Seats Left,2026-08-31 15:45:26,EaseMyTrip
Bengaluru,New Delhi,IndiGo,6E- 869,Nonstop,2026-09-07,13:10,16:05,02h 55m,8659.0,8246.67,412.33,INR,,2026-08-31 15:45:39,EaseMyTrip
Bengaluru,New Delhi,IndiGo,6E- 804,Nonstop,2026-09-07,03:00,05:50,02h 50m,8659.0,8246.67,412.33,INR,5 Seats Left,2026-08-31 15:45:39,EaseMyTrip
Bengaluru,New Delhi,IndiGo,6E-6034,Nonstop,2026-09-30,18:15,21:05,02h 50m,8659.0,8246.67,412.33,INR,,2026-08-31 15:46:05,EaseMyTrip
Bengaluru,New Delhi,IndiGo,6E- 860,Nonstop,2026-09-30,15:45,18:35,02h 50m,8659.0,8246.67,412.33,INR,,2026-08-31 15:46:05,EaseMyTrip
Bengaluru,New Delhi,IndiGo,6E- 175,Nonstop,2026-09-30,10:45,13:35,02h 50m,8659.0,8246.67,412.33,INR,,2026-08-31 15:46:05,EaseMyTrip
Bengaluru,New Delhi,IndiGo,6E-6039,Nonstop,2026-09-30,17:00,19:50,02h 50m,8659.0,8246.67,412.33,INR,,2026-08-31 15:46:05,EaseMyTrip
Bengaluru,New Delhi,IndiGo,6E- 869,Nonstop,2026-09-30,13:10,16:05,02h 55m,8659.0,8246.67,412.33,INR,,2026-08-31 15:46:05,EaseMyTrip
Bengaluru,New Delhi,IndiGo,6E- 840,Nonstop,2026-09-30,13:55,16:45,02h 50m,8659.0,8246.67,412.33,INR,,2026-08-31 15:46:05,EaseMyTrip
Bengaluru,New Delhi,IndiGo,6E- 870,Nonstop,2026-09-15,19:30,22:15,02h 45m,8659.0,8246.67,412.33,INR,,2026-08-31 15:45:51,EaseMyTrip
Bengaluru,New Delhi,IndiGo,6E- 817,Nonstop,2026-09-15,20:40,23:30,02h 50m,8659.0,8246.67,412.33,INR,,2026-08-31 15:45:51,EaseMyTrip
Bengaluru,New Delhi,IndiGo,6E-2313,Nonstop,2026-09-15,23:30,02:20,02h 50m,8659.0,8246.67,412.33,INR,,2026-08-31 15:45:51,EaseMyTrip
Bengaluru,New Delhi,IndiGo,6E-6406,Nonstop,2026-09-15,22:00,00:50,02h 50m,8659.0,8246.67,412.33,INR,,2026-08-31 15:45:51,EaseMyTrip
Bengaluru,Ghaziabad,IndiGo,6E-2518,Nonstop,2026-09-30,09:20,12:10,02h 50m,8659.0,8246.67,412.33,INR,,2026-08-31 15:46:05,EaseMyTrip
Bengaluru,New Delhi,IndiGo,6E- 844,Nonstop,2026-09-30,07:00,09:50,02h 50m,8659.0,8246.67,412.33,INR,,2026-08-31 15:46:05,EaseMyTrip
Bengaluru,New Delhi,IndiGo,6E-6034,Nonstop,2026-09-01,18:15,21:05,02h 50m,8659.0,8246.67,412.33,INR,,2026-08-31 15:45:26,EaseMyTrip
Bengaluru,Ghaziabad,IndiGo,6E-2518,Nonstop,2026-09-01,09:20,12:10,02h 50m,8659.0,8246.67,412.33,INR,,2026-08-31 15:45:26,EaseMyTrip
Bengaluru,New Delhi,IndiGo,6E-6039,Nonstop,2026-09-01,17:00,19:50,02h 50m,8659.0,8246.67,412.33,INR,,2026-08-31 15:45:26,EaseMyTrip
Bengaluru,New Delhi,IndiGo,6E- 860,Nonstop,2026-09-01,15:45,18:35,02h 50m,8659.0,8246.67,412.33,INR,2 Seats Left,2026-08-31 15:45:26,EaseMyTrip
Bengaluru,New Delhi,IndiGo,6E-6406,Nonstop,2026-09-01,22:00,00:50,02h 50m,8659.0,8246.67,412.33,INR,,2026-08-31 15:45:26,EaseMyTrip
Bengaluru,New Delhi,IndiGo,6E-2313,Nonstop,2026-09-01,23:30,02:20,02h 50m,8659.0,8246.67,412.33,INR,,2026-08-31 15:45:26,EaseMyTrip
Bengaluru,New Delhi,AkasaAir,QP-1307,Nonstop,2026-09-01,17:20,20:15,02h 55m,8659.0,8246.67,412.33,INR,9 Seats Left,2026-08-31 15:45:26,EaseMyTrip
Chennai,New Delhi,IndiGo,6E- 796,1 Stop,2026-09-30,22:00,03:50,05h 50m,8708.0,8293.33,414.67,INR,8 Seats Left,2026-08-31 15:52:30,EaseMyTrip
Chennai,New Delhi,IndiGo,6E-6815,1 Stop,2026-09-30,08:55,14:50,05h 55m,8708.0,8293.33,414.67,INR,4 Seats Left,2026-08-31 15:52:30,EaseMyTrip
Chennai,New Delhi,IndiGo,6E-6812,1 Stop,2026-09-30,20:00,02:00,06h 00m,8708.0,8293.33,414.67,INR,,2026-08-31 15:52:30,EaseMyTrip
Chennai,New Delhi,IndiGo,6E-6892,1 Stop,2026-09-30,10:55,16:05,05h 10m,8708.0,8293.33,414.67,INR,,2026-08-31 15:52:30,EaseMyTrip
New Delhi,Kolkata,IndiGo,6E- 910,Nonstop,2026-09-01,14:25,16:45,02h 20m,8713.0,8298.1,414.9,INR,8 Seats Left,2026-08-31 15:49:41,EaseMyTrip
New Delhi,Pune,Air India,AI-1735,Nonstop,2026-09-01,13:00,15:15,02h 15m,8733.0,8317.14,415.86,INR,9 Seats Left,2026-08-31 15:48:35,EaseMyTrip
New Delhi,Pune,Air India,AI-2973,Nonstop,2026-09-01,20:50,23:05,02h 15m,8733.0,8317.14,415.86,INR,9 Seats Left,2026-08-31 15:48:35,EaseMyTrip
New Delhi,Pune,Air India,AI-1730,Nonstop,2026-09-01,19:10,21:15,02h 05m,8733.0,8317.14,415.86,INR,9 Seats Left,2026-08-31 15:48:35,EaseMyTrip
Bengaluru,New Delhi,Air India Express,IX-1040,Nonstop,2026-09-01,14:40,17:30,02h 50m,8759.0,8341.9,417.1,INR,7 Seats Left,2026-08-31 15:45:26,EaseMyTrip
Bengaluru,New Delhi,Air India Express,IX-1040,Nonstop,2026-09-15,14:40,17:30,02h 50m,8759.0,8341.9,417.1,INR,9 Seats Left,2026-08-31 15:45:51,EaseMyTrip
Bengaluru,New Delhi,Air India Express,IX-1040,Nonstop,2026-09-07,14:40,17:30,02h 50m,8759.0,8341.9,417.1,INR,3 Seats Left,2026-08-31 15:45:39,EaseMyTrip
Bengaluru,New Delhi,Air India Express,IX-5976,Nonstop,2026-09-07,01:15,04:10,02h 55m,8759.0,8341.9,417.1,INR,7 Seats Left,2026-08-31 15:45:39,EaseMyTrip
Bengaluru,New Delhi,Air India Express,IX-1581,1 Stop,2026-09-30,18:40,00:10,05h 30m,8763.0,8345.71,417.29,INR,9 Seats Left,2026-08-31 15:46:05,EaseMyTrip
Bengaluru,New Delhi,Air India Express,IX-1581,1 Stop,2026-09-15,18:40,23:55,05h 15m,8763.0,8345.71,417.29,INR,9 Seats Left,2026-08-31 15:45:51,EaseMyTrip
New Delhi,Pune,AkasaAir,QP-1809,Nonstop,2026-09-01,18:10,20:25,02h 15m,8782.0,8363.81,418.19,INR,9 Seats Left,2026-08-31 15:48:35,EaseMyTrip
Chennai,New Delhi,Air India Express,IX-2661,1 Stop,2026-09-01,22:05,10:00,11h 55m,8791.0,8372.38,418.62,INR,8 Seats Left,2026-08-31 15:51:51,EaseMyTrip
Chennai,New Delhi,IndiGo,6E-6140,1 Stop,2026-09-30,02:30,08:10,05h 40m,8840.0,8419.05,420.95,INR,,2026-08-31 15:52:30,EaseMyTrip
Chennai,New Delhi,IndiGo,6E-5258,1 Stop,2026-09-30,12:45,18:55,06h 10m,8840.0,8419.05,420.95,INR,,2026-08-31 15:52:30,EaseMyTrip
Chennai,New Delhi,IndiGo,6E-6225,1 Stop,2026-09-30,22:30,05:10,06h 40m,8840.0,8419.05,420.95,INR,,2026-08-31 15:52:30,EaseMyTrip
Bengaluru,Kolkata,IndiGo,6E-6572,Nonstop,2026-09-01,15:05,17:45,02h 40m,8865.0,8442.86,422.14,INR,3 Seats Left,2026-08-31 15:54:03,EaseMyTrip
New Delhi,Hyderbad,Air India,AI-2519,Nonstop,2026-09-01,16:00,18:20,02h 20m,8870.0,8447.62,422.38,INR,1 Seat Left,2026-08-31 15:47:32,EaseMyTrip
New Delhi,Hyderbad,Air India,AI-1706,Nonstop,2026-09-01,23:00,01:20,02h 20m,8870.0,8447.62,422.38,INR,9 Seats Left,2026-08-31 15:47:32,EaseMyTrip
New Delhi,Hyderbad,Air India,AI-2449,Nonstop,2026-09-01,22:00,00:20,02h 20m,8870.0,8447.62,422.38,INR,9 Seats Left,2026-08-31 15:47:32,EaseMyTrip
New Delhi,Hyderbad,Air India,AI-2577,Nonstop,2026-09-01,02:00,04:20,02h 20m,8870.0,8447.62,422.38,INR,9 Seats Left,2026-08-31 15:47:32,EaseMyTrip
New Delhi,Hyderbad,Air India,AI-2899,Nonstop,2026-09-01,12:30,14:45,02h 15m,8870.0,8447.62,422.38,INR,9 Seats Left,2026-08-31 15:47:32,EaseMyTrip
New Delhi,Hyderbad,Air India,AI-2859,Nonstop,2026-09-01,10:30,12:50,02h 20m,8870.0,8447.62,422.38,INR,9 Seats Left,2026-08-31 15:47:32,EaseMyTrip
New Delhi,Hyderbad,Air India,AI-2871,Nonstop,2026-09-01,20:30,22:50,02h 20m,8870.0,8447.62,422.38,INR,9 Seats Left,2026-08-31 15:47:32,EaseMyTrip
New Delhi,Hyderbad,IndiGo,6E-6425,1 Stop,2026-09-01,05:10,10:10,05h 00m,8899.0,8475.24,423.76,INR,,2026-08-31 15:47:32,EaseMyTrip
New Delhi,Hyderbad,IndiGo,6E- 327,1 Stop,2026-09-01,16:15,22:45,06h 30m,8899.0,8475.24,423.76,INR,,2026-08-31 15:47:32,EaseMyTrip
New Delhi,Hyderbad,IndiGo,6E-6676,1 Stop,2026-09-01,12:00,18:20,06h 20m,8899.0,8475.24,423.76,INR,8 Seats Left,2026-08-31 15:47:32,EaseMyTrip
Hyderbad,Mumbai,Air India,AI-2447,Nonstop,2026-09-01,17:25,19:25,02h 00m,8900.0,8476.19,423.81,INR,9 Seats Left,2026-08-31 15:52:56,EaseMyTrip
New Delhi,Kolkata,Air India,AI-2535,Nonstop,2026-09-01,06:40,08:50,02h 10m,8922.0,8497.14,424.86,INR,9 Seats Left,2026-08-31 15:49:41,EaseMyTrip
New Delhi,Kolkata,Air India,AI-2709,Nonstop,2026-09-01,19:40,21:50,02h 10m,8922.0,8497.14,424.86,INR,9 Seats Left,2026-08-31 15:49:41,EaseMyTrip
Ahmedabad,New Delhi,Air India,AI-2546,Nonstop,2026-09-01,23:00,00:45,01h 45m,8936.0,8510.48,425.52,INR,2 Seats Left,2026-08-31 15:50:45,EaseMyTrip
New Delhi,Pune,IndiGo,6E-2487,Nonstop,2026-09-01,11:50,14:05,02h 15m,8946.0,8520.0,426.0,INR,2 Seats Left,2026-08-31 15:48:35,EaseMyTrip
New Delhi,Pune,IndiGo,6E-6673,Nonstop,2026-09-01,21:15,23:20,02h 05m,8946.0,8520.0,426.0,INR,7 Seats Left,2026-08-31 15:48:35,EaseMyTrip
Chennai,New Delhi,IndiGo,6E- 597,1 Stop,2026-09-30,17:45,00:15,06h 30m,8997.0,8568.57,428.43,INR,,2026-08-31 15:52:30,EaseMyTrip
New Delhi,Kolkata,IndiGo,6E-6371,1 Stop,2026-10-15,06:20,13:30,07h 10m,9006.0,8577.14,428.86,INR,8 Seats Left,2026-08-31 15:50:32,EaseMyTrip
Bengaluru,New Delhi,AkasaAir,QP-1823,Nonstop,2026-09-01,06:05,08:50,02h 45m,9086.0,8653.33,432.67,INR,9 Seats Left,2026-08-31 15:45:26,EaseMyTrip
Chennai,New Delhi,IndiGo,6E- 489,1 Stop,2026-09-07,18:15,00:45,06h 30m,9087.0,8654.29,432.71,INR,,2026-08-31 15:52:04,EaseMyTrip
Chennai,New Delhi,IndiGo,6E- 372,1 Stop,2026-09-07,09:55,15:25,05h 30m,9087.0,8654.29,432.71,INR,,2026-08-31 15:52:04,EaseMyTrip
Chennai,New Delhi,IndiGo,6E- 561,1 Stop,2026-09-07,22:20,04:00,05h 40m,9087.0,8654.29,432.71,INR,,2026-08-31 15:52:04,EaseMyTrip
Chennai,New Delhi,IndiGo,6E- 193,1 Stop,2026-09-07,20:00,02:05,06h 05m,9087.0,8654.29,432.71,INR,,2026-08-31 15:52:04,EaseMyTrip
Chennai,New Delhi,IndiGo,6E- 502,1 Stop,2026-09-07,11:10,17:00,05h 50m,9087.0,8654.29,432.71,INR,5 Seats Left,2026-08-31 15:52:04,EaseMyTrip
Chennai,New Delhi,IndiGo,6E-6158,1 Stop,2026-09-07,16:10,21:40,05h 30m,9087.0,8654.29,432.71,INR,4 Seats Left,2026-08-31 15:52:04,EaseMyTrip
Chennai,New Delhi,IndiGo,6E-6487,1 Stop,2026-09-01,21:25,02:05,04h 40m,9087.0,8654.29,432.71,INR,6 Seats Left,2026-08-31 15:51:51,EaseMyTrip
Chennai,New Delhi,IndiGo,6E- 183,1 Stop,2026-09-01,16:35,23:15,06h 40m,9087.0,8654.29,432.71,INR,5 Seats Left,2026-08-31 15:51:51,EaseMyTrip
Chennai,New Delhi,IndiGo,6E- 253,1 Stop,2026-09-07,03:10,09:40,06h 30m,9087.0,8654.29,432.71,INR,5 Seats Left,2026-08-31 15:52:04,EaseMyTrip
Bengaluru,Noida,IndiGo,6E-2455,Nonstop,2026-09-07,06:25,08:45,02h 20m,9114.0,8680.0,434.0,INR,1 Seat Left,2026-08-31 15:45:39,EaseMyTrip
Bengaluru,New Delhi,IndiGo,6E-6034,Nonstop,2026-09-15,18:15,21:05,02h 50m,9115.0,8680.95,434.05,INR,,2026-08-31 15:45:51,EaseMyTrip
Bengaluru,New Delhi,IndiGo,6E-6039,Nonstop,2026-09-15,17:00,19:50,02h 50m,9115.0,8680.95,434.05,INR,3 Seats Left,2026-08-31 15:45:51,EaseMyTrip
Bengaluru,New Delhi,IndiGo,6E- 870,Nonstop,2026-09-01,19:30,22:15,02h 45m,9115.0,8680.95,434.05,INR,9 Seats Left,2026-08-31 15:45:26,EaseMyTrip
Bengaluru,New Delhi,IndiGo,6E- 175,Nonstop,2026-09-01,10:45,13:35,02h 50m,9115.0,8680.95,434.05,INR,,2026-08-31 15:45:26,EaseMyTrip
Bengaluru,New Delhi,IndiGo,6E- 830,Nonstop,2026-09-07,09:30,12:30,03h 00m,9115.0,8680.95,434.05,INR,3 Seats Left,2026-08-31 15:45:39,EaseMyTrip
Bengaluru,New Delhi,IndiGo,6E- 860,Nonstop,2026-09-07,15:45,18:35,02h 50m,9115.0,8680.95,434.05,INR,,2026-08-31 15:45:39,EaseMyTrip
Bengaluru,New Delhi,IndiGo,6E- 870,Nonstop,2026-09-07,19:30,22:15,02h 45m,9115.0,8680.95,434.05,INR,3 Seats Left,2026-08-31 15:45:39,EaseMyTrip
Bengaluru,New Delhi,IndiGo,6E-6039,Nonstop,2026-09-07,17:00,19:50,02h 50m,9115.0,8680.95,434.05,INR,5 Seats Left,2026-08-31 15:45:39,EaseMyTrip
Bengaluru,New Delhi,IndiGo,6E-6034,Nonstop,2026-09-07,18:15,21:05,02h 50m,9115.0,8680.95,434.05,INR,8 Seats Left,2026-08-31 15:45:39,EaseMyTrip
Bengaluru,New Delhi,IndiGo,6E- 836,Nonstop,2026-09-07,05:05,07:55,02h 50m,9115.0,8680.95,434.05,INR,6 Seats Left,2026-08-31 15:45:39,EaseMyTrip
Bengaluru,New Delhi,IndiGo,6E- 175,Nonstop,2026-09-07,10:45,13:35,02h 50m,9115.0,8680.95,434.05,INR,8 Seats Left,2026-08-31 15:45:39,EaseMyTrip
Bengaluru,New Delhi,IndiGo,6E- 175,Nonstop,2026-09-15,10:45,13:35,02h 50m,9115.0,8680.95,434.05,INR,2 Seats Left,2026-08-31 15:45:51,EaseMyTrip
Bengaluru,New Delhi,IndiGo,6E- 840,Nonstop,2026-09-01,13:55,16:45,02h 50m,9115.0,8680.95,434.05,INR,7 Seats Left,2026-08-31 15:45:26,EaseMyTrip
Bengaluru,New Delhi,IndiGo,6E- 809,Nonstop,2026-09-01,12:00,14:50,02h 50m,9115.0,8680.95,434.05,INR,4 Seats Left,2026-08-31 15:45:26,EaseMyTrip
Bengaluru,New Delhi,Air India,AI-2486,Nonstop,2026-09-15,14:00,16:45,02h 45m,9130.0,8695.24,434.76,INR,2 Seats Left,2026-08-31 15:45:51,EaseMyTrip
Bengaluru,New Delhi,Air India,AI-2758,Nonstop,2026-09-01,00:15,03:10,02h 55m,9130.0,8695.24,434.76,INR,9 Seats Left,2026-08-31 15:45:26,EaseMyTrip
Bengaluru,New Delhi,Air India,AI-2486,Nonstop,2026-09-01,14:00,16:45,02h 45m,9130.0,8695.24,434.76,INR,9 Seats Left,2026-08-31 15:45:26,EaseMyTrip
Bengaluru,New Delhi,Air India,AI-428,Nonstop,2026-09-01,14:50,17:35,02h 45m,9130.0,8695.24,434.76,INR,9 Seats Left,2026-08-31 15:45:26,EaseMyTrip
Bengaluru,New Delhi,Air India,AI-2486,Nonstop,2026-09-07,14:00,16:45,02h 45m,9130.0,8695.24,434.76,INR,9 Seats Left,2026-08-31 15:45:39,EaseMyTrip
Bengaluru,New Delhi,Air India,AI-428,Nonstop,2026-09-07,15:30,18:15,02h 45m,9130.0,8695.24,434.76,INR,9 Seats Left,2026-08-31 15:45:39,EaseMyTrip
Bengaluru,New Delhi,Air India,AI-2756,Nonstop,2026-09-01,02:15,05:10,02h 55m,9130.0,8695.24,434.76,INR,9 Seats Left,2026-08-31 15:45:26,EaseMyTrip
Bengaluru,New Delhi,Air India,AI-2818,Nonstop,2026-09-07,20:00,22:45,02h 45m,9130.0,8695.24,434.76,INR,9 Seats Left,2026-08-31 15:45:39,EaseMyTrip
Hyderbad,Mumbai,IndiGo,6E-6727,1 Stop,2026-09-01,18:15,00:30,06h 15m,9144.0,8708.57,435.43,INR,2 Seats Left,2026-08-31 15:52:56,EaseMyTrip
Hyderbad,Mumbai,IndiGo,6E-6291,1 Stop,2026-09-01,09:20,16:35,07h 15m,9275.0,8833.33,441.67,INR,5 Seats Left,2026-08-31 15:52:56,EaseMyTrip
Chennai,New Delhi,IndiGo,6E- 183,1 Stop,2026-09-30,16:35,23:15,06h 40m,9288.0,8845.71,442.29,INR,,2026-08-31 15:52:30,EaseMyTrip
Chennai,New Delhi,IndiGo,6E- 253,1 Stop,2026-09-30,03:10,09:40,06h 30m,9288.0,8845.71,442.29,INR,,2026-08-31 15:52:30,EaseMyTrip
Chennai,New Delhi,IndiGo,6E- 489,1 Stop,2026-09-30,18:15,00:45,06h 30m,9288.0,8845.71,442.29,INR,,2026-08-31 15:52:30,EaseMyTrip
Chennai,New Delhi,IndiGo,6E- 502,1 Stop,2026-09-30,11:10,17:00,05h 50m,9288.0,8845.71,442.29,INR,,2026-08-31 15:52:30,EaseMyTrip
Chennai,New Delhi,IndiGo,6E- 607,1 Stop,2026-09-30,05:40,11:05,05h 25m,9288.0,8845.71,442.29,INR,,2026-08-31 15:52:30,EaseMyTrip
Chennai,New Delhi,IndiGo,6E-6158,1 Stop,2026-09-30,16:10,21:40,05h 30m,9288.0,8845.71,442.29,INR,,2026-08-31 15:52:30,EaseMyTrip
Chennai,New Delhi,IndiGo,6E- 848,1 Stop,2026-09-30,17:50,23:30,05h 40m,9288.0,8845.71,442.29,INR,8 Seats Left,2026-08-31 15:52:30,EaseMyTrip
Chennai,New Delhi,IndiGo,6E- 244,1 Stop,2026-09-30,03:55,09:15,05h 20m,9288.0,8845.71,442.29,INR,,2026-08-31 15:52:30,EaseMyTrip
Hyderbad,Mumbai,Air India,AI-9896,1 Stop,2026-09-01,18:40,20:10,25h 30m,9351.0,8905.71,445.29,INR,1 Seat Left,2026-08-31 15:52:56,EaseMyTrip
Bengaluru,New Delhi,IndiGo,6E-6784,1 Stop,2026-10-15,21:25,02:05,04h 40m,9454.0,9003.81,450.19,INR,,2026-08-31 15:46:17,EaseMyTrip
Hyderbad,Mumbai,IndiGo,6E-6424,1 Stop,2026-09-01,14:10,20:15,06h 05m,9485.0,9033.33,451.67,INR,5 Seats Left,2026-08-31 15:52:56,EaseMyTrip
New Delhi,Pune,Air India,AI-2711,Nonstop,2026-09-01,02:00,04:15,02h 15m,9497.0,9044.76,452.24,INR,1 Seat Left,2026-08-31 15:48:35,EaseMyTrip
New Delhi,Kolkata,IndiGo,6E-6551,1 Stop,2026-10-15,12:00,18:00,06h 00m,9711.0,9248.57,462.43,INR,,2026-08-31 15:50:32,EaseMyTrip
Bengaluru,New Delhi,IndiGo,6E-6067,1 Stop,2026-10-15,16:30,21:40,05h 10m,9749.0,9284.76,464.24,INR,,2026-08-31 15:46:17,EaseMyTrip
Chennai,New Delhi,IndiGo,6E-6487,1 Stop,2026-09-07,21:25,02:05,04h 40m,9792.0,9325.71,466.29,INR,,2026-08-31 15:52:04,EaseMyTrip
Chennai,New Delhi,IndiGo,6E-6797,1 Stop,2026-09-15,13:10,18:45,05h 35m,9802.0,9335.24,466.76,INR,,2026-08-31 15:52:18,EaseMyTrip
Ahmedabad,New Delhi,AkasaAir,QP-1194,1 Stop,2026-09-30,04:50,12:45,07h 55m,9834.0,9365.71,468.29,INR,5 Seats Left,2026-08-31 15:51:24,EaseMyTrip
Ahmedabad,New Delhi,AkasaAir,QP-1194,1 Stop,2026-09-15,04:50,12:45,07h 55m,9834.0,9365.71,468.29,INR,5 Seats Left,2026-08-31 15:51:12,EaseMyTrip
Chennai,New Delhi,IndiGo,6E- 847,1 Stop,2026-09-07,16:15,22:15,06h 00m,9871.0,9400.95,470.05,INR,2 Seats Left,2026-08-31 15:52:04,EaseMyTrip
Chennai,New Delhi,Air India Express,IX-1354,1 Stop,2026-09-07,14:40,22:10,07h 30m,9875.0,9404.76,470.24,INR,9 Seats Left,2026-08-31 15:52:04,EaseMyTrip
Chennai,New Delhi,IndiGo,6E- 948,Nonstop,2026-09-15,14:30,17:30,03h 00m,9879.0,9408.57,470.43,INR,,2026-08-31 15:52:18,EaseMyTrip
Chennai,New Delhi,IndiGo,6E- 939,Nonstop,2026-09-15,13:00,15:55,02h 55m,9879.0,9408.57,470.43,INR,,2026-08-31 15:52:18,EaseMyTrip
Chennai,New Delhi,IndiGo,6E-2369,Nonstop,2026-09-15,23:45,02:40,02h 55m,9879.0,9408.57,470.43,INR,,2026-08-31 15:52:18,EaseMyTrip
Chennai,New Delhi,IndiGo,6E- 948,Nonstop,2026-09-30,14:30,17:30,03h 00m,9879.0,9408.57,470.43,INR,,2026-08-31 15:52:30,EaseMyTrip
Chennai,New Delhi,IndiGo,6E- 951,Nonstop,2026-09-15,21:50,00:35,02h 45m,9879.0,9408.57,470.43,INR,,2026-08-31 15:52:18,EaseMyTrip
Chennai,New Delhi,IndiGo,6E- 698,Nonstop,2026-09-15,16:45,19:40,02h 55m,9879.0,9408.57,470.43,INR,6 Seats Left,2026-08-31 15:52:18,EaseMyTrip
Ahmedabad,New Delhi,Air India,AI-1121,Nonstop,2026-09-01,20:15,22:00,01h 45m,9881.0,9410.48,470.52,INR,1 Seat Left,2026-08-31 15:50:45,EaseMyTrip
Bengaluru,New Delhi,IndiGo,6E- 860,Nonstop,2026-10-15,15:45,18:35,02h 50m,9900.0,9428.57,471.43,INR,,2026-08-31 15:46:17,EaseMyTrip
Bengaluru,New Delhi,IndiGo,6E- 840,Nonstop,2026-10-15,13:55,16:45,02h 50m,9900.0,9428.57,471.43,INR,,2026-08-31 15:46:17,EaseMyTrip
Bengaluru,New Delhi,IndiGo,6E- 175,Nonstop,2026-10-15,10:45,13:35,02h 50m,9900.0,9428.57,471.43,INR,7 Seats Left,2026-08-31 15:46:17,EaseMyTrip
Bengaluru,New Delhi,IndiGo,6E- 869,Nonstop,2026-10-15,13:10,16:05,02h 55m,9900.0,9428.57,471.43,INR,,2026-08-31 15:46:17,EaseMyTrip
Bengaluru,Ghaziabad,IndiGo,6E-2518,Nonstop,2026-10-15,09:20,12:10,02h 50m,9900.0,9428.57,471.43,INR,,2026-08-31 15:46:17,EaseMyTrip
Bengaluru,New Delhi,IndiGo,6E- 849,Nonstop,2026-10-15,08:15,11:05,02h 50m,9900.0,9428.57,471.43,INR,1 Seat Left,2026-08-31 15:46:17,EaseMyTrip
Bengaluru,New Delhi,IndiGo,6E-6406,Nonstop,2026-10-15,22:00,00:50,02h 50m,9900.0,9428.57,471.43,INR,8 Seats Left,2026-08-31 15:46:17,EaseMyTrip
Bengaluru,New Delhi,IndiGo,6E- 809,Nonstop,2026-10-15,12:00,14:50,02h 50m,9900.0,9428.57,471.43,INR,,2026-08-31 15:46:17,EaseMyTrip
Bengaluru,New Delhi,IndiGo,6E- 830,Nonstop,2026-10-15,09:30,12:30,03h 00m,9900.0,9428.57,471.43,INR,5 Seats Left,2026-08-31 15:46:17,EaseMyTrip
Bengaluru,New Delhi,IndiGo,6E- 817,Nonstop,2026-10-15,20:40,23:30,02h 50m,9900.0,9428.57,471.43,INR,6 Seats Left,2026-08-31 15:46:17,EaseMyTrip
Bengaluru,New Delhi,IndiGo,6E-6039,Nonstop,2026-10-15,17:00,19:50,02h 50m,9900.0,9428.57,471.43,INR,,2026-08-31 15:46:17,EaseMyTrip
Bengaluru,New Delhi,IndiGo,6E-6034,Nonstop,2026-10-15,18:15,21:05,02h 50m,9900.0,9428.57,471.43,INR,4 Seats Left,2026-08-31 15:46:17,EaseMyTrip
Bengaluru,New Delhi,IndiGo,6E- 870,Nonstop,2026-10-15,19:30,22:15,02h 45m,9900.0,9428.57,471.43,INR,7 Seats Left,2026-08-31 15:46:17,EaseMyTrip
Chennai,Ghaziabad,IndiGo,6E-2578,Nonstop,2026-09-15,10:20,13:20,03h 00m,9918.0,9445.71,472.29,INR,,2026-08-31 15:52:18,EaseMyTrip
Chennai,Ghaziabad,IndiGo,6E-2578,Nonstop,2026-09-01,10:20,13:20,03h 00m,9918.0,9445.71,472.29,INR,,2026-08-31 15:51:51,EaseMyTrip
Ahmedabad,New Delhi,AkasaAir,QP-1194,1 Stop,2026-09-07,04:50,12:45,07h 55m,10002.0,9525.71,476.29,INR,9 Seats Left,2026-08-31 15:50:58,EaseMyTrip
Bengaluru,New Delhi,Air India Express,IX-1581,1 Stop,2026-10-15,18:40,00:10,05h 30m,10005.0,9528.57,476.43,INR,9 Seats Left,2026-08-31 15:46:17,EaseMyTrip
Chennai,New Delhi,IndiGo,6E- 495,1 Stop,2026-09-15,07:10,12:30,05h 20m,10012.0,9535.24,476.76,INR,8 Seats Left,2026-08-31 15:52:18,EaseMyTrip
Chennai,New Delhi,IndiGo,6E- 607,1 Stop,2026-09-15,05:40,11:05,05h 25m,10012.0,9535.24,476.76,INR,,2026-08-31 15:52:18,EaseMyTrip
Chennai,New Delhi,IndiGo,6E- 244,1 Stop,2026-09-15,03:55,09:15,05h 20m,10012.0,9535.24,476.76,INR,8 Seats Left,2026-08-31 15:52:18,EaseMyTrip
Chennai,New Delhi,IndiGo,6E- 502,1 Stop,2026-09-15,11:10,17:00,05h 50m,10012.0,9535.24,476.76,INR,,2026-08-31 15:52:18,EaseMyTrip
Chennai,New Delhi,IndiGo,6E- 561,1 Stop,2026-09-15,22:20,04:00,05h 40m,10012.0,9535.24,476.76,INR,,2026-08-31 15:52:18,EaseMyTrip
Chennai,New Delhi,IndiGo,6E- 372,1 Stop,2026-09-15,09:55,15:25,05h 30m,10012.0,9535.24,476.76,INR,,2026-08-31 15:52:18,EaseMyTrip
Chennai,New Delhi,IndiGo,6E- 991,1 Stop,2026-09-15,09:30,14:55,05h 25m,10012.0,9535.24,476.76,INR,,2026-08-31 15:52:18,EaseMyTrip
Chennai,New Delhi,IndiGo,6E-6487,1 Stop,2026-09-15,21:25,02:05,04h 40m,10012.0,9535.24,476.76,INR,,2026-08-31 15:52:18,EaseMyTrip
Chennai,New Delhi,IndiGo,6E- 848,1 Stop,2026-09-15,17:50,23:30,05h 40m,10012.0,9535.24,476.76,INR,,2026-08-31 15:52:18,EaseMyTrip
Chennai,New Delhi,IndiGo,6E- 834,1 Stop,2026-09-15,09:05,13:55,04h 50m,10012.0,9535.24,476.76,INR,,2026-08-31 15:52:18,EaseMyTrip
Chennai,New Delhi,IndiGo,6E-6925,1 Stop,2026-09-15,12:00,16:55,04h 55m,10012.0,9535.24,476.76,INR,2 Seats Left,2026-08-31 15:52:18,EaseMyTrip
Chennai,New Delhi,IndiGo,6E- 973,1 Stop,2026-09-15,11:55,18:05,06h 10m,10012.0,9535.24,476.76,INR,,2026-08-31 15:52:18,EaseMyTrip
Ahmedabad,Noida,AkasaAir,QP-1194,1 Stop,2026-09-07,04:50,12:35,07h 45m,10054.0,9575.24,478.76,INR,9 Seats Left,2026-08-31 15:50:58,EaseMyTrip
Bengaluru,New Delhi,IndiGo,6E-6003,1 Stop,2026-10-15,15:35,20:30,04h 55m,10147.0,9663.81,483.19,INR,,2026-08-31 15:46:17,EaseMyTrip
Bengaluru,New Delhi,IndiGo,6E-6863,1 Stop,2026-10-15,08:20,12:55,04h 35m,10147.0,9663.81,483.19,INR,,2026-08-31 15:46:17,EaseMyTrip
Bengaluru,New Delhi,IndiGo,6E- 839,Nonstop,2026-10-15,01:00,03:50,02h 50m,10202.0,9716.19,485.81,INR,,2026-08-31 15:46:17,EaseMyTrip
Bengaluru,New Delhi,IndiGo,6E-2313,Nonstop,2026-10-15,23:30,02:20,02h 50m,10202.0,9716.19,485.81,INR,6 Seats Left,2026-08-31 15:46:17,EaseMyTrip
Ahmedabad,New Delhi,IndiGo,6E-2209,Nonstop,2026-09-07,05:00,06:45,01h 45m,10250.0,9761.9,488.1,INR,2 Seats Left,2026-08-31 15:50:58,EaseMyTrip
New Delhi,Kolkata,IndiGo,6E-5119,1 Stop,2026-10-15,05:10,12:00,06h 50m,10381.0,9886.67,494.33,INR,1 Seat Left,2026-08-31 15:50:32,EaseMyTrip
Chennai,New Delhi,IndiGo,6E- 973,1 Stop,2026-09-01,11:55,18:05,06h 10m,10566.0,10062.86,503.14,INR,,2026-08-31 15:51:51,EaseMyTrip
Chennai,New Delhi,IndiGo,6E- 991,1 Stop,2026-09-01,09:30,14:55,05h 25m,10566.0,10062.86,503.14,INR,1 Seat Left,2026-08-31 15:51:51,EaseMyTrip
Chennai,New Delhi,IndiGo,6E-6892,1 Stop,2026-09-01,10:55,16:45,05h 50m,10644.0,10137.14,506.86,INR,5 Seats Left,2026-08-31 15:51:51,EaseMyTrip
Chennai,New Delhi,IndiGo,6E-6113,1 Stop,2026-09-01,17:00,22:35,05h 35m,10776.0,10262.86,513.14,INR,4 Seats Left,2026-08-31 15:51:51,EaseMyTrip
New Delhi,Kolkata,IndiGo,6E-5036,1 Stop,2026-10-15,08:00,12:25,04h 25m,10812.0,10297.14,514.86,INR,3 Seats Left,2026-08-31 15:50:32,EaseMyTrip
New Delhi,Kolkata,IndiGo,6E-6053,1 Stop,2026-10-15,13:05,17:30,04h 25m,10891.0,10372.38,518.62,INR,,2026-08-31 15:50:32,EaseMyTrip
Chennai,New Delhi,IndiGo,6E- 939,Nonstop,2026-09-01,13:00,15:55,02h 55m,11361.0,10820.0,541.0,INR,,2026-08-31 15:51:51,EaseMyTrip
Chennai,New Delhi,IndiGo,6E-2369,Nonstop,2026-09-01,23:45,02:40,02h 55m,11361.0,10820.0,541.0,INR,8 Seats Left,2026-08-31 15:51:51,EaseMyTrip
Chennai,New Delhi,IndiGo,6E- 561,1 Stop,2026-09-01,22:20,04:00,05h 40m,11417.0,10873.33,543.67,INR,2 Seats Left,2026-08-31 15:51:51,EaseMyTrip
Chennai,New Delhi,IndiGo,6E- 365,1 Stop,2026-09-01,17:45,23:30,05h 45m,11496.0,10948.57,547.43,INR,1 Seat Left,2026-08-31 15:51:51,EaseMyTrip
New Delhi,Kolkata,IndiGo,6E-2267,1 Stop,2026-10-15,16:40,22:05,05h 25m,11829.0,11265.71,563.29,INR,3 Seats Left,2026-08-31 15:50:32,EaseMyTrip
Chennai,New Delhi,Air India,AI-2468,Nonstop,2026-09-01,14:00,16:55,02h 55m,11831.0,11267.62,563.38,INR,9 Seats Left,2026-08-31 15:51:51,EaseMyTrip
Chennai,New Delhi,Air India,AI-538,Nonstop,2026-09-01,20:10,22:55,02h 45m,11831.0,11267.62,563.38,INR,9 Seats Left,2026-08-31 15:51:51,EaseMyTrip
Chennai,New Delhi,Air India,AI-2526,Nonstop,2026-09-01,09:20,12:15,02h 55m,11831.0,11267.62,563.38,INR,3 Seats Left,2026-08-31 15:51:51,EaseMyTrip
Chennai,New Delhi,Air India,AI-2836,Nonstop,2026-09-01,11:00,14:00,03h 00m,11831.0,11267.62,563.38,INR,9 Seats Left,2026-08-31 15:51:51,EaseMyTrip
New Delhi,Kolkata,IndiGo,6E-6246,1 Stop,2026-10-15,05:25,10:20,04h 55m,11845.0,11280.95,564.05,INR,5 Seats Left,2026-08-31 15:50:32,EaseMyTrip
Chennai,New Delhi,IndiGo,6E-6002,Nonstop,2026-09-01,11:10,13:55,02h 45m,11912.0,11344.76,567.24,INR,9 Seats Left,2026-08-31 15:51:51,EaseMyTrip
Chennai,New Delhi,IndiGo,6E- 951,Nonstop,2026-09-01,21:50,00:35,02h 45m,11912.0,11344.76,567.24,INR,4 Seats Left,2026-08-31 15:51:51,EaseMyTrip
Chennai,New Delhi,IndiGo,6E- 404,Nonstop,2026-09-01,09:15,12:10,02h 55m,11912.0,11344.76,567.24,INR,6 Seats Left,2026-08-31 15:51:51,EaseMyTrip
Noida,Kolkata,IndiGo,6E-7628,1 Stop,2026-10-15,15:05,22:05,07h 00m,11997.0,11425.71,571.29,INR,2 Seats Left,2026-08-31 15:50:32,EaseMyTrip
New Delhi,Kolkata,IndiGo,6E-5033,1 Stop,2026-10-15,15:50,20:30,04h 40m,12114.0,11537.14,576.86,INR,5 Seats Left,2026-08-31 15:50:32,EaseMyTrip
New Delhi,Kolkata,IndiGo,6E-6503,1 Stop,2026-10-15,13:25,19:40,06h 15m,12142.0,11563.81,578.19,INR,7 Seats Left,2026-08-31 15:50:32,EaseMyTrip
Ahmedabad,New Delhi,IndiGo,6E-2209,Nonstop,2026-09-01,05:00,06:45,01h 45m,12350.0,11761.9,588.1,INR,4 Seats Left,2026-08-31 15:50:45,EaseMyTrip
New Delhi,Kolkata,IndiGo,6E-6459,1 Stop,2026-10-15,05:55,13:25,07h 30m,12777.0,12168.57,608.43,INR,,2026-08-31 15:50:32,EaseMyTrip
New Delhi,Kolkata,IndiGo,6E- 734,1 Stop,2026-10-15,16:20,22:50,06h 30m,12777.0,12168.57,608.43,INR,8 Seats Left,2026-08-31 15:50:32,EaseMyTrip
New Delhi,Kolkata,IndiGo,6E-6312,1 Stop,2026-10-15,14:25,20:25,06h 00m,12777.0,12168.57,608.43,INR,,2026-08-31 15:50:32,EaseMyTrip
New Delhi,Kolkata,IndiGo,6E-6378,1 Stop,2026-10-15,14:40,19:20,04h 40m,13110.0,12485.71,624.29,INR,3 Seats Left,2026-08-31 15:50:32,EaseMyTrip
New Delhi,Kolkata,IndiGo,6E-6211,1 Stop,2026-10-15,09:10,15:20,06h 10m,13171.0,12543.81,627.19,INR,4 Seats Left,2026-08-31 15:50:32,EaseMyTrip
Noida,Kolkata,IndiGo,6E-7624,1 Stop,2026-10-15,05:50,11:05,05h 15m,13362.0,12725.71,636.29,INR,2 Seats Left,2026-08-31 15:50:32,EaseMyTrip
New Delhi,Kolkata,AkasaAir,QP-1801,Nonstop,2026-10-15,05:55,08:15,02h 20m,13664.0,13013.33,650.67,INR,1 Seat Left,2026-08-31 15:50:32,EaseMyTrip
New Delhi,Kolkata,IndiGo,6E- 389,Nonstop,2026-10-15,21:50,00:05,02h 15m,13806.0,13148.57,657.43,INR,2 Seats Left,2026-08-31 15:50:32,EaseMyTrip
New Delhi,Kolkata,IndiGo,6E- 930,Nonstop,2026-10-15,02:45,05:00,02h 15m,13806.0,13148.57,657.43,INR,,2026-08-31 15:50:32,EaseMyTrip
New Delhi,Kolkata,IndiGo,6E- 247,Nonstop,2026-10-15,23:30,01:45,02h 15m,13806.0,13148.57,657.43,INR,1 Seat Left,2026-08-31 15:50:32,EaseMyTrip
Ahmedabad,New Delhi,Air India,AI-532,Nonstop,2026-09-01,21:30,23:40,02h 10m,14291.0,13610.48,680.52,INR,1 Seat Left,2026-08-31 15:50:45,EaseMyTrip
Ahmedabad,New Delhi,IndiGo,6E- 983,Nonstop,2026-09-01,07:30,09:15,01h 45m,14660.0,13961.9,698.1,INR,3 Seats Left,2026-08-31 15:50:45,EaseMyTrip
Ahmedabad,New Delhi,IndiGo,6E-2179,Nonstop,2026-09-01,09:50,11:35,01h 45m,14660.0,13961.9,698.1,INR,9 Seats Left,2026-08-31 15:50:45,EaseMyTrip
Ahmedabad,New Delhi,Air India,AI-2824,1 Stop,2026-09-01,05:00,19:05,14h 05m,16135.0,15366.67,768.33,INR,4 Seats Left,2026-08-31 15:50:45,EaseMyTrip
