Origin,Destination,Airline name,Flight_code,Stops,Travel_date,Departure_time,Arrival_time,Fare,Base price,GST,Currency,Scraped_at time,Source
AMD,BOM,IndiGo,6E-522,Non-stop,2026-09-26,14:00,15:20,3498.0,3331.43,166.57,INR,2026-08-27 06:09:23,Cleartrip
AMD,BOM,Akasa Air,QP-1194,Non-stop,2026-09-11,04:45,06:15,3720.0,3542.86,177.14,INR,2026-08-27 06:09:06,Cleartrip
AMD,BOM,Unknown,9I-612,Non-stop,2026-09-26,20:35,22:20,3837.0,3654.29,182.71,INR,2026-08-27 06:09:23,Cleartrip
BLR,PNQ,Unknown,S5-183,1 stop,2026-09-26,08:00,20:05,3998.0,3807.62,190.38,INR,2026-08-27 06:10:43,Cleartrip
AMD,BOM,IndiGo,6E-6285,Non-stop,2026-09-26,04:00,05:30,4008.0,3817.14,190.86,INR,2026-08-27 06:09:23,Cleartrip
AMD,BOM,IndiGo,6E-6285,Non-stop,2026-09-11,04:00,05:30,4008.0,3817.14,190.86,INR,2026-08-27 06:09:06,Cleartrip
AMD,BOM,Akasa Air,QP-1194,Non-stop,2026-09-26,04:45,06:15,4051.0,3858.1,192.9,INR,2026-08-27 06:09:23,Cleartrip
BLR,HYD,Unknown,9I-517,Non-stop,2026-09-26,20:50,22:35,4109.0,3913.33,195.67,INR,2026-08-27 06:05:12,Cleartrip
AMD,BOM,IndiGo,6E-5146,Non-stop,2026-09-11,08:05,09:35,4268.0,4064.76,203.24,INR,2026-08-27 06:09:06,Cleartrip
BLR,HYD,IndiGo,6E-638,Non-stop,2026-09-26,18:35,19:45,4428.0,4217.14,210.86,INR,2026-08-27 06:05:12,Cleartrip
BLR,HYD,IndiGo,6E-6784,Non-stop,2026-09-26,21:30,22:45,4428.0,4217.14,210.86,INR,2026-08-27 06:05:13,Cleartrip
BLR,HYD,IndiGo,6E-6178,Non-stop,2026-09-26,06:25,07:35,4428.0,4217.14,210.86,INR,2026-08-27 06:05:12,Cleartrip
BLR,HYD,IndiGo,6E-537,Non-stop,2026-09-26,10:15,11:30,4428.0,4217.14,210.86,INR,2026-08-27 06:05:12,Cleartrip
BLR,HYD,IndiGo,6E-6067,Non-stop,2026-09-26,16:30,17:45,4428.0,4217.14,210.86,INR,2026-08-27 06:05:12,Cleartrip
BLR,HYD,IndiGo,6E-484,Non-stop,2026-09-26,08:15,09:30,4428.0,4217.14,210.86,INR,2026-08-27 06:05:12,Cleartrip
BLR,HYD,IndiGo,6E-407,Non-stop,2026-09-26,14:50,16:05,4428.0,4217.14,210.86,INR,2026-08-27 06:05:12,Cleartrip
BLR,HYD,IndiGo,6E-484,Non-stop,2026-10-11,08:15,09:30,4428.0,4217.14,210.86,INR,2026-08-27 06:05:30,Cleartrip
BLR,HYD,IndiGo,6E-6178,Non-stop,2026-09-11,06:25,07:35,4428.0,4217.14,210.86,INR,2026-08-27 06:04:56,Cleartrip
BLR,HYD,IndiGo,6E-855,Non-stop,2026-09-26,19:45,21:00,4428.0,4217.14,210.86,INR,2026-08-27 06:05:12,Cleartrip
BLR,HYD,IndiGo,6E-312,Non-stop,2026-09-26,09:15,10:30,4428.0,4217.14,210.86,INR,2026-08-27 06:05:12,Cleartrip
AMD,BOM,Unknown,S5-628,1 stop,2026-09-11,06:40,09:15,4499.0,4284.76,214.24,INR,2026-08-27 06:09:06,Cleartrip
BLR,BOM,Akasa Air,QP-1383,Non-stop,2026-09-03,05:25,07:10,4564.0,4346.67,217.33,INR,2026-08-27 05:52:24,Cleartrip
BLR,BOM,Akasa Air,QP-1515,Non-stop,2026-09-03,06:20,08:00,4564.0,4346.67,217.33,INR,2026-08-27 05:52:23,Cleartrip
BLR,BOM,IndiGo,6E-5089,Non-stop,2026-09-03,05:30,07:15,4564.0,4346.67,217.33,INR,2026-08-27 05:52:24,Cleartrip
BLR,BOM,Akasa Air,QP-1134,Non-stop,2026-09-26,22:55,00:45,4564.0,4346.67,217.33,INR,2026-08-27 05:52:56,Cleartrip
BLR,BOM,Akasa Air,QP-1381,Non-stop,2026-09-26,04:50,06:45,4564.0,4346.67,217.33,INR,2026-08-27 05:52:56,Cleartrip
BLR,BOM,Akasa Air,QP-1528,Non-stop,2026-09-26,10:20,12:10,4564.0,4346.67,217.33,INR,2026-08-27 05:52:56,Cleartrip
BLR,BOM,Akasa Air,QP-1515,Non-stop,2026-09-26,06:20,08:00,4564.0,4346.67,217.33,INR,2026-08-27 05:52:56,Cleartrip
BLR,BOM,Air India Express,IX-1360,Non-stop,2026-09-26,20:55,22:40,4564.0,4346.67,217.33,INR,2026-08-27 05:52:56,Cleartrip
BLR,BOM,Akasa Air,QP-1517,Non-stop,2026-09-26,07:40,09:25,4564.0,4346.67,217.33,INR,2026-08-27 05:52:56,Cleartrip
BLR,BOM,IndiGo,6E-5205,Non-stop,2026-09-03,03:45,05:30,4564.0,4346.67,217.33,INR,2026-08-27 05:52:24,Cleartrip
BLR,BOM,Akasa Air,QP-1383,Non-stop,2026-09-26,05:25,07:10,4564.0,4346.67,217.33,INR,2026-08-27 05:52:56,Cleartrip
GOI,BOM,Akasa Air,QP-1176,Non-stop,2026-08-28,20:25,21:45,4586.0,4367.62,218.38,INR,2026-08-27 06:15:24,Cleartrip
AMD,BOM,IndiGo,6E-7018,Non-stop,2026-09-26,19:10,20:50,4619.0,4399.05,219.95,INR,2026-08-27 06:09:23,Cleartrip
BLR,HYD,Air India Express,IX-1250,Non-stop,2026-09-26,19:15,20:25,4627.0,4406.67,220.33,INR,2026-08-27 06:05:13,Cleartrip
AMD,BOM,IndiGo,6E-6351,Non-stop,2026-09-11,23:15,00:30,4688.0,4464.76,223.24,INR,2026-08-27 06:09:06,Cleartrip
BLR,BOM,Akasa Air,QP-1381,Non-stop,2026-09-03,04:50,06:45,4723.0,4498.1,224.9,INR,2026-08-27 05:52:24,Cleartrip
AMD,BOM,IndiGo,6E-6468,Non-stop,2026-09-11,09:00,10:30,4738.0,4512.38,225.62,INR,2026-08-27 06:09:06,Cleartrip
AMD,BOM,Air India,AI-2494,Non-stop,2026-09-11,21:00,22:40,4739.0,4513.33,225.67,INR,2026-08-27 06:09:06,Cleartrip
AMD,BOM,IndiGo,6E-6205,Non-stop,2026-09-11,01:15,02:55,4743.0,4517.14,225.86,INR,2026-08-27 06:09:06,Cleartrip
BLR,HYD,IndiGo,6E-6178,Non-stop,2026-10-11,06:10,07:20,4753.0,4526.67,226.33,INR,2026-08-27 06:05:30,Cleartrip
BLR,HYD,IndiGo,6E-684,Non-stop,2026-10-11,22:30,23:45,4753.0,4526.67,226.33,INR,2026-08-27 06:05:30,Cleartrip
BLR,HYD,IndiGo,6E-6784,Non-stop,2026-10-11,21:25,22:40,4753.0,4526.67,226.33,INR,2026-08-27 06:05:30,Cleartrip
BLR,HYD,IndiGo,6E-6067,Non-stop,2026-10-11,16:30,17:45,4753.0,4526.67,226.33,INR,2026-08-27 06:05:30,Cleartrip
BLR,HYD,IndiGo,6E-312,Non-stop,2026-09-03,09:15,10:30,4753.0,4526.67,226.33,INR,2026-08-27 06:04:39,Cleartrip
BLR,HYD,IndiGo,6E-6404,Non-stop,2026-09-03,11:35,12:50,4753.0,4526.67,226.33,INR,2026-08-27 06:04:39,Cleartrip
BLR,HYD,IndiGo,6E-6178,Non-stop,2026-09-03,06:25,07:35,4753.0,4526.67,226.33,INR,2026-08-27 06:04:39,Cleartrip
BLR,PNQ,Air India Express,IX-2680,Non-stop,2026-09-26,21:50,23:30,4762.0,4535.24,226.76,INR,2026-08-27 06:10:43,Cleartrip
BLR,PNQ,Air India Express,IX-1971,Non-stop,2026-09-03,12:45,14:20,4762.0,4535.24,226.76,INR,2026-08-27 06:10:11,Cleartrip
BLR,PNQ,Air India Express,IX-2873,Non-stop,2026-09-03,04:00,05:35,4762.0,4535.24,226.76,INR,2026-08-27 06:10:11,Cleartrip
BLR,PNQ,Air India Express,IX-2873,Non-stop,2026-09-11,04:00,05:35,4762.0,4535.24,226.76,INR,2026-08-27 06:10:27,Cleartrip
BLR,PNQ,Air India Express,IX-2680,Non-stop,2026-08-28,21:50,23:30,4762.0,4535.24,226.76,INR,2026-08-27 06:09:56,Cleartrip
BLR,PNQ,Air India Express,IX-2873,Non-stop,2026-09-26,04:00,05:35,4762.0,4535.24,226.76,INR,2026-08-27 06:10:43,Cleartrip
BLR,PNQ,Akasa Air,QP-1565,Non-stop,2026-09-26,08:10,09:45,4763.0,4536.19,226.81,INR,2026-08-27 06:10:43,Cleartrip
BLR,PNQ,Akasa Air,QP-1317,Non-stop,2026-10-11,19:55,21:35,4763.0,4536.19,226.81,INR,2026-08-27 06:10:59,Cleartrip
BLR,PNQ,Akasa Air,QP-1315,Non-stop,2026-09-26,15:20,16:55,4763.0,4536.19,226.81,INR,2026-08-27 06:10:43,Cleartrip
BLR,PNQ,IndiGo,6E-408,Non-stop,2026-09-26,04:30,05:55,4763.0,4536.19,226.81,INR,2026-08-27 06:10:43,Cleartrip
BLR,PNQ,IndiGo,6E-6876,Non-stop,2026-09-26,02:40,04:05,4763.0,4536.19,226.81,INR,2026-08-27 06:10:43,Cleartrip
BLR,PNQ,IndiGo,6E-116,Non-stop,2026-08-28,23:05,00:45,4763.0,4536.19,226.81,INR,2026-08-27 06:09:56,Cleartrip
BLR,PNQ,IndiGo,6E-528,Non-stop,2026-08-28,21:40,23:10,4763.0,4536.19,226.81,INR,2026-08-27 06:09:56,Cleartrip
BLR,PNQ,IndiGo,6E-408,Non-stop,2026-09-11,04:30,06:00,4763.0,4536.19,226.81,INR,2026-08-27 06:10:27,Cleartrip
BLR,PNQ,IndiGo,6E-6876,Non-stop,2026-09-11,02:40,04:05,4763.0,4536.19,226.81,INR,2026-08-27 06:10:27,Cleartrip
BLR,PNQ,IndiGo,6E-408,Non-stop,2026-08-28,04:30,06:00,4763.0,4536.19,226.81,INR,2026-08-27 06:09:56,Cleartrip
BLR,PNQ,Akasa Air,QP-1311,Non-stop,2026-09-26,05:10,06:50,4763.0,4536.19,226.81,INR,2026-08-27 06:10:43,Cleartrip
BLR,PNQ,IndiGo,6E-6563,Non-stop,2026-09-26,01:05,02:35,4763.0,4536.19,226.81,INR,2026-08-27 06:10:43,Cleartrip
BLR,PNQ,IndiGo,6E-528,Non-stop,2026-09-26,21:40,23:10,4763.0,4536.19,226.81,INR,2026-08-27 06:10:43,Cleartrip
BLR,PNQ,IndiGo,6E-576,Non-stop,2026-09-26,16:25,17:55,4763.0,4536.19,226.81,INR,2026-08-27 06:10:43,Cleartrip
BLR,PNQ,IndiGo,6E-6563,Non-stop,2026-09-03,01:05,02:35,4763.0,4536.19,226.81,INR,2026-08-27 06:10:11,Cleartrip
BLR,PNQ,IndiGo,6E-408,Non-stop,2026-09-03,04:30,06:00,4763.0,4536.19,226.81,INR,2026-08-27 06:10:11,Cleartrip
BLR,PNQ,Akasa Air,QP-1325,Non-stop,2026-09-03,14:30,16:05,4763.0,4536.19,226.81,INR,2026-08-27 06:10:12,Cleartrip
BLR,PNQ,Akasa Air,QP-1311,Non-stop,2026-09-03,05:10,06:50,4763.0,4536.19,226.81,INR,2026-08-27 06:10:12,Cleartrip
BLR,PNQ,IndiGo,6E-6876,Non-stop,2026-09-03,02:40,04:05,4763.0,4536.19,226.81,INR,2026-08-27 06:10:11,Cleartrip
BLR,PNQ,IndiGo,6E-116,Non-stop,2026-09-03,23:05,00:45,4763.0,4536.19,226.81,INR,2026-08-27 06:10:12,Cleartrip
GOI,BOM,Air India Express,IX-1209,Non-stop,2026-09-03,22:35,00:05,4765.0,4538.1,226.9,INR,2026-08-27 06:15:42,Cleartrip
GOI,BOM,IndiGo,6E-6278,Non-stop,2026-09-11,07:10,08:35,4765.0,4538.1,226.9,INR,2026-08-27 06:15:59,Cleartrip
GOI,BOM,IndiGo,6E-5176,Non-stop,2026-09-11,20:55,22:15,4765.0,4538.1,226.9,INR,2026-08-27 06:15:59,Cleartrip
GOI,BOM,IndiGo,6E-6278,Non-stop,2026-08-28,07:10,08:35,4765.0,4538.1,226.9,INR,2026-08-27 06:15:24,Cleartrip
GOI,BOM,Air India Express,IX-2368,Non-stop,2026-08-28,09:10,10:35,4765.0,4538.1,226.9,INR,2026-08-27 06:15:24,Cleartrip
GOI,BOM,IndiGo,6E-5176,Non-stop,2026-08-28,20:55,22:15,4765.0,4538.1,226.9,INR,2026-08-27 06:15:24,Cleartrip
GOI,BOM,Air India Express,IX-1209,Non-stop,2026-09-11,22:35,00:05,4765.0,4538.1,226.9,INR,2026-08-27 06:15:59,Cleartrip
GOI,BOM,Air India Express,IX-1209,Non-stop,2026-09-26,22:35,00:05,4765.0,4538.1,226.9,INR,2026-08-27 06:16:16,Cleartrip
BLR,BOM,SpiceJet,SG-369,Non-stop,2026-09-26,00:45,02:35,4773.0,4545.71,227.29,INR,2026-08-27 05:52:56,Cleartrip
BLR,BOM,SpiceJet,SG-115,Non-stop,2026-09-26,04:55,06:55,4773.0,4545.71,227.29,INR,2026-08-27 05:52:56,Cleartrip
GOI,BOM,IndiGo,6E-5231,Non-stop,2026-08-28,16:30,17:50,4827.0,4597.14,229.86,INR,2026-08-27 06:15:24,Cleartrip
GOI,BOM,IndiGo,6E-2175,Non-stop,2026-09-11,06:40,08:05,4827.0,4597.14,229.86,INR,2026-08-27 06:15:59,Cleartrip
GOI,BOM,Air India Express,IX-1214,Non-stop,2026-08-28,14:15,15:40,4827.0,4597.14,229.86,INR,2026-08-27 06:15:24,Cleartrip
GOI,BOM,IndiGo,6E-5242,Non-stop,2026-08-28,18:40,20:05,4827.0,4597.14,229.86,INR,2026-08-27 06:15:25,Cleartrip
GOI,BOM,Air India Express,IX-1241,Non-stop,2026-08-28,18:20,19:45,4827.0,4597.14,229.86,INR,2026-08-27 06:15:24,Cleartrip
GOI,BOM,IndiGo,6E-6156,Non-stop,2026-09-11,00:05,01:25,4827.0,4597.14,229.86,INR,2026-08-27 06:15:59,Cleartrip
AMD,BOM,IndiGo,6E-6351,Non-stop,2026-09-26,23:15,00:30,4898.0,4664.76,233.24,INR,2026-08-27 06:09:23,Cleartrip
BLR,PNQ,IndiGo,6E-6104,Non-stop,2026-09-03,11:40,13:10,4925.0,4690.48,234.52,INR,2026-08-27 06:10:12,Cleartrip
BLR,PNQ,IndiGo,6E-6563,Non-stop,2026-09-11,01:05,02:35,4925.0,4690.48,234.52,INR,2026-08-27 06:10:27,Cleartrip
BLR,PNQ,Akasa Air,QP-1313,Non-stop,2026-10-11,10:00,11:40,4925.0,4690.48,234.52,INR,2026-08-27 06:10:59,Cleartrip
BLR,PNQ,IndiGo,6E-408,Non-stop,2026-10-11,04:30,06:00,4925.0,4690.48,234.52,INR,2026-08-27 06:10:59,Cleartrip
BLR,PNQ,IndiGo,6E-528,Non-stop,2026-10-11,21:40,23:10,4925.0,4690.48,234.52,INR,2026-08-27 06:10:59,Cleartrip
BLR,BOM,Air India,AI-2811,Non-stop,2026-09-26,23:40,01:45,4930.0,4695.24,234.76,INR,2026-08-27 05:52:56,Cleartrip
BLR,BOM,Air India,AI-2858,Non-stop,2026-09-03,02:20,04:10,4930.0,4695.24,234.76,INR,2026-08-27 05:52:24,Cleartrip
HYD,BOM,Unknown,9I-925,Non-stop,2026-09-26,22:15,00:30,4954.0,4718.1,235.9,INR,2026-08-27 06:01:06,Cleartrip
BLR,BOM,IndiGo,6E-5293,Non-stop,2026-09-26,01:00,02:50,4984.0,4746.67,237.33,INR,2026-08-27 05:52:56,Cleartrip
BLR,BOM,IndiGo,6E-5293,Non-stop,2026-09-03,01:00,02:50,4984.0,4746.67,237.33,INR,2026-08-27 05:52:24,Cleartrip
AMD,BOM,Air India,AI-2504,Non-stop,2026-09-26,14:55,16:35,4998.0,4760.0,238.0,INR,2026-08-27 06:09:23,Cleartrip
MAA,HYD,IndiGo,6E-6815,1 stop,2026-09-26,08:55,12:50,5049.0,4808.57,240.43,INR,2026-08-27 06:12:06,Cleartrip
MAA,HYD,IndiGo,6E-365,1 stop,2026-09-26,17:45,21:00,5049.0,4808.57,240.43,INR,2026-08-27 06:12:06,Cleartrip
MAA,HYD,IndiGo,6E-6081,1 stop,2026-09-26,07:05,10:30,5049.0,4808.57,240.43,INR,2026-08-27 06:12:06,Cleartrip
MAA,HYD,IndiGo,6E-7084,1 stop,2026-10-11,07:35,11:30,5049.0,4808.57,240.43,INR,2026-08-27 06:12:23,Cleartrip
MAA,HYD,IndiGo,6E-6081,1 stop,2026-10-11,07:05,10:30,5049.0,4808.57,240.43,INR,2026-08-27 06:12:23,Cleartrip
MAA,HYD,IndiGo,6E-6209,1 stop,2026-09-26,14:35,19:45,5049.0,4808.57,240.43,INR,2026-08-27 06:12:06,Cleartrip
MAA,HYD,IndiGo,6E-189,1 stop,2026-10-11,19:05,22:40,5049.0,4808.57,240.43,INR,2026-08-27 06:12:23,Cleartrip
MAA,HYD,IndiGo,6E-847,1 stop,2026-10-11,16:15,19:45,5049.0,4808.57,240.43,INR,2026-08-27 06:12:23,Cleartrip
MAA,HYD,IndiGo,6E-6209,1 stop,2026-10-11,14:35,19:45,5049.0,4808.57,240.43,INR,2026-08-27 06:12:23,Cleartrip
MAA,HYD,IndiGo,6E-847,1 stop,2026-09-26,16:15,19:45,5049.0,4808.57,240.43,INR,2026-08-27 06:12:06,Cleartrip
MAA,HYD,IndiGo,6E-6892,1 stop,2026-09-26,10:55,16:05,5049.0,4808.57,240.43,INR,2026-08-27 06:12:06,Cleartrip
MAA,HYD,IndiGo,6E-6892,1 stop,2026-10-11,10:55,17:45,5049.0,4808.57,240.43,INR,2026-08-27 06:12:24,Cleartrip
MAA,HYD,IndiGo,6E-189,1 stop,2026-09-26,19:05,22:45,5049.0,4808.57,240.43,INR,2026-08-27 06:12:06,Cleartrip
AMD,BOM,IndiGo,6E-868,Non-stop,2026-09-11,21:25,23:00,5053.0,4812.38,240.62,INR,2026-08-27 06:09:06,Cleartrip
AMD,BOM,IndiGo,6E-5160,Non-stop,2026-09-26,19:35,21:05,5053.0,4812.38,240.62,INR,2026-08-27 06:09:23,Cleartrip
AMD,BOM,IndiGo,6E-5078,Non-stop,2026-09-26,10:55,12:20,5053.0,4812.38,240.62,INR,2026-08-27 06:09:23,Cleartrip
GOI,BOM,IndiGo,6E-7038,Non-stop,2026-08-28,17:25,18:55,5057.0,4816.19,240.81,INR,2026-08-27 06:15:25,Cleartrip
GOI,BOM,IndiGo,6E-6360,Non-stop,2026-09-11,21:45,23:00,5057.0,4816.19,240.81,INR,2026-08-27 06:15:59,Cleartrip
GOI,BOM,IndiGo,6E-6360,Non-stop,2026-09-03,21:45,23:00,5057.0,4816.19,240.81,INR,2026-08-27 06:15:42,Cleartrip
GOI,BOM,IndiGo,6E-6360,Non-stop,2026-08-28,21:45,23:00,5057.0,4816.19,240.81,INR,2026-08-27 06:15:25,Cleartrip
GOI,BOM,IndiGo,6E-6156,Non-stop,2026-09-26,00:05,01:25,5067.0,4825.71,241.29,INR,2026-08-27 06:16:16,Cleartrip
GOI,BOM,Air India,AI-2842,Non-stop,2026-08-28,13:15,14:50,5089.0,4846.67,242.33,INR,2026-08-27 06:15:25,Cleartrip
GOI,BOM,Air India,AI-604,Non-stop,2026-09-11,07:05,08:30,5089.0,4846.67,242.33,INR,2026-08-27 06:15:59,Cleartrip
BLR,PNQ,Akasa Air,QP-1317,Non-stop,2026-08-28,20:05,21:35,5094.0,4851.43,242.57,INR,2026-08-27 06:09:56,Cleartrip
BLR,PNQ,IndiGo,6E-6563,Non-stop,2026-08-28,01:05,02:35,5094.0,4851.43,242.57,INR,2026-08-27 06:09:56,Cleartrip
BLR,PNQ,IndiGo,6E-173,Non-stop,2026-08-28,15:30,17:00,5094.0,4851.43,242.57,INR,2026-08-27 06:09:56,Cleartrip
BLR,PNQ,Akasa Air,QP-1311,Non-stop,2026-08-28,05:10,06:50,5094.0,4851.43,242.57,INR,2026-08-27 06:09:56,Cleartrip
BLR,HYD,IndiGo,6E-855,Non-stop,2026-10-11,19:45,21:00,5113.0,4869.52,243.48,INR,2026-08-27 06:05:30,Cleartrip
BLR,HYD,IndiGo,6E-6404,Non-stop,2026-09-11,11:35,12:50,5113.0,4869.52,243.48,INR,2026-08-27 06:04:56,Cleartrip
BLR,HYD,IndiGo,6E-6067,Non-stop,2026-09-11,16:30,17:45,5113.0,4869.52,243.48,INR,2026-08-27 06:04:56,Cleartrip
BLR,HYD,IndiGo,6E-537,Non-stop,2026-10-11,10:15,11:30,5113.0,4869.52,243.48,INR,2026-08-27 06:05:30,Cleartrip
BLR,HYD,IndiGo,6E-638,Non-stop,2026-10-11,18:35,19:45,5113.0,4869.52,243.48,INR,2026-08-27 06:05:30,Cleartrip
BLR,HYD,IndiGo,6E-312,Non-stop,2026-10-11,09:15,10:30,5113.0,4869.52,243.48,INR,2026-08-27 06:05:30,Cleartrip
BLR,HYD,IndiGo,6E-312,Non-stop,2026-09-11,09:15,10:30,5113.0,4869.52,243.48,INR,2026-08-27 06:04:56,Cleartrip
BLR,HYD,Air India Express,IX-2506,Non-stop,2026-09-11,17:15,18:40,5113.0,4869.52,243.48,INR,2026-08-27 06:04:56,Cleartrip
BLR,HYD,IndiGo,6E-638,Non-stop,2026-09-03,18:35,19:45,5113.0,4869.52,243.48,INR,2026-08-27 06:04:39,Cleartrip
BLR,HYD,IndiGo,6E-537,Non-stop,2026-09-11,10:15,11:30,5113.0,4869.52,243.48,INR,2026-08-27 06:04:56,Cleartrip
BLR,HYD,IndiGo,6E-484,Non-stop,2026-09-11,08:15,09:30,5113.0,4869.52,243.48,INR,2026-08-27 06:04:56,Cleartrip
AMD,DEL,IndiGo,6E-7261,1 stop,2026-10-11,15:40,23:25,5123.0,4879.05,243.95,INR,2026-08-27 05:58:36,Cleartrip
AMD,DEL,IndiGo,6E-7114,1 stop,2026-10-11,06:15,10:10,5123.0,4879.05,243.95,INR,2026-08-27 05:58:36,Cleartrip
GOI,BOM,IndiGo,6E-7038,Non-stop,2026-09-11,17:25,18:55,5162.0,4916.19,245.81,INR,2026-08-27 06:15:59,Cleartrip
BLR,PNQ,Akasa Air,QP-1315,Non-stop,2026-10-11,15:15,16:55,5270.0,5019.05,250.95,INR,2026-08-27 06:10:59,Cleartrip
BLR,PNQ,IndiGo,6E-105,Non-stop,2026-08-28,18:50,20:15,5270.0,5019.05,250.95,INR,2026-08-27 06:09:56,Cleartrip
BLR,PNQ,Akasa Air,QP-1315,Non-stop,2026-08-28,15:20,16:55,5270.0,5019.05,250.95,INR,2026-08-27 06:09:56,Cleartrip
BLR,PNQ,IndiGo,6E-576,Non-stop,2026-09-03,16:25,17:55,5270.0,5019.05,250.95,INR,2026-08-27 06:10:12,Cleartrip
BLR,PNQ,IndiGo,6E-105,Non-stop,2026-09-03,18:50,20:15,5270.0,5019.05,250.95,INR,2026-08-27 06:10:12,Cleartrip
GOI,BOM,IndiGo,6E-6156,Non-stop,2026-09-03,00:05,01:25,5277.0,5025.71,251.29,INR,2026-08-27 06:15:42,Cleartrip
AMD,DEL,IndiGo,6E-7145,1 stop,2026-10-11,07:45,18:05,5305.0,5052.38,252.62,INR,2026-08-27 05:58:36,Cleartrip
AMD,DEL,IndiGo,6E-7568,1 stop,2026-10-11,16:55,21:25,5305.0,5052.38,252.62,INR,2026-08-27 05:58:36,Cleartrip
AMD,BOM,Air India,AI-2918,Non-stop,2026-09-11,06:05,07:45,5338.0,5083.81,254.19,INR,2026-08-27 06:09:06,Cleartrip
AMD,BOM,Air India,AI-2504,Non-stop,2026-09-11,14:55,16:35,5338.0,5083.81,254.19,INR,2026-08-27 06:09:06,Cleartrip
BLR,PNQ,Air India Express,IX-1971,Non-stop,2026-08-28,12:45,14:20,5348.0,5093.33,254.67,INR,2026-08-27 06:09:56,Cleartrip
GOI,BOM,IndiGo,6E-6360,Non-stop,2026-09-26,21:45,23:00,5402.0,5144.76,257.24,INR,2026-08-27 06:16:16,Cleartrip
AMD,BOM,Air India,AI-2916,Non-stop,2026-09-26,17:55,19:40,5415.0,5157.14,257.86,INR,2026-08-27 06:09:23,Cleartrip
BLR,HYD,Air India Express,IX-2819,Non-stop,2026-09-03,12:30,13:50,5420.0,5161.9,258.1,INR,2026-08-27 06:04:39,Cleartrip
GOI,BOM,IndiGo,6E-6278,Non-stop,2026-09-03,07:10,08:35,5438.0,5179.05,258.95,INR,2026-08-27 06:15:42,Cleartrip
GOI,BOM,IndiGo,6E-6278,Non-stop,2026-09-26,07:10,08:35,5438.0,5179.05,258.95,INR,2026-08-27 06:16:16,Cleartrip
BLR,PNQ,Akasa Air,QP-1311,Non-stop,2026-10-11,05:10,06:50,5455.0,5195.24,259.76,INR,2026-08-27 06:11:00,Cleartrip
BLR,PNQ,IndiGo,6E-6104,Non-stop,2026-10-11,11:40,13:10,5455.0,5195.24,259.76,INR,2026-08-27 06:10:59,Cleartrip
BLR,PNQ,IndiGo,6E-441,Non-stop,2026-10-11,20:40,22:05,5455.0,5195.24,259.76,INR,2026-08-27 06:10:59,Cleartrip
GOI,BOM,IndiGo,6E-7038,Non-stop,2026-09-03,17:25,18:55,5477.0,5216.19,260.81,INR,2026-08-27 06:15:42,Cleartrip
GOI,BOM,IndiGo,6E-2175,Non-stop,2026-09-26,06:40,08:05,5487.0,5225.71,261.29,INR,2026-08-27 06:16:16,Cleartrip
GOI,BOM,IndiGo,6E-2175,Non-stop,2026-09-03,06:40,08:05,5487.0,5225.71,261.29,INR,2026-08-27 06:15:42,Cleartrip
MAA,HYD,IndiGo,6E-6140,1 stop,2026-09-11,02:30,07:20,5501.0,5239.05,261.95,INR,2026-08-27 06:11:48,Cleartrip
GOI,BOM,IndiGo,6E-985,1 stop,2026-09-03,21:40,04:30,5505.0,5242.86,262.14,INR,2026-08-27 06:15:42,Cleartrip
GOI,BOM,IndiGo,6E-117,1 stop,2026-09-03,17:20,01:00,5505.0,5242.86,262.14,INR,2026-08-27 06:15:42,Cleartrip
GOI,BOM,IndiGo,6E-374,1 stop,2026-09-11,16:35,01:00,5505.0,5242.86,262.14,INR,2026-08-27 06:15:59,Cleartrip
GOI,BOM,IndiGo,6E-6177,1 stop,2026-09-03,20:05,01:00,5505.0,5242.86,262.14,INR,2026-08-27 06:15:42,Cleartrip
BLR,HYD,IndiGo,6E-6404,Non-stop,2026-10-11,11:35,12:50,5510.0,5247.62,262.38,INR,2026-08-27 06:05:30,Cleartrip
MAA,HYD,IndiGo,6E-479,1 stop,2026-09-11,09:55,17:30,5514.0,5251.43,262.57,INR,2026-08-27 06:11:49,Cleartrip
MAA,HYD,IndiGo,6E-253,1 stop,2026-09-11,03:10,07:50,5514.0,5251.43,262.57,INR,2026-08-27 06:11:48,Cleartrip
MAA,HYD,IndiGo,6E-447,1 stop,2026-09-11,12:25,17:30,5514.0,5251.43,262.57,INR,2026-08-27 06:11:48,Cleartrip
MAA,HYD,IndiGo,6E-881,1 stop,2026-09-11,14:15,21:45,5514.0,5251.43,262.57,INR,2026-08-27 06:11:48,Cleartrip
MAA,HYD,IndiGo,6E-607,1 stop,2026-09-11,05:40,14:10,5514.0,5251.43,262.57,INR,2026-08-27 06:11:49,Cleartrip
BLR,PNQ,Akasa Air,QP-1311,Non-stop,2026-09-11,05:10,06:50,5646.0,5377.14,268.86,INR,2026-08-27 06:10:27,Cleartrip
BLR,PNQ,IndiGo,6E-6563,Non-stop,2026-10-11,01:05,02:35,5646.0,5377.14,268.86,INR,2026-08-27 06:11:00,Cleartrip
MAA,HYD,IndiGo,6E-2698,1 stop,2026-09-11,16:30,21:50,5646.0,5377.14,268.86,INR,2026-08-27 06:11:49,Cleartrip
MAA,HYD,IndiGo,6E-6181,1 stop,2026-09-11,10:20,14:15,5646.0,5377.14,268.86,INR,2026-08-27 06:11:49,Cleartrip
MAA,HYD,IndiGo,6E-5394,1 stop,2026-09-11,08:00,13:40,5646.0,5377.14,268.86,INR,2026-08-27 06:11:49,Cleartrip
BLR,PNQ,IndiGo,6E-6876,Non-stop,2026-10-11,02:40,04:05,5646.0,5377.14,268.86,INR,2026-08-27 06:11:00,Cleartrip
BLR,PNQ,IndiGo,6E-105,Non-stop,2026-10-11,18:50,20:15,5646.0,5377.14,268.86,INR,2026-08-27 06:11:00,Cleartrip
AMD,BOM,Unknown,S5-628,1 stop,2026-08-28,06:40,09:15,5700.0,5428.57,271.43,INR,2026-08-27 06:08:33,Cleartrip
AMD,BOM,Air India,AI-2848,Non-stop,2026-09-26,12:00,13:40,5708.0,5436.19,271.81,INR,2026-08-27 06:09:23,Cleartrip
AMD,DEL,IndiGo,6E-5385,Non-stop,2026-10-11,00:05,02:00,5750.0,5476.19,273.81,INR,2026-08-27 05:58:36,Cleartrip
AMD,DEL,IndiGo,6E-5072,Non-stop,2026-09-26,14:35,16:20,5750.0,5476.19,273.81,INR,2026-08-27 05:58:20,Cleartrip
AMD,DEL,IndiGo,6E-5385,Non-stop,2026-09-26,00:05,02:00,5750.0,5476.19,273.81,INR,2026-08-27 05:58:20,Cleartrip
AMD,DEL,IndiGo,6E-5385,Non-stop,2026-09-11,00:05,02:00,5750.0,5476.19,273.81,INR,2026-08-27 05:58:04,Cleartrip
AMD,DEL,IndiGo,6E-2179,Non-stop,2026-09-26,09:50,11:35,5750.0,5476.19,273.81,INR,2026-08-27 05:58:20,Cleartrip
BLR,HYD,Unknown,9I-517,Non-stop,2026-09-03,20:50,22:35,5789.0,5513.33,275.67,INR,2026-08-27 06:04:39,Cleartrip
BLR,HYD,Unknown,9I-517,Non-stop,2026-09-11,21:50,23:35,5789.0,5513.33,275.67,INR,2026-08-27 06:04:56,Cleartrip
BLR,PNQ,IndiGo,6E-173,Non-stop,2026-09-11,15:30,17:00,5847.0,5568.57,278.43,INR,2026-08-27 06:10:27,Cleartrip
BLR,PNQ,Akasa Air,QP-1325,Non-stop,2026-09-11,14:30,16:05,5847.0,5568.57,278.43,INR,2026-08-27 06:10:27,Cleartrip
BLR,PNQ,IndiGo,6E-528,Non-stop,2026-09-11,21:40,23:10,5847.0,5568.57,278.43,INR,2026-08-27 06:10:27,Cleartrip
GOI,BOM,IndiGo,6E-5176,Non-stop,2026-09-26,20:55,22:15,5858.0,5579.05,278.95,INR,2026-08-27 06:16:16,Cleartrip
GOI,BOM,Akasa Air,QP-1176,Non-stop,2026-09-26,20:25,21:45,5886.0,5605.71,280.29,INR,2026-08-27 06:16:16,Cleartrip
GOI,BOM,Akasa Air,QP-1176,Non-stop,2026-09-11,20:25,21:45,5886.0,5605.71,280.29,INR,2026-08-27 06:15:59,Cleartrip
GOI,BOM,IndiGo,6E-374,1 stop,2026-09-26,13:05,20:30,5888.0,5607.62,280.38,INR,2026-08-27 06:16:16,Cleartrip
GOI,BOM,IndiGo,6E-6177,1 stop,2026-09-26,20:05,01:00,5888.0,5607.62,280.38,INR,2026-08-27 06:16:16,Cleartrip
GOI,BOM,IndiGo,6E-985,1 stop,2026-09-26,21:40,04:35,5888.0,5607.62,280.38,INR,2026-08-27 06:16:16,Cleartrip
HYD,BOM,Unknown,9I-925,Non-stop,2026-09-03,00:55,03:10,5899.0,5618.1,280.9,INR,2026-08-27 06:00:32,Cleartrip
AMD,DEL,IndiGo,6E-2340,Non-stop,2026-09-11,12:15,14:10,5945.0,5661.9,283.1,INR,2026-08-27 05:58:04,Cleartrip
AMD,DEL,IndiGo,6E-2340,Non-stop,2026-09-03,12:15,14:10,5945.0,5661.9,283.1,INR,2026-08-27 05:57:48,Cleartrip
AMD,DEL,IndiGo,6E-983,Non-stop,2026-09-26,07:30,09:15,5945.0,5661.9,283.1,INR,2026-08-27 05:58:20,Cleartrip
AMD,DEL,IndiGo,6E-2340,Non-stop,2026-10-11,12:15,14:10,5945.0,5661.9,283.1,INR,2026-08-27 05:58:37,Cleartrip
AMD,DEL,IndiGo,6E-2209,Non-stop,2026-09-26,05:00,06:45,5945.0,5661.9,283.1,INR,2026-08-27 05:58:20,Cleartrip
AMD,DEL,IndiGo,6E-2340,Non-stop,2026-09-26,12:15,14:10,5945.0,5661.9,283.1,INR,2026-08-27 05:58:20,Cleartrip
BLR,HYD,Air India Express,IX-2506,Non-stop,2026-09-03,17:15,18:40,5948.0,5664.76,283.24,INR,2026-08-27 06:04:40,Cleartrip
BLR,HYD,IndiGo,6E-484,Non-stop,2026-09-03,08:15,09:30,5948.0,5664.76,283.24,INR,2026-08-27 06:04:39,Cleartrip
BLR,HYD,IndiGo,6E-6784,Non-stop,2026-09-03,21:30,22:45,5948.0,5664.76,283.24,INR,2026-08-27 06:04:40,Cleartrip
BLR,HYD,IndiGo,6E-6067,Non-stop,2026-09-03,16:30,17:45,5948.0,5664.76,283.24,INR,2026-08-27 06:04:40,Cleartrip
BLR,HYD,IndiGo,6E-537,Non-stop,2026-09-03,10:15,11:30,5948.0,5664.76,283.24,INR,2026-08-27 06:04:39,Cleartrip
BLR,HYD,IndiGo,6E-855,Non-stop,2026-09-11,19:45,21:00,5948.0,5664.76,283.24,INR,2026-08-27 06:04:56,Cleartrip
BLR,BOM,Akasa Air,QP-1517,Non-stop,2026-09-03,07:40,09:20,6056.0,5767.62,288.38,INR,2026-08-27 05:52:24,Cleartrip
BLR,PNQ,IndiGo,6E-6104,Non-stop,2026-09-11,11:40,13:10,6056.0,5767.62,288.38,INR,2026-08-27 06:10:27,Cleartrip
BLR,BOM,Akasa Air,QP-2008,Non-stop,2026-10-11,20:00,21:50,6090.0,5800.0,290.0,INR,2026-08-27 05:53:12,Cleartrip
DEL,SXR,IndiGo,6E-6092,1 stop,2026-09-03,08:00,14:20,6114.0,5822.86,291.14,INR,2026-08-27 06:03:16,Cleartrip
DEL,SXR,IndiGo,6E-6474,1 stop,2026-09-03,07:20,10:35,6114.0,5822.86,291.14,INR,2026-08-27 06:03:16,Cleartrip
AMD,DEL,Air India,AI-818,Non-stop,2026-09-26,08:25,10:14,6116.0,5824.76,291.24,INR,2026-08-27 05:58:20,Cleartrip
AMD,DEL,Air India,AI-424,Non-stop,2026-10-11,12:30,14:10,6116.0,5824.76,291.24,INR,2026-08-27 05:58:37,Cleartrip
AMD,DEL,Air India,AI-818,Non-stop,2026-10-11,08:25,10:14,6116.0,5824.76,291.24,INR,2026-08-27 05:58:37,Cleartrip
AMD,DEL,Air India,AI-882,Non-stop,2026-08-28,15:55,17:45,6116.0,5824.76,291.24,INR,2026-08-27 05:57:32,Cleartrip
AMD,DEL,Air India,AI-882,Non-stop,2026-09-26,15:55,17:45,6116.0,5824.76,291.24,INR,2026-08-27 05:58:20,Cleartrip
AMD,DEL,Air India,AI-424,Non-stop,2026-09-11,13:00,14:40,6116.0,5824.76,291.24,INR,2026-08-27 05:58:04,Cleartrip
AMD,DEL,IndiGo,6E-5072,Non-stop,2026-09-03,14:35,16:20,6155.0,5861.9,293.1,INR,2026-08-27 05:57:48,Cleartrip
AMD,DEL,IndiGo,6E-5072,Non-stop,2026-09-11,14:35,16:20,6155.0,5861.9,293.1,INR,2026-08-27 05:58:05,Cleartrip
AMD,DEL,IndiGo,6E-980,Non-stop,2026-09-11,17:05,18:50,6155.0,5861.9,293.1,INR,2026-08-27 05:58:05,Cleartrip
AMD,DEL,IndiGo,6E-932,Non-stop,2026-09-11,21:50,23:30,6155.0,5861.9,293.1,INR,2026-08-27 05:58:04,Cleartrip
AMD,DEL,IndiGo,6E-2209,Non-stop,2026-09-11,05:00,06:45,6155.0,5861.9,293.1,INR,2026-08-27 05:58:04,Cleartrip
AMD,DEL,IndiGo,6E-2263,Non-stop,2026-09-11,19:25,21:05,6155.0,5861.9,293.1,INR,2026-08-27 05:58:04,Cleartrip
AMD,DEL,IndiGo,6E-983,Non-stop,2026-09-11,07:30,09:15,6155.0,5861.9,293.1,INR,2026-08-27 05:58:04,Cleartrip
AMD,DEL,IndiGo,6E-2209,Non-stop,2026-10-11,05:00,06:45,6155.0,5861.9,293.1,INR,2026-08-27 05:58:37,Cleartrip
AMD,DEL,IndiGo,6E-980,Non-stop,2026-08-28,17:05,18:50,6155.0,5861.9,293.1,INR,2026-08-27 05:57:32,Cleartrip
AMD,DEL,IndiGo,6E-5385,Non-stop,2026-09-03,00:05,02:00,6155.0,5861.9,293.1,INR,2026-08-27 05:57:48,Cleartrip
AMD,DEL,IndiGo,6E-5072,Non-stop,2026-08-28,14:35,16:20,6155.0,5861.9,293.1,INR,2026-08-27 05:57:32,Cleartrip
AMD,DEL,IndiGo,6E-2263,Non-stop,2026-08-28,19:25,21:05,6155.0,5861.9,293.1,INR,2026-08-27 05:57:32,Cleartrip
AMD,DEL,IndiGo,6E-932,Non-stop,2026-08-28,21:50,23:30,6155.0,5861.9,293.1,INR,2026-08-27 05:57:32,Cleartrip
AMD,DEL,IndiGo,6E-2179,Non-stop,2026-09-11,09:50,11:35,6155.0,5861.9,293.1,INR,2026-08-27 05:58:05,Cleartrip
AMD,DEL,IndiGo,6E-932,Non-stop,2026-10-11,21:50,23:30,6155.0,5861.9,293.1,INR,2026-08-27 05:58:37,Cleartrip
AMD,DEL,IndiGo,6E-2263,Non-stop,2026-10-11,19:25,21:05,6155.0,5861.9,293.1,INR,2026-08-27 05:58:37,Cleartrip
AMD,DEL,IndiGo,6E-932,Non-stop,2026-09-03,21:50,23:30,6155.0,5861.9,293.1,INR,2026-08-27 05:57:48,Cleartrip
AMD,DEL,IndiGo,6E-980,Non-stop,2026-09-26,17:05,18:50,6155.0,5861.9,293.1,INR,2026-08-27 05:58:20,Cleartrip
AMD,DEL,IndiGo,6E-980,Non-stop,2026-09-03,17:05,18:50,6155.0,5861.9,293.1,INR,2026-08-27 05:57:48,Cleartrip
AMD,DEL,IndiGo,6E-2263,Non-stop,2026-09-03,19:25,21:05,6155.0,5861.9,293.1,INR,2026-08-27 05:57:48,Cleartrip
AMD,DEL,IndiGo,6E-2263,Non-stop,2026-09-26,19:25,21:05,6155.0,5861.9,293.1,INR,2026-08-27 05:58:20,Cleartrip
AMD,DEL,IndiGo,6E-932,Non-stop,2026-09-26,21:50,23:30,6155.0,5861.9,293.1,INR,2026-08-27 05:58:20,Cleartrip
AMD,BOM,IndiGo,6E-2046,Non-stop,2026-10-11,08:55,10:00,6172.0,5878.1,293.9,INR,2026-08-27 06:09:39,Cleartrip
AMD,BOM,IndiGo,6E-6205,Non-stop,2026-10-11,01:15,02:55,6257.0,5959.05,297.95,INR,2026-08-27 06:09:39,Cleartrip
BLR,BOM,Akasa Air,QP-1150,Non-stop,2026-09-03,16:05,18:05,6282.0,5982.86,299.14,INR,2026-08-27 05:52:24,Cleartrip
AMD,DEL,Air India,AI-2482,Non-stop,2026-08-28,17:20,19:05,6311.0,6010.48,300.52,INR,2026-08-27 05:57:32,Cleartrip
AMD,DEL,Air India,AI-2938,Non-stop,2026-09-11,18:55,20:40,6311.0,6010.48,300.52,INR,2026-08-27 05:58:05,Cleartrip
AMD,DEL,Air India,AI-424,Non-stop,2026-08-28,12:45,14:25,6311.0,6010.48,300.52,INR,2026-08-27 05:57:32,Cleartrip
DEL,SXR,IndiGo,6E-6050,1 stop,2026-09-03,08:15,14:10,6312.0,6011.43,300.57,INR,2026-08-27 06:03:16,Cleartrip
DEL,CCU,Air India Express,IX-1273,1 stop,2026-09-03,12:20,18:15,6320.0,6019.05,300.95,INR,2026-08-27 05:56:27,Cleartrip
DEL,CCU,Air India Express,IX-1001,1 stop,2026-08-28,09:00,18:25,6320.0,6019.05,300.95,INR,2026-08-27 05:56:11,Cleartrip
DEL,CCU,Air India Express,IX-1067,1 stop,2026-08-28,06:10,18:25,6320.0,6019.05,300.95,INR,2026-08-27 05:56:11,Cleartrip
DEL,CCU,Air India Express,IX-1273,1 stop,2026-09-11,12:20,18:15,6320.0,6019.05,300.95,INR,2026-08-27 05:56:43,Cleartrip
DEL,BOM,SpiceJet,SG-162,Non-stop,2026-09-26,20:10,22:30,6324.0,6022.86,301.14,INR,2026-08-27 05:50:08,Cleartrip
DEL,BOM,SpiceJet,SG-808,Non-stop,2026-09-11,14:30,17:05,6324.0,6022.86,301.14,INR,2026-08-27 05:49:22,Cleartrip
DEL,BOM,SpiceJet,SG-815,Non-stop,2026-09-11,09:15,11:25,6324.0,6022.86,301.14,INR,2026-08-27 05:49:22,Cleartrip
DEL,BOM,SpiceJet,SG-510,Non-stop,2026-09-26,04:00,06:15,6324.0,6022.86,301.14,INR,2026-08-27 05:50:08,Cleartrip
DEL,BOM,SpiceJet,SG-476,Non-stop,2026-09-26,18:35,20:45,6324.0,6022.86,301.14,INR,2026-08-27 05:50:08,Cleartrip
DEL,BOM,SpiceJet,SG-802,Non-stop,2026-09-26,22:30,00:50,6324.0,6022.86,301.14,INR,2026-08-27 05:50:08,Cleartrip
MAA,HYD,IndiGo,6E-561,1 stop,2026-09-03,22:20,03:10,6333.0,6031.43,301.57,INR,2026-08-27 06:11:31,Cleartrip
MAA,HYD,IndiGo,6E-183,1 stop,2026-09-03,16:35,23:40,6333.0,6031.43,301.57,INR,2026-08-27 06:11:32,Cleartrip
MAA,HYD,IndiGo,6E-479,1 stop,2026-09-03,09:55,13:35,6333.0,6031.43,301.57,INR,2026-08-27 06:11:31,Cleartrip
MAA,HYD,IndiGo,6E-447,1 stop,2026-09-03,12:25,17:30,6333.0,6031.43,301.57,INR,2026-08-27 06:11:31,Cleartrip
MAA,HYD,IndiGo,6E-881,1 stop,2026-09-03,14:15,21:45,6333.0,6031.43,301.57,INR,2026-08-27 06:11:32,Cleartrip
MAA,HYD,IndiGo,6E-253,1 stop,2026-09-03,03:10,07:50,6333.0,6031.43,301.57,INR,2026-08-27 06:11:31,Cleartrip
MAA,HYD,IndiGo,6E-502,1 stop,2026-09-03,11:10,16:05,6333.0,6031.43,301.57,INR,2026-08-27 06:11:31,Cleartrip
BLR,CCU,IndiGo,6E-6439,Non-stop,2026-09-03,06:30,09:10,6345.0,6042.86,302.14,INR,2026-08-27 06:01:53,Cleartrip
DEL,SXR,IndiGo,6E-5197,Non-stop,2026-08-28,09:55,11:25,6373.0,6069.52,303.48,INR,2026-08-27 06:02:59,Cleartrip
GOI,BOM,IndiGo,6E-5242,Non-stop,2026-09-11,18:40,19:55,6402.0,6097.14,304.86,INR,2026-08-27 06:15:59,Cleartrip
DEL,BOM,SpiceJet,SG-802,Non-stop,2026-09-03,22:30,00:50,6408.0,6102.86,305.14,INR,2026-08-27 05:49:05,Cleartrip
DEL,BOM,SpiceJet,SG-808,Non-stop,2026-09-03,14:30,17:05,6408.0,6102.86,305.14,INR,2026-08-27 05:49:05,Cleartrip
DEL,BOM,SpiceJet,SG-802,Non-stop,2026-08-28,22:30,00:50,6408.0,6102.86,305.14,INR,2026-08-27 05:48:47,Cleartrip
DEL,BOM,SpiceJet,SG-800,Non-stop,2026-08-28,21:00,23:10,6408.0,6102.86,305.14,INR,2026-08-27 05:48:46,Cleartrip
BLR,HYD,IndiGo,6E-638,Non-stop,2026-09-11,18:35,19:45,6431.0,6124.76,306.24,INR,2026-08-27 06:04:56,Cleartrip
DEL,SXR,IndiGo,6E-6010,1 stop,2026-09-03,11:40,14:20,6444.0,6137.14,306.86,INR,2026-08-27 06:03:16,Cleartrip
BLR,BOM,IndiGo,6E-5205,Non-stop,2026-09-11,03:45,05:30,6454.0,6146.67,307.33,INR,2026-08-27 05:52:39,Cleartrip
BLR,BOM,IndiGo,6E-6030,Non-stop,2026-09-11,15:00,16:40,6454.0,6146.67,307.33,INR,2026-08-27 05:52:39,Cleartrip
BLR,BOM,IndiGo,6E-2086,Non-stop,2026-09-03,09:20,10:55,6454.0,6146.67,307.33,INR,2026-08-27 05:52:24,Cleartrip
BLR,BOM,IndiGo,6E-5293,Non-stop,2026-09-11,01:00,02:50,6454.0,6146.67,307.33,INR,2026-08-27 05:52:39,Cleartrip
BLR,BOM,Air India Express,IX-1581,Non-stop,2026-08-28,18:25,20:10,6454.0,6146.67,307.33,INR,2026-08-27 05:52:08,Cleartrip
MAA,HYD,IndiGo,6E-6487,Non-stop,2026-09-03,21:25,22:40,6457.0,6149.52,307.48,INR,2026-08-27 06:11:32,Cleartrip
MAA,HYD,IndiGo,6E-6181,1 stop,2026-09-03,10:15,14:15,6465.0,6157.14,307.86,INR,2026-08-27 06:11:32,Cleartrip
DEL,BOM,Akasa Air,QP-2074,Non-stop,2026-08-28,14:10,16:25,6500.0,6190.48,309.52,INR,2026-08-27 05:48:47,Cleartrip
DEL,BOM,Akasa Air,QP-2012,Non-stop,2026-10-11,08:55,11:15,6500.0,6190.48,309.52,INR,2026-08-27 05:50:25,Cleartrip
DEL,BOM,Akasa Air,QP-2074,Non-stop,2026-09-11,14:10,16:25,6500.0,6190.48,309.52,INR,2026-08-27 05:49:22,Cleartrip
BLR,PNQ,Akasa Air,QP-1315,Non-stop,2026-09-11,15:20,16:55,6502.0,6192.38,309.62,INR,2026-08-27 06:10:27,Cleartrip
HYD,BOM,IndiGo,6E-5384,Non-stop,2026-09-03,12:55,14:25,6517.0,6206.67,310.33,INR,2026-08-27 06:00:32,Cleartrip
HYD,BOM,IndiGo,6E-5143,Non-stop,2026-09-11,03:00,04:35,6517.0,6206.67,310.33,INR,2026-08-27 06:00:49,Cleartrip
HYD,BOM,IndiGo,6E-5384,Non-stop,2026-09-26,12:55,14:25,6517.0,6206.67,310.33,INR,2026-08-27 06:01:06,Cleartrip
HYD,BOM,IndiGo,6E-5245,Non-stop,2026-09-26,05:00,06:25,6517.0,6206.67,310.33,INR,2026-08-27 06:01:06,Cleartrip
HYD,BOM,IndiGo,6E-5099,Non-stop,2026-09-11,14:15,15:55,6517.0,6206.67,310.33,INR,2026-08-27 06:00:49,Cleartrip
HYD,BOM,IndiGo,6E-5245,Non-stop,2026-08-28,05:00,06:25,6517.0,6206.67,310.33,INR,2026-08-27 06:00:16,Cleartrip
HYD,BOM,IndiGo,6E-5245,Non-stop,2026-09-11,05:00,06:25,6517.0,6206.67,310.33,INR,2026-08-27 06:00:49,Cleartrip
HYD,BOM,IndiGo,6E-6196,Non-stop,2026-09-26,06:30,07:55,6517.0,6206.67,310.33,INR,2026-08-27 06:01:06,Cleartrip
HYD,BOM,IndiGo,6E-5143,Non-stop,2026-10-11,03:00,04:35,6517.0,6206.67,310.33,INR,2026-08-27 06:01:22,Cleartrip
HYD,BOM,IndiGo,6E-5143,Non-stop,2026-09-26,03:00,04:35,6517.0,6206.67,310.33,INR,2026-08-27 06:01:06,Cleartrip
HYD,BOM,IndiGo,6E-6196,Non-stop,2026-09-11,06:30,07:55,6517.0,6206.67,310.33,INR,2026-08-27 06:00:49,Cleartrip
HYD,BOM,IndiGo,6E-5384,Non-stop,2026-09-11,12:55,14:25,6517.0,6206.67,310.33,INR,2026-08-27 06:00:49,Cleartrip
HYD,BOM,IndiGo,6E-5245,Non-stop,2026-09-03,05:00,06:25,6517.0,6206.67,310.33,INR,2026-08-27 06:00:32,Cleartrip
HYD,BOM,IndiGo,6E-5099,Non-stop,2026-09-03,14:15,15:55,6517.0,6206.67,310.33,INR,2026-08-27 06:00:32,Cleartrip
HYD,BOM,IndiGo,6E-5143,Non-stop,2026-09-03,03:00,04:30,6517.0,6206.67,310.33,INR,2026-08-27 06:00:32,Cleartrip
HYD,BOM,IndiGo,6E-5099,Non-stop,2026-09-26,14:15,15:55,6517.0,6206.67,310.33,INR,2026-08-27 06:01:06,Cleartrip
AMD,BOM,Akasa Air,QP-1194,Non-stop,2026-10-11,05:00,06:25,6520.0,6209.52,310.48,INR,2026-08-27 06:09:39,Cleartrip
AMD,DEL,Air India,AI-2716,Non-stop,2026-08-28,14:00,15:35,6521.0,6210.48,310.52,INR,2026-08-27 05:57:32,Cleartrip
DEL,BOM,SpiceJet,SG-808,Non-stop,2026-10-11,14:45,17:05,6528.0,6217.14,310.86,INR,2026-08-27 05:50:25,Cleartrip
DEL,BOM,SpiceJet,SG-800,Non-stop,2026-10-11,21:00,23:10,6528.0,6217.14,310.86,INR,2026-08-27 05:50:25,Cleartrip
DEL,BOM,SpiceJet,SG-510,Non-stop,2026-10-11,04:00,06:15,6528.0,6217.14,310.86,INR,2026-08-27 05:50:25,Cleartrip
DEL,BOM,SpiceJet,SG-802,Non-stop,2026-10-11,22:30,00:50,6528.0,6217.14,310.86,INR,2026-08-27 05:50:26,Cleartrip
DEL,BOM,SpiceJet,SG-162,Non-stop,2026-10-11,20:10,22:30,6528.0,6217.14,310.86,INR,2026-08-27 05:50:26,Cleartrip
DEL,BOM,SpiceJet,SG-476,Non-stop,2026-10-11,18:35,20:45,6528.0,6217.14,310.86,INR,2026-08-27 05:50:25,Cleartrip
DEL,BOM,SpiceJet,SG-815,Non-stop,2026-10-11,09:15,11:25,6528.0,6217.14,310.86,INR,2026-08-27 05:50:25,Cleartrip
DEL,BOM,Air India Express,IX-1080,Non-stop,2026-09-26,18:40,21:05,6529.0,6218.1,310.9,INR,2026-08-27 05:50:08,Cleartrip
DEL,SXR,SpiceJet,SG-980,Non-stop,2026-08-28,11:30,12:55,6529.0,6218.1,310.9,INR,2026-08-27 06:02:59,Cleartrip
DEL,BOM,Air India Express,IX-1235,Non-stop,2026-09-03,23:25,01:50,6529.0,6218.1,310.9,INR,2026-08-27 05:49:06,Cleartrip
DEL,BOM,Air India Express,IX-1038,Non-stop,2026-08-28,18:40,20:30,6529.0,6218.1,310.9,INR,2026-08-27 05:48:47,Cleartrip
DEL,BOM,Air India Express,IX-1056,Non-stop,2026-09-03,05:35,08:05,6529.0,6218.1,310.9,INR,2026-08-27 05:49:06,Cleartrip
DEL,BOM,Air India Express,IX-1038,Non-stop,2026-09-03,17:35,19:45,6529.0,6218.1,310.9,INR,2026-08-27 05:49:05,Cleartrip
DEL,BOM,Air India Express,IX-1605,Non-stop,2026-08-28,06:00,08:10,6529.0,6218.1,310.9,INR,2026-08-27 05:48:47,Cleartrip
DEL,BOM,IndiGo,6E-6470,Non-stop,2026-08-28,06:55,09:05,6529.0,6218.1,310.9,INR,2026-08-27 05:48:47,Cleartrip
DEL,BOM,Air India Express,IX-1395,Non-stop,2026-08-28,19:15,21:40,6529.0,6218.1,310.9,INR,2026-08-27 05:48:47,Cleartrip
DEL,BOM,Air India Express,IX-1056,Non-stop,2026-08-28,17:50,20:10,6529.0,6218.1,310.9,INR,2026-08-27 05:48:47,Cleartrip
DEL,SXR,SpiceJet,SG-253,Non-stop,2026-09-03,10:20,12:00,6529.0,6218.1,310.9,INR,2026-08-27 06:03:16,Cleartrip
DEL,SXR,SpiceJet,SG-980,Non-stop,2026-09-03,11:30,12:55,6529.0,6218.1,310.9,INR,2026-08-27 06:03:16,Cleartrip
DEL,BOM,IndiGo,6E-955,Non-stop,2026-08-28,20:20,22:20,6529.0,6218.1,310.9,INR,2026-08-27 05:48:47,Cleartrip
DEL,BOM,Air India Express,IX-1463,Non-stop,2026-10-11,11:15,13:20,6529.0,6218.1,310.9,INR,2026-08-27 05:50:26,Cleartrip
DEL,BOM,IndiGo,6E-955,Non-stop,2026-10-11,20:20,22:20,6529.0,6218.1,310.9,INR,2026-08-27 05:50:26,Cleartrip
DEL,BOM,IndiGo,6E-6470,Non-stop,2026-10-11,06:55,09:05,6529.0,6218.1,310.9,INR,2026-08-27 05:50:26,Cleartrip
DEL,BOM,IndiGo,6E-955,Non-stop,2026-09-26,20:20,22:20,6529.0,6218.1,310.9,INR,2026-08-27 05:50:08,Cleartrip
DEL,BOM,IndiGo,6E-6470,Non-stop,2026-09-11,06:55,09:05,6529.0,6218.1,310.9,INR,2026-08-27 05:49:22,Cleartrip
DEL,BOM,Air India Express,IX-1235,Non-stop,2026-09-11,23:25,01:50,6529.0,6218.1,310.9,INR,2026-08-27 05:49:22,Cleartrip
DEL,BOM,Air India Express,IX-1056,Non-stop,2026-09-11,05:35,08:05,6529.0,6218.1,310.9,INR,2026-08-27 05:49:22,Cleartrip
DEL,BOM,IndiGo,6E-6470,Non-stop,2026-09-03,06:55,09:05,6529.0,6218.1,310.9,INR,2026-08-27 05:49:05,Cleartrip
DEL,SXR,SpiceJet,SG-253,Non-stop,2026-08-28,10:20,12:00,6529.0,6218.1,310.9,INR,2026-08-27 06:02:59,Cleartrip
DEL,BOM,Air India Express,IX-1080,Non-stop,2026-09-03,18:40,21:05,6529.0,6218.1,310.9,INR,2026-08-27 05:49:05,Cleartrip
DEL,BOM,IndiGo,6E-6047,Non-stop,2026-09-11,11:00,13:15,6530.0,6219.05,310.95,INR,2026-08-27 05:49:22,Cleartrip
DEL,BOM,IndiGo,6E-864,Non-stop,2026-09-11,15:30,17:45,6530.0,6219.05,310.95,INR,2026-08-27 05:49:22,Cleartrip
DEL,BOM,IndiGo,6E-6814,Non-stop,2026-09-03,07:15,09:30,6530.0,6219.05,310.95,INR,2026-08-27 05:49:06,Cleartrip
DEL,BOM,IndiGo,6E-324,Non-stop,2026-09-03,13:00,15:10,6530.0,6219.05,310.95,INR,2026-08-27 05:49:06,Cleartrip
DEL,BOM,IndiGo,6E-675,Non-stop,2026-09-03,08:45,11:00,6530.0,6219.05,310.95,INR,2026-08-27 05:49:06,Cleartrip
DEL,BOM,IndiGo,6E-675,Non-stop,2026-09-26,08:45,11:00,6530.0,6219.05,310.95,INR,2026-08-27 05:50:08,Cleartrip
DEL,BOM,IndiGo,6E-6676,Non-stop,2026-09-11,12:00,14:15,6530.0,6219.05,310.95,INR,2026-08-27 05:49:22,Cleartrip
DEL,BOM,IndiGo,6E-6318,Non-stop,2026-09-11,14:45,17:00,6530.0,6219.05,310.95,INR,2026-08-27 05:49:22,Cleartrip
DEL,BOM,IndiGo,6E-324,Non-stop,2026-09-26,13:00,15:10,6530.0,6219.05,310.95,INR,2026-08-27 05:50:08,Cleartrip
DEL,BOM,IndiGo,6E-324,Non-stop,2026-09-11,13:00,15:10,6530.0,6219.05,310.95,INR,2026-08-27 05:49:22,Cleartrip
DEL,BOM,IndiGo,6E-6047,Non-stop,2026-09-26,11:00,13:15,6530.0,6219.05,310.95,INR,2026-08-27 05:50:08,Cleartrip
DEL,BOM,IndiGo,6E-864,Non-stop,2026-09-26,15:30,17:45,6530.0,6219.05,310.95,INR,2026-08-27 05:50:08,Cleartrip
DEL,BOM,IndiGo,6E-449,Non-stop,2026-09-03,05:00,07:15,6530.0,6219.05,310.95,INR,2026-08-27 05:49:06,Cleartrip
DEL,BOM,Akasa Air,QP-1110,Non-stop,2026-08-28,10:30,12:40,6530.0,6219.05,310.95,INR,2026-08-27 05:48:47,Cleartrip
DEL,BOM,IndiGo,6E-303,Non-stop,2026-08-28,20:00,22:10,6530.0,6219.05,310.95,INR,2026-08-27 05:48:47,Cleartrip
DEL,BOM,IndiGo,6E-6318,Non-stop,2026-09-26,14:45,17:00,6530.0,6219.05,310.95,INR,2026-08-27 05:50:08,Cleartrip
DEL,SXR,IndiGo,6E-2455,1 stop,2026-09-11,10:05,14:20,6540.0,6228.57,311.43,INR,2026-08-27 06:03:32,Cleartrip
DEL,SXR,IndiGo,6E-2455,1 stop,2026-09-03,10:05,14:20,6540.0,6228.57,311.43,INR,2026-08-27 06:03:16,Cleartrip
BLR,CCU,Air India Express,IX-1131,Non-stop,2026-09-03,07:05,09:45,6545.0,6233.33,311.67,INR,2026-08-27 06:01:53,Cleartrip
DEL,SXR,IndiGo,6E-6092,1 stop,2026-09-11,08:00,14:20,6548.0,6236.19,311.81,INR,2026-08-27 06:03:32,Cleartrip
DEL,SXR,IndiGo,6E-6474,1 stop,2026-09-11,07:20,10:35,6548.0,6236.19,311.81,INR,2026-08-27 06:03:32,Cleartrip
BLR,PNQ,Air India Express,IX-1971,Non-stop,2026-09-11,12:45,14:20,6565.0,6252.38,312.62,INR,2026-08-27 06:10:27,Cleartrip
MAA,HYD,Unknown,9I-894,Non-stop,2026-08-28,17:15,19:00,6569.0,6256.19,312.81,INR,2026-08-27 06:11:16,Cleartrip
AMD,BOM,IndiGo,6E-5139,Non-stop,2026-10-11,17:05,18:25,6572.0,6259.05,312.95,INR,2026-08-27 06:09:39,Cleartrip
GOI,DEL,IndiGo,6E-418,1 stop,2026-09-03,17:10,00:20,6579.0,6265.71,313.29,INR,2026-08-27 06:12:56,Cleartrip
GOI,DEL,IndiGo,6E-813,1 stop,2026-09-03,14:50,20:55,6579.0,6265.71,313.29,INR,2026-08-27 06:12:56,Cleartrip
GOI,DEL,IndiGo,6E-381,1 stop,2026-09-03,18:25,02:00,6579.0,6265.71,313.29,INR,2026-08-27 06:12:56,Cleartrip
GOI,DEL,IndiGo,6E-281,1 stop,2026-09-03,21:35,06:45,6579.0,6265.71,313.29,INR,2026-08-27 06:12:56,Cleartrip
GOI,DEL,IndiGo,6E-381,1 stop,2026-09-11,18:25,23:30,6579.0,6265.71,313.29,INR,2026-08-27 06:13:12,Cleartrip
GOI,DEL,IndiGo,6E-813,1 stop,2026-09-11,14:50,20:55,6579.0,6265.71,313.29,INR,2026-08-27 06:13:12,Cleartrip
GOI,DEL,IndiGo,6E-418,1 stop,2026-09-11,17:10,00:20,6579.0,6265.71,313.29,INR,2026-08-27 06:13:12,Cleartrip
DEL,CCU,Air India Express,IX-1067,1 stop,2026-09-03,06:10,18:15,6581.0,6267.62,313.38,INR,2026-08-27 05:56:27,Cleartrip
GOI,DEL,Akasa Air,QP-1816,Non-stop,2026-08-28,18:35,21:15,6586.0,6272.38,313.62,INR,2026-08-27 06:12:39,Cleartrip
GOI,DEL,Akasa Air,QP-1818,Non-stop,2026-08-28,14:20,17:05,6586.0,6272.38,313.62,INR,2026-08-27 06:12:39,Cleartrip
GOI,DEL,Akasa Air,QP-1814,Non-stop,2026-08-28,11:30,14:15,6586.0,6272.38,313.62,INR,2026-08-27 06:12:39,Cleartrip
GOI,DEL,IndiGo,6E-6278,1 stop,2026-09-03,07:10,12:30,6590.0,6276.19,313.81,INR,2026-08-27 06:12:56,Cleartrip
GOI,DEL,IndiGo,6E-198,1 stop,2026-09-03,12:10,19:35,6590.0,6276.19,313.81,INR,2026-08-27 06:12:56,Cleartrip
DEL,CCU,IndiGo,6E-2453,1 stop,2026-09-03,13:35,21:05,6596.0,6281.9,314.1,INR,2026-08-27 05:56:27,Cleartrip
DEL,CCU,IndiGo,6E-6245,1 stop,2026-09-03,06:20,13:45,6596.0,6281.9,314.1,INR,2026-08-27 05:56:27,Cleartrip
DEL,CCU,IndiGo,6E-2453,1 stop,2026-09-11,13:35,21:05,6596.0,6281.9,314.1,INR,2026-08-27 05:56:43,Cleartrip
DEL,CCU,IndiGo,6E-2373,1 stop,2026-09-03,11:10,21:05,6596.0,6281.9,314.1,INR,2026-08-27 05:56:27,Cleartrip
DEL,CCU,IndiGo,6E-6236,1 stop,2026-09-03,16:20,21:05,6596.0,6281.9,314.1,INR,2026-08-27 05:56:27,Cleartrip
DEL,CCU,IndiGo,6E-6245,1 stop,2026-09-11,06:20,13:45,6596.0,6281.9,314.1,INR,2026-08-27 05:56:43,Cleartrip
GOI,DEL,IndiGo,6E-2175,1 stop,2026-09-11,06:40,12:30,6658.0,6340.95,317.05,INR,2026-08-27 06:13:13,Cleartrip
GOI,DEL,IndiGo,6E-6156,1 stop,2026-09-11,00:05,07:10,6658.0,6340.95,317.05,INR,2026-08-27 06:13:13,Cleartrip
BLR,CCU,IndiGo,6E-442,Non-stop,2026-09-03,08:10,10:35,6660.0,6342.86,317.14,INR,2026-08-27 06:01:53,Cleartrip
BLR,CCU,IndiGo,6E-952,Non-stop,2026-09-03,22:20,01:00,6660.0,6342.86,317.14,INR,2026-08-27 06:01:53,Cleartrip
GOI,DEL,Air India Express,IX-1340,Non-stop,2026-08-28,15:00,17:45,6703.0,6383.81,319.19,INR,2026-08-27 06:12:39,Cleartrip
GOI,DEL,IndiGo,6E-2091,Non-stop,2026-08-28,13:25,16:05,6705.0,6385.71,319.29,INR,2026-08-27 06:12:39,Cleartrip
GOI,DEL,IndiGo,6E-6264,Non-stop,2026-08-28,15:20,18:00,6705.0,6385.71,319.29,INR,2026-08-27 06:12:39,Cleartrip
GOI,DEL,IndiGo,6E-5008,Non-stop,2026-08-28,22:30,01:10,6705.0,6385.71,319.29,INR,2026-08-27 06:12:39,Cleartrip
DEL,CCU,IndiGo,6E-6459,1 stop,2026-09-03,05:55,13:25,6727.0,6406.67,320.33,INR,2026-08-27 05:56:27,Cleartrip
DEL,CCU,IndiGo,6E-2361,1 stop,2026-09-11,14:35,22:15,6727.0,6406.67,320.33,INR,2026-08-27 05:56:43,Cleartrip
DEL,CCU,IndiGo,6E-2361,1 stop,2026-09-03,14:35,22:15,6727.0,6406.67,320.33,INR,2026-08-27 05:56:27,Cleartrip
DEL,CCU,IndiGo,6E-6312,1 stop,2026-09-11,14:25,20:25,6727.0,6406.67,320.33,INR,2026-08-27 05:56:43,Cleartrip
AMD,DEL,Air India,AI-2716,Non-stop,2026-09-03,14:00,15:35,6731.0,6410.48,320.52,INR,2026-08-27 05:57:48,Cleartrip
HYD,BOM,IndiGo,6E-2084,Non-stop,2026-09-26,21:05,22:35,6747.0,6425.71,321.29,INR,2026-08-27 06:01:06,Cleartrip
HYD,BOM,IndiGo,6E-2015,Non-stop,2026-10-11,16:40,18:10,6747.0,6425.71,321.29,INR,2026-08-27 06:01:22,Cleartrip
HYD,BOM,IndiGo,6E-2084,Non-stop,2026-10-11,21:05,22:35,6747.0,6425.71,321.29,INR,2026-08-27 06:01:22,Cleartrip
HYD,BOM,IndiGo,6E-2084,Non-stop,2026-09-03,21:05,22:35,6747.0,6425.71,321.29,INR,2026-08-27 06:00:32,Cleartrip
BLR,BOM,SpiceJet,SG-115,Non-stop,2026-10-11,05:00,07:00,6748.0,6426.67,321.33,INR,2026-08-27 05:53:12,Cleartrip
BLR,BOM,SpiceJet,SG-369,Non-stop,2026-10-11,00:30,02:30,6748.0,6426.67,321.33,INR,2026-08-27 05:53:12,Cleartrip
BLR,BOM,Akasa Air,QP-1528,Non-stop,2026-09-03,10:20,12:10,6768.0,6445.71,322.29,INR,2026-08-27 05:52:24,Cleartrip
DEL,SXR,IndiGo,6E-6050,1 stop,2026-09-11,08:15,14:10,6786.0,6462.86,323.14,INR,2026-08-27 06:03:32,Cleartrip
BLR,BOM,Akasa Air,QP-2006,Non-stop,2026-10-11,15:00,16:50,6790.0,6466.67,323.33,INR,2026-08-27 05:53:12,Cleartrip
DEL,SXR,IndiGo,6E-5197,Non-stop,2026-09-11,09:55,11:25,6793.0,6469.52,323.48,INR,2026-08-27 06:03:32,Cleartrip
BLR,CCU,Air India Express,IX-1370,Non-stop,2026-09-26,22:15,00:50,6795.0,6471.43,323.57,INR,2026-08-27 06:02:26,Cleartrip
GOI,DEL,Air India Express,IX-1490,Non-stop,2026-08-28,17:35,20:10,6806.0,6481.9,324.1,INR,2026-08-27 06:12:39,Cleartrip
GOI,DEL,Air India Express,IX-1818,Non-stop,2026-08-28,22:35,01:20,6806.0,6481.9,324.1,INR,2026-08-27 06:12:39,Cleartrip
DEL,CCU,IndiGo,6E-6073,1 stop,2026-09-03,05:00,10:50,6806.0,6481.9,324.1,INR,2026-08-27 05:56:27,Cleartrip
GOI,DEL,Air India Express,IX-2105,Non-stop,2026-08-28,23:55,02:40,6806.0,6481.9,324.1,INR,2026-08-27 06:12:39,Cleartrip
DEL,CCU,IndiGo,6E-5298,1 stop,2026-09-11,09:00,15:15,6806.0,6481.9,324.1,INR,2026-08-27 05:56:43,Cleartrip
DEL,CCU,IndiGo,6E-5038,1 stop,2026-09-11,14:00,20:40,6806.0,6481.9,324.1,INR,2026-08-27 05:56:43,Cleartrip
GOI,DEL,IndiGo,6E-2708,Non-stop,2026-08-28,15:30,18:05,6808.0,6483.81,324.19,INR,2026-08-27 06:12:40,Cleartrip
AMD,BOM,Akasa Air,QP-1194,Non-stop,2026-09-03,04:45,06:15,6811.0,6486.67,324.33,INR,2026-08-27 06:08:49,Cleartrip
AMD,BOM,Akasa Air,QP-1194,Non-stop,2026-08-28,04:35,06:00,6811.0,6486.67,324.33,INR,2026-08-27 06:08:33,Cleartrip
AMD,BOM,Akasa Air,QP-1104,Non-stop,2026-10-11,22:30,00:05,6811.0,6486.67,324.33,INR,2026-08-27 06:09:40,Cleartrip
AMD,BOM,Akasa Air,QP-1102,Non-stop,2026-10-11,10:35,12:00,6811.0,6486.67,324.33,INR,2026-08-27 06:09:40,Cleartrip
HYD,BOM,IndiGo,6E-5203,Non-stop,2026-10-11,22:05,23:30,6832.0,6506.67,325.33,INR,2026-08-27 06:01:22,Cleartrip
HYD,BOM,IndiGo,6E-5213,Non-stop,2026-09-11,08:00,09:30,6832.0,6506.67,325.33,INR,2026-08-27 06:00:49,Cleartrip
HYD,BOM,IndiGo,6E-5213,Non-stop,2026-09-03,08:00,09:30,6832.0,6506.67,325.33,INR,2026-08-27 06:00:32,Cleartrip
HYD,BOM,IndiGo,6E-5174,Non-stop,2026-09-11,09:30,10:55,6832.0,6506.67,325.33,INR,2026-08-27 06:00:49,Cleartrip
HYD,BOM,IndiGo,6E-6363,Non-stop,2026-10-11,23:30,01:00,6832.0,6506.67,325.33,INR,2026-08-27 06:01:22,Cleartrip
HYD,BOM,IndiGo,6E-5174,Non-stop,2026-09-03,09:30,10:55,6832.0,6506.67,325.33,INR,2026-08-27 06:00:32,Cleartrip
HYD,BOM,IndiGo,6E-6196,Non-stop,2026-09-03,06:30,07:55,6832.0,6506.67,325.33,INR,2026-08-27 06:00:32,Cleartrip
HYD,BOM,IndiGo,6E-5259,Non-stop,2026-08-28,17:20,18:50,6832.0,6506.67,325.33,INR,2026-08-27 06:00:16,Cleartrip
HYD,BOM,IndiGo,6E-6363,Non-stop,2026-09-03,23:30,01:00,6832.0,6506.67,325.33,INR,2026-08-27 06:00:32,Cleartrip
HYD,BOM,IndiGo,6E-6196,Non-stop,2026-10-11,06:30,07:55,6832.0,6506.67,325.33,INR,2026-08-27 06:01:22,Cleartrip
HYD,BOM,IndiGo,6E-5245,Non-stop,2026-10-11,05:00,06:25,6832.0,6506.67,325.33,INR,2026-08-27 06:01:22,Cleartrip
HYD,BOM,IndiGo,6E-5213,Non-stop,2026-09-26,08:00,09:30,6832.0,6506.67,325.33,INR,2026-08-27 06:01:06,Cleartrip
HYD,BOM,IndiGo,6E-5174,Non-stop,2026-09-26,09:30,10:55,6832.0,6506.67,325.33,INR,2026-08-27 06:01:06,Cleartrip
HYD,BOM,IndiGo,6E-5039,Non-stop,2026-09-26,19:00,20:30,6832.0,6506.67,325.33,INR,2026-08-27 06:01:06,Cleartrip
HYD,BOM,IndiGo,6E-5259,Non-stop,2026-09-26,17:20,18:50,6832.0,6506.67,325.33,INR,2026-08-27 06:01:06,Cleartrip
AMD,BOM,Air India,AI-2504,Non-stop,2026-10-11,14:55,16:35,6849.0,6522.86,326.14,INR,2026-08-27 06:09:40,Cleartrip
BLR,CCU,Akasa Air,QP-1561,Non-stop,2026-09-03,06:15,08:50,6870.0,6542.86,327.14,INR,2026-08-27 06:01:53,Cleartrip
HYD,BOM,Air India,AI-2872,Non-stop,2026-08-28,05:50,07:45,6881.0,6553.33,327.67,INR,2026-08-27 06:00:16,Cleartrip
HYD,BOM,Air India,AI-2872,Non-stop,2026-09-03,05:50,07:45,6881.0,6553.33,327.67,INR,2026-08-27 06:00:32,Cleartrip
HYD,BOM,Air India,AI-2872,Non-stop,2026-09-11,05:50,07:45,6881.0,6553.33,327.67,INR,2026-08-27 06:00:49,Cleartrip
HYD,BOM,Air India,AI-2626,Non-stop,2026-09-11,07:25,09:15,6881.0,6553.33,327.67,INR,2026-08-27 06:00:49,Cleartrip
HYD,BOM,Air India,AI-418,Non-stop,2026-09-11,11:30,13:25,6881.0,6553.33,327.67,INR,2026-08-27 06:00:49,Cleartrip
DEL,HYD,IndiGo,6E-6459,1 stop,2026-10-11,05:55,10:50,6885.0,6557.14,327.86,INR,2026-08-27 05:54:34,Cleartrip
DEL,HYD,IndiGo,6E-5073,1 stop,2026-10-11,17:05,22:30,6885.0,6557.14,327.86,INR,2026-08-27 05:54:34,Cleartrip
DEL,HYD,IndiGo,6E-5119,1 stop,2026-10-11,05:10,10:15,6885.0,6557.14,327.86,INR,2026-08-27 05:54:34,Cleartrip
DEL,CCU,IndiGo,6E-6245,1 stop,2026-10-11,06:20,13:45,6892.0,6563.81,328.19,INR,2026-08-27 05:57:15,Cleartrip
DEL,CCU,IndiGo,6E-2453,1 stop,2026-09-26,13:35,21:05,6892.0,6563.81,328.19,INR,2026-08-27 05:57:00,Cleartrip
DEL,CCU,IndiGo,6E-6245,1 stop,2026-09-26,06:20,13:45,6892.0,6563.81,328.19,INR,2026-08-27 05:57:00,Cleartrip
DEL,CCU,IndiGo,6E-5206,1 stop,2026-09-26,13:20,22:05,6892.0,6563.81,328.19,INR,2026-08-27 05:57:00,Cleartrip
DEL,CCU,IndiGo,6E-2453,1 stop,2026-10-11,13:35,17:40,6892.0,6563.81,328.19,INR,2026-08-27 05:57:15,Cleartrip
DEL,CCU,IndiGo,6E-2769,1 stop,2026-10-11,08:10,13:45,6892.0,6563.81,328.19,INR,2026-08-27 05:57:15,Cleartrip
DEL,CCU,IndiGo,6E-2373,1 stop,2026-10-11,11:10,17:40,6892.0,6563.81,328.19,INR,2026-08-27 05:57:15,Cleartrip
DEL,CCU,IndiGo,6E-6440,1 stop,2026-09-26,16:40,22:05,6892.0,6563.81,328.19,INR,2026-08-27 05:56:59,Cleartrip
BLR,BOM,Air India,AI-2858,Non-stop,2026-09-11,02:20,04:10,6895.0,6566.67,328.33,INR,2026-08-27 05:52:39,Cleartrip
DEL,CCU,IndiGo,6E-5041,1 stop,2026-09-11,15:10,20:30,6911.0,6581.9,329.1,INR,2026-08-27 05:56:43,Cleartrip
DEL,CCU,IndiGo,6E-5307,1 stop,2026-09-11,10:50,15:25,6911.0,6581.9,329.1,INR,2026-08-27 05:56:43,Cleartrip
DEL,CCU,IndiGo,6E-6378,1 stop,2026-09-11,14:40,19:20,6911.0,6581.9,329.1,INR,2026-08-27 05:56:43,Cleartrip
MAA,HYD,IndiGo,6E-6487,Non-stop,2026-08-28,21:25,22:40,6945.0,6614.29,330.71,INR,2026-08-27 06:11:16,Cleartrip
DEL,SXR,SpiceJet,SG-253,Non-stop,2026-09-11,10:20,12:00,6946.0,6615.24,330.76,INR,2026-08-27 06:03:32,Cleartrip
DEL,SXR,SpiceJet,SG-253,Non-stop,2026-09-26,10:20,12:00,6946.0,6615.24,330.76,INR,2026-08-27 06:03:49,Cleartrip
DEL,PNQ,SpiceJet,SG-105,Non-stop,2026-09-03,21:45,23:55,6949.0,6618.1,330.9,INR,2026-08-27 05:55:06,Cleartrip
DEL,PNQ,SpiceJet,SG-939,Non-stop,2026-09-03,16:55,19:25,6949.0,6618.1,330.9,INR,2026-08-27 05:55:06,Cleartrip
DEL,SXR,Air India Express,IX-1980,Non-stop,2026-09-11,09:55,11:30,6950.0,6619.05,330.95,INR,2026-08-27 06:03:32,Cleartrip
DEL,SXR,Air India Express,IX-1017,Non-stop,2026-08-28,13:45,15:15,6950.0,6619.05,330.95,INR,2026-08-27 06:02:59,Cleartrip
DEL,SXR,Air India Express,IX-1980,Non-stop,2026-08-28,10:15,11:50,6950.0,6619.05,330.95,INR,2026-08-27 06:02:59,Cleartrip
DEL,SXR,Air India Express,IX-1012,Non-stop,2026-08-28,06:40,08:05,6950.0,6619.05,330.95,INR,2026-08-27 06:02:59,Cleartrip
DEL,SXR,Air India Express,IX-1012,Non-stop,2026-09-03,06:35,08:00,6950.0,6619.05,330.95,INR,2026-08-27 06:03:16,Cleartrip
DEL,SXR,IndiGo,6E-6132,Non-stop,2026-08-28,11:20,12:35,6951.0,6620.0,331.0,INR,2026-08-27 06:02:59,Cleartrip
DEL,SXR,IndiGo,6E-5120,Non-stop,2026-08-28,08:25,09:45,6951.0,6620.0,331.0,INR,2026-08-27 06:02:59,Cleartrip
DEL,SXR,IndiGo,6E-2747,Non-stop,2026-08-28,13:40,15:10,6951.0,6620.0,331.0,INR,2026-08-27 06:02:59,Cleartrip
DEL,SXR,IndiGo,6E-2496,Non-stop,2026-08-28,12:40,14:05,6951.0,6620.0,331.0,INR,2026-08-27 06:02:59,Cleartrip
DEL,SXR,IndiGo,6E-2044,Non-stop,2026-09-11,07:40,09:05,6951.0,6620.0,331.0,INR,2026-08-27 06:03:32,Cleartrip
DEL,SXR,IndiGo,6E-2044,Non-stop,2026-08-28,07:40,09:05,6951.0,6620.0,331.0,INR,2026-08-27 06:02:59,Cleartrip
DEL,SXR,IndiGo,6E-2496,Non-stop,2026-09-11,12:40,14:05,6951.0,6620.0,331.0,INR,2026-08-27 06:03:32,Cleartrip
AMD,BOM,Air India,AI-2916,Non-stop,2026-10-11,17:55,19:40,6955.0,6623.81,331.19,INR,2026-08-27 06:09:40,Cleartrip
BLR,CCU,IndiGo,6E-6269,1 stop,2026-09-03,07:15,14:10,6963.0,6631.43,331.57,INR,2026-08-27 06:01:53,Cleartrip
BLR,CCU,IndiGo,6E-6178,1 stop,2026-09-11,06:25,14:10,6963.0,6631.43,331.57,INR,2026-08-27 06:02:09,Cleartrip
DEL,HYD,IndiGo,6E-2267,1 stop,2026-10-11,16:40,22:45,6964.0,6632.38,331.62,INR,2026-08-27 05:54:34,Cleartrip
DEL,HYD,IndiGo,6E-6446,1 stop,2026-10-11,07:50,13:50,6964.0,6632.38,331.62,INR,2026-08-27 05:54:34,Cleartrip
DEL,HYD,IndiGo,6E-2319,1 stop,2026-10-11,09:55,14:25,6964.0,6632.38,331.62,INR,2026-08-27 05:54:34,Cleartrip
DEL,HYD,IndiGo,6E-5033,1 stop,2026-10-11,15:50,21:10,6964.0,6632.38,331.62,INR,2026-08-27 05:54:34,Cleartrip
DEL,HYD,IndiGo,6E-6673,1 stop,2026-10-11,21:15,03:10,6964.0,6632.38,331.62,INR,2026-08-27 05:54:34,Cleartrip
BLR,HYD,Air India Express,IX-1723,Non-stop,2026-09-11,22:40,23:50,6965.0,6633.33,331.67,INR,2026-08-27 06:04:56,Cleartrip
BLR,CCU,IndiGo,6E-975,Non-stop,2026-09-03,20:20,23:00,6975.0,6642.86,332.14,INR,2026-08-27 06:01:53,Cleartrip
DEL,HYD,IndiGo,6E-6433,1 stop,2026-09-26,16:30,21:45,6987.0,6654.29,332.71,INR,2026-08-27 05:54:17,Cleartrip
DEL,CCU,Air India Express,IX-2457,1 stop,2026-08-28,11:30,18:25,6989.0,6656.19,332.81,INR,2026-08-27 05:56:11,Cleartrip
AMD,BOM,IndiGo,6E-6351,Non-stop,2026-09-03,23:15,00:30,6998.0,6664.76,333.24,INR,2026-08-27 06:08:49,Cleartrip
DEL,CCU,IndiGo,6E-6459,1 stop,2026-09-26,05:55,13:25,7023.0,6688.57,334.43,INR,2026-08-27 05:57:00,Cleartrip
DEL,CCU,IndiGo,6E-2361,1 stop,2026-09-26,14:35,22:15,7023.0,6688.57,334.43,INR,2026-08-27 05:57:00,Cleartrip
DEL,CCU,IndiGo,6E-6459,1 stop,2026-10-11,05:55,13:25,7023.0,6688.57,334.43,INR,2026-08-27 05:57:15,Cleartrip
DEL,CCU,IndiGo,6E-6246,1 stop,2026-10-11,05:25,10:20,7023.0,6688.57,334.43,INR,2026-08-27 05:57:15,Cleartrip
BLR,BOM,Akasa Air,QP-1517,Non-stop,2026-10-11,05:00,06:50,7027.0,6692.38,334.62,INR,2026-08-27 05:53:12,Cleartrip
BLR,BOM,Akasa Air,QP-1515,Non-stop,2026-09-11,06:20,08:00,7027.0,6692.38,334.62,INR,2026-08-27 05:52:39,Cleartrip
BLR,BOM,Akasa Air,QP-1381,Non-stop,2026-09-11,04:50,06:45,7027.0,6692.38,334.62,INR,2026-08-27 05:52:39,Cleartrip
BLR,BOM,Akasa Air,QP-1515,Non-stop,2026-10-11,06:00,07:35,7027.0,6692.38,334.62,INR,2026-08-27 05:53:12,Cleartrip
DEL,PNQ,Air India Express,IX-1230,Non-stop,2026-08-28,04:25,06:40,7034.0,6699.05,334.95,INR,2026-08-27 05:54:50,Cleartrip
DEL,PNQ,Air India Express,IX-1230,Non-stop,2026-09-03,04:40,06:55,7034.0,6699.05,334.95,INR,2026-08-27 05:55:06,Cleartrip
DEL,PNQ,Air India Express,IX-1230,Non-stop,2026-09-11,04:40,06:55,7034.0,6699.05,334.95,INR,2026-08-27 05:55:22,Cleartrip
DEL,PNQ,Air India Express,IX-1257,Non-stop,2026-08-28,22:25,00:40,7034.0,6699.05,334.95,INR,2026-08-27 05:54:50,Cleartrip
DEL,PNQ,IndiGo,6E-2343,Non-stop,2026-09-11,02:20,04:25,7035.0,6700.0,335.0,INR,2026-08-27 05:55:22,Cleartrip
DEL,PNQ,IndiGo,6E-2618,Non-stop,2026-08-28,23:00,01:05,7035.0,6700.0,335.0,INR,2026-08-27 05:54:50,Cleartrip
DEL,PNQ,IndiGo,6E-5322,Non-stop,2026-08-28,04:40,06:45,7035.0,6700.0,335.0,INR,2026-08-27 05:54:50,Cleartrip
DEL,PNQ,IndiGo,6E-2487,Non-stop,2026-09-03,11:50,14:05,7035.0,6700.0,335.0,INR,2026-08-27 05:55:06,Cleartrip
DEL,PNQ,IndiGo,6E-5322,Non-stop,2026-09-11,04:40,06:45,7035.0,6700.0,335.0,INR,2026-08-27 05:55:22,Cleartrip
DEL,PNQ,IndiGo,6E-5322,Non-stop,2026-10-11,04:40,06:45,7035.0,6700.0,335.0,INR,2026-08-27 05:55:54,Cleartrip
DEL,PNQ,IndiGo,6E-2343,Non-stop,2026-09-03,02:20,04:25,7035.0,6700.0,335.0,INR,2026-08-27 05:55:06,Cleartrip
DEL,PNQ,Akasa Air,QP-1809,Non-stop,2026-08-28,18:10,20:25,7036.0,6700.95,335.05,INR,2026-08-27 05:54:50,Cleartrip
DEL,PNQ,Akasa Air,QP-1871,Non-stop,2026-09-03,10:50,13:05,7036.0,6700.95,335.05,INR,2026-08-27 05:55:06,Cleartrip
DEL,PNQ,SpiceJet,SG-939,Non-stop,2026-10-11,16:55,19:25,7036.0,6700.95,335.05,INR,2026-08-27 05:55:54,Cleartrip
DEL,PNQ,Akasa Air,QP-1608,Non-stop,2026-08-28,15:00,17:15,7036.0,6700.95,335.05,INR,2026-08-27 05:54:50,Cleartrip
DEL,HYD,Air India Express,IX-1067,1 stop,2026-09-11,06:10,20:45,7066.0,6729.52,336.48,INR,2026-08-27 05:54:01,Cleartrip
DEL,HYD,Air India Express,IX-1273,1 stop,2026-09-03,12:20,20:45,7066.0,6729.52,336.48,INR,2026-08-27 05:53:45,Cleartrip
DEL,HYD,Air India Express,IX-1273,1 stop,2026-09-11,12:20,20:45,7066.0,6729.52,336.48,INR,2026-08-27 05:54:01,Cleartrip
DEL,HYD,Air India Express,IX-1067,1 stop,2026-09-03,06:10,20:45,7066.0,6729.52,336.48,INR,2026-08-27 05:53:45,Cleartrip
BLR,CCU,IndiGo,6E-952,Non-stop,2026-09-26,22:20,01:00,7080.0,6742.86,337.14,INR,2026-08-27 06:02:26,Cleartrip
BLR,CCU,Air India Express,IX-1131,Non-stop,2026-09-11,07:05,09:45,7081.0,6743.81,337.19,INR,2026-08-27 06:02:09,Cleartrip
BLR,CCU,Air India Express,IX-1370,Non-stop,2026-09-03,22:15,00:50,7081.0,6743.81,337.19,INR,2026-08-27 06:01:53,Cleartrip
DEL,HYD,IndiGo,6E-853,1 stop,2026-09-03,20:45,02:10,7093.0,6755.24,337.76,INR,2026-08-27 05:53:46,Cleartrip
DEL,HYD,IndiGo,6E-2296,1 stop,2026-09-03,09:20,14:45,7093.0,6755.24,337.76,INR,2026-08-27 05:53:46,Cleartrip
DEL,HYD,IndiGo,6E-6328,1 stop,2026-09-11,10:15,16:45,7093.0,6755.24,337.76,INR,2026-08-27 05:54:01,Cleartrip
DEL,HYD,IndiGo,6E-6676,1 stop,2026-09-11,12:00,18:20,7093.0,6755.24,337.76,INR,2026-08-27 05:54:01,Cleartrip
DEL,HYD,IndiGo,6E-2361,1 stop,2026-09-03,14:35,20:30,7093.0,6755.24,337.76,INR,2026-08-27 05:53:46,Cleartrip
DEL,HYD,IndiGo,6E-6814,1 stop,2026-09-11,07:15,13:20,7093.0,6755.24,337.76,INR,2026-08-27 05:54:01,Cleartrip
DEL,HYD,IndiGo,6E-354,1 stop,2026-09-03,19:00,00:35,7093.0,6755.24,337.76,INR,2026-08-27 05:53:46,Cleartrip
DEL,HYD,IndiGo,6E-6425,1 stop,2026-09-03,05:10,10:10,7093.0,6755.24,337.76,INR,2026-08-27 05:53:45,Cleartrip
DEL,HYD,IndiGo,6E-6425,1 stop,2026-09-11,05:10,10:10,7093.0,6755.24,337.76,INR,2026-08-27 05:54:01,Cleartrip
DEL,HYD,IndiGo,6E-303,1 stop,2026-09-03,20:00,02:10,7093.0,6755.24,337.76,INR,2026-08-27 05:53:46,Cleartrip
DEL,HYD,IndiGo,6E-2453,1 stop,2026-09-03,13:35,20:05,7093.0,6755.24,337.76,INR,2026-08-27 05:53:46,Cleartrip
DEL,HYD,IndiGo,6E-6676,1 stop,2026-09-03,12:00,18:20,7093.0,6755.24,337.76,INR,2026-08-27 05:53:46,Cleartrip
DEL,HYD,IndiGo,6E-6814,1 stop,2026-09-03,07:15,13:20,7093.0,6755.24,337.76,INR,2026-08-27 05:53:46,Cleartrip
DEL,HYD,IndiGo,6E-449,1 stop,2026-09-11,05:00,11:40,7093.0,6755.24,337.76,INR,2026-08-27 05:54:01,Cleartrip
DEL,HYD,IndiGo,6E-6318,1 stop,2026-09-11,14:45,21:20,7093.0,6755.24,337.76,INR,2026-08-27 05:54:01,Cleartrip
DEL,HYD,IndiGo,6E-2453,1 stop,2026-09-11,13:35,20:05,7093.0,6755.24,337.76,INR,2026-08-27 05:54:01,Cleartrip
DEL,HYD,IndiGo,6E-303,1 stop,2026-08-28,20:00,02:10,7095.0,6757.14,337.86,INR,2026-08-27 05:53:29,Cleartrip
DEL,HYD,IndiGo,6E-327,1 stop,2026-08-28,16:15,22:45,7095.0,6757.14,337.86,INR,2026-08-27 05:53:29,Cleartrip
DEL,HYD,IndiGo,6E-2265,1 stop,2026-08-28,06:10,12:15,7095.0,6757.14,337.86,INR,2026-08-27 05:53:28,Cleartrip
DEL,HYD,IndiGo,6E-6425,1 stop,2026-08-28,05:10,11:55,7095.0,6757.14,337.86,INR,2026-08-27 05:53:29,Cleartrip
DEL,HYD,IndiGo,6E-449,1 stop,2026-08-28,05:00,11:40,7095.0,6757.14,337.86,INR,2026-08-27 05:53:29,Cleartrip
DEL,HYD,IndiGo,6E-6318,1 stop,2026-08-28,14:45,21:20,7095.0,6757.14,337.86,INR,2026-08-27 05:53:29,Cleartrip
BLR,CCU,IndiGo,6E-405,1 stop,2026-09-03,07:40,13:25,7095.0,6757.14,337.86,INR,2026-08-27 06:01:54,Cleartrip
DEL,HYD,IndiGo,6E-6814,1 stop,2026-08-28,07:15,13:20,7095.0,6757.14,337.86,INR,2026-08-27 05:53:28,Cleartrip
DEL,HYD,IndiGo,6E-329,1 stop,2026-08-28,18:00,00:35,7095.0,6757.14,337.86,INR,2026-08-27 05:53:29,Cleartrip
DEL,HYD,IndiGo,6E-354,1 stop,2026-08-28,19:00,00:35,7095.0,6757.14,337.86,INR,2026-08-27 05:53:28,Cleartrip
DEL,HYD,IndiGo,6E-853,1 stop,2026-08-28,20:45,02:10,7095.0,6757.14,337.86,INR,2026-08-27 05:53:28,Cleartrip
BLR,HYD,Unknown,S5-151,Non-stop,2026-08-28,19:45,21:00,7099.0,6760.95,338.05,INR,2026-08-27 06:04:22,Cleartrip
DEL,SXR,Air India Express,IX-1980,Non-stop,2026-09-26,09:55,11:30,7100.0,6761.9,338.1,INR,2026-08-27 06:03:49,Cleartrip
DEL,CCU,IndiGo,6E-5033,1 stop,2026-10-11,15:50,20:30,7102.0,6763.81,338.19,INR,2026-08-27 05:57:15,Cleartrip
DEL,CCU,IndiGo,6E-2614,1 stop,2026-09-26,14:40,19:05,7102.0,6763.81,338.19,INR,2026-08-27 05:57:00,Cleartrip
DEL,CCU,IndiGo,6E-6053,1 stop,2026-10-11,13:05,17:30,7102.0,6763.81,338.19,INR,2026-08-27 05:57:15,Cleartrip
DEL,CCU,IndiGo,6E-6190,1 stop,2026-10-11,07:40,12:05,7102.0,6763.81,338.19,INR,2026-08-27 05:57:15,Cleartrip
DEL,CCU,IndiGo,6E-2259,1 stop,2026-09-26,12:20,17:00,7102.0,6763.81,338.19,INR,2026-08-27 05:57:00,Cleartrip
DEL,CCU,IndiGo,6E-6073,1 stop,2026-09-26,05:00,10:50,7102.0,6763.81,338.19,INR,2026-08-27 05:57:00,Cleartrip
AMD,BOM,IndiGo,6E-7018,Non-stop,2026-10-11,19:10,20:50,7117.0,6778.1,338.9,INR,2026-08-27 06:09:40,Cleartrip
DEL,HYD,IndiGo,6E-2557,1 stop,2026-09-26,15:20,21:30,7119.0,6780.0,339.0,INR,2026-08-27 05:54:17,Cleartrip
DEL,HYD,IndiGo,6E-5119,1 stop,2026-09-26,05:10,10:15,7119.0,6780.0,339.0,INR,2026-08-27 05:54:17,Cleartrip
DEL,HYD,IndiGo,6E-6459,1 stop,2026-09-26,05:55,12:30,7119.0,6780.0,339.0,INR,2026-08-27 05:54:18,Cleartrip
DEL,HYD,IndiGo,6E-2331,1 stop,2026-09-26,12:20,16:45,7119.0,6780.0,339.0,INR,2026-08-27 05:54:17,Cleartrip
DEL,HYD,IndiGo,6E-5073,1 stop,2026-09-26,17:05,22:30,7119.0,6780.0,339.0,INR,2026-08-27 05:54:17,Cleartrip
HYD,BOM,Air India,AI-2445,Non-stop,2026-09-11,14:25,16:25,7136.0,6796.19,339.81,INR,2026-08-27 06:00:49,Cleartrip
HYD,BOM,IndiGo,6E-5099,Non-stop,2026-10-11,14:15,15:55,7147.0,6806.67,340.33,INR,2026-08-27 06:01:22,Cleartrip
HYD,BOM,IndiGo,6E-5259,Non-stop,2026-10-11,17:20,18:50,7147.0,6806.67,340.33,INR,2026-08-27 06:01:22,Cleartrip
HYD,BOM,IndiGo,6E-5039,Non-stop,2026-10-11,19:00,20:30,7147.0,6806.67,340.33,INR,2026-08-27 06:01:22,Cleartrip
HYD,BOM,IndiGo,6E-5384,Non-stop,2026-10-11,12:55,14:25,7147.0,6806.67,340.33,INR,2026-08-27 06:01:22,Cleartrip
HYD,BOM,IndiGo,6E-5143,Non-stop,2026-08-28,03:00,04:30,7147.0,6806.67,340.33,INR,2026-08-27 06:00:16,Cleartrip
AMD,DEL,Air India,AI-2546,Non-stop,2026-09-03,23:00,00:45,7151.0,6810.48,340.52,INR,2026-08-27 05:57:48,Cleartrip
AMD,BOM,IndiGo,6E-6285,Non-stop,2026-08-28,04:00,05:30,7158.0,6817.14,340.86,INR,2026-08-27 06:08:33,Cleartrip
DEL,HYD,IndiGo,6E-828,1 stop,2026-09-11,14:30,19:45,7172.0,6830.48,341.52,INR,2026-08-27 05:54:01,Cleartrip
DEL,HYD,IndiGo,6E-880,1 stop,2026-09-11,15:45,21:00,7172.0,6830.48,341.52,INR,2026-08-27 05:54:01,Cleartrip
BLR,CCU,IndiGo,6E-6277,1 stop,2026-09-03,14:45,21:05,7173.0,6831.43,341.57,INR,2026-08-27 06:01:54,Cleartrip
BLR,CCU,IndiGo,6E-6801,1 stop,2026-09-03,08:25,13:45,7173.0,6831.43,341.57,INR,2026-08-27 06:01:54,Cleartrip
BLR,CCU,IndiGo,6E-6801,1 stop,2026-09-11,08:25,13:45,7173.0,6831.43,341.57,INR,2026-08-27 06:02:09,Cleartrip
DEL,HYD,IndiGo,6E-810,1 stop,2026-10-11,07:05,12:50,7174.0,6832.38,341.62,INR,2026-08-27 05:54:34,Cleartrip
DEL,HYD,IndiGo,6E-850,1 stop,2026-10-11,12:15,17:45,7174.0,6832.38,341.62,INR,2026-08-27 05:54:34,Cleartrip
MAA,HYD,IndiGo,6E-6140,1 stop,2026-08-28,02:30,07:20,7176.0,6834.29,341.71,INR,2026-08-27 06:11:16,Cleartrip
MAA,HYD,IndiGo,6E-5314,1 stop,2026-08-28,06:45,11:40,7176.0,6834.29,341.71,INR,2026-08-27 06:11:16,Cleartrip
MAA,HYD,IndiGo,6E-5214,1 stop,2026-08-28,11:00,16:45,7176.0,6834.29,341.71,INR,2026-08-27 06:11:16,Cleartrip
MAA,HYD,IndiGo,6E-5258,1 stop,2026-08-28,12:45,18:20,7176.0,6834.29,341.71,INR,2026-08-27 06:11:16,Cleartrip
MAA,HYD,IndiGo,6E-5367,1 stop,2026-08-28,18:15,00:35,7176.0,6834.29,341.71,INR,2026-08-27 06:11:16,Cleartrip
MAA,HYD,IndiGo,6E-5104,1 stop,2026-08-28,16:40,21:20,7176.0,6834.29,341.71,INR,2026-08-27 06:11:16,Cleartrip
MAA,HYD,IndiGo,6E-5371,1 stop,2026-08-28,14:45,21:20,7176.0,6834.29,341.71,INR,2026-08-27 06:11:16,Cleartrip
MAA,BOM,Akasa Air,QP-1146,Non-stop,2026-09-11,13:35,15:40,7197.0,6854.29,342.71,INR,2026-08-27 06:07:44,Cleartrip
DEL,HYD,IndiGo,6E-2343,1 stop,2026-09-26,02:20,07:50,7197.0,6854.29,342.71,INR,2026-08-27 05:54:18,Cleartrip
DEL,HYD,IndiGo,6E-6673,1 stop,2026-09-26,21:15,03:10,7197.0,6854.29,342.71,INR,2026-08-27 05:54:18,Cleartrip
DEL,HYD,IndiGo,6E-6440,1 stop,2026-09-26,16:40,22:45,7197.0,6854.29,342.71,INR,2026-08-27 05:54:18,Cleartrip
MAA,BOM,Akasa Air,QP-1146,Non-stop,2026-10-11,13:35,15:40,7197.0,6854.29,342.71,INR,2026-08-27 06:08:16,Cleartrip
DEL,HYD,IndiGo,6E-2623,1 stop,2026-09-26,18:15,23:40,7197.0,6854.29,342.71,INR,2026-08-27 05:54:18,Cleartrip
AMD,BOM,IndiGo,6E-5078,Non-stop,2026-10-11,10:55,12:20,7202.0,6859.05,342.95,INR,2026-08-27 06:09:40,Cleartrip
AMD,BOM,IndiGo,6E-6351,Non-stop,2026-10-11,23:15,00:30,7202.0,6859.05,342.95,INR,2026-08-27 06:09:40,Cleartrip
AMD,DEL,IndiGo,6E-2179,Non-stop,2026-09-03,09:50,11:35,7205.0,6861.9,343.1,INR,2026-08-27 05:57:48,Cleartrip
AMD,DEL,IndiGo,6E-2340,Non-stop,2026-08-28,12:15,14:10,7205.0,6861.9,343.1,INR,2026-08-27 05:57:32,Cleartrip
BLR,HYD,Air India Express,IX-2051,Non-stop,2026-10-11,14:55,16:05,7223.0,6879.05,343.95,INR,2026-08-27 06:05:30,Cleartrip
DEL,PNQ,IndiGo,6E-6437,Non-stop,2026-09-11,16:25,18:30,7245.0,6900.0,345.0,INR,2026-08-27 05:55:22,Cleartrip
DEL,PNQ,IndiGo,6E-2487,Non-stop,2026-08-28,11:50,14:05,7245.0,6900.0,345.0,INR,2026-08-27 05:54:51,Cleartrip
DEL,PNQ,IndiGo,6E-5322,Non-stop,2026-09-03,04:40,06:45,7245.0,6900.0,345.0,INR,2026-08-27 05:55:06,Cleartrip
DEL,PNQ,IndiGo,6E-2343,Non-stop,2026-08-28,02:20,04:25,7245.0,6900.0,345.0,INR,2026-08-27 05:54:51,Cleartrip
DEL,PNQ,IndiGo,6E-2623,Non-stop,2026-08-28,18:15,20:20,7245.0,6900.0,345.0,INR,2026-08-27 05:54:51,Cleartrip
DEL,PNQ,IndiGo,6E-2623,Non-stop,2026-09-03,18:15,20:20,7245.0,6900.0,345.0,INR,2026-08-27 05:55:06,Cleartrip
BLR,BOM,IndiGo,6E-5089,Non-stop,2026-10-11,05:30,07:15,7277.0,6930.48,346.52,INR,2026-08-27 05:53:12,Cleartrip
BLR,BOM,IndiGo,6E-5293,Non-stop,2026-10-11,01:00,02:50,7277.0,6930.48,346.52,INR,2026-08-27 05:53:12,Cleartrip
BLR,BOM,Air India Express,IX-2914,Non-stop,2026-10-11,06:05,07:45,7277.0,6930.48,346.52,INR,2026-08-27 05:53:12,Cleartrip
BLR,BOM,IndiGo,6E-5051,Non-stop,2026-10-11,08:30,10:15,7277.0,6930.48,346.52,INR,2026-08-27 05:53:12,Cleartrip
BLR,BOM,IndiGo,6E-5216,Non-stop,2026-10-11,07:25,09:10,7277.0,6930.48,346.52,INR,2026-08-27 05:53:12,Cleartrip
BLR,CCU,IndiGo,6E-524,1 stop,2026-09-11,09:25,15:20,7278.0,6931.43,346.57,INR,2026-08-27 06:02:09,Cleartrip
BLR,CCU,IndiGo,6E-223,Non-stop,2026-09-26,17:05,19:55,7290.0,6942.86,347.14,INR,2026-08-27 06:02:26,Cleartrip
BLR,CCU,IndiGo,6E-6572,Non-stop,2026-09-26,15:05,17:45,7290.0,6942.86,347.14,INR,2026-08-27 06:02:26,Cleartrip
BLR,BOM,IndiGo,6E-2086,Non-stop,2026-09-11,09:20,10:55,7291.0,6943.81,347.19,INR,2026-08-27 05:52:39,Cleartrip
BLR,BOM,IndiGo,6E-6030,Non-stop,2026-08-28,15:00,16:40,7291.0,6943.81,347.19,INR,2026-08-27 05:52:08,Cleartrip
DEL,SXR,IndiGo,6E-6092,1 stop,2026-09-26,08:00,10:35,7293.0,6945.71,347.29,INR,2026-08-27 06:03:49,Cleartrip
BLR,BOM,Akasa Air,QP-1528,Non-stop,2026-09-11,10:20,12:10,7297.0,6949.52,347.48,INR,2026-08-27 05:52:40,Cleartrip
DEL,PNQ,Akasa Air,QP-1871,Non-stop,2026-09-11,10:50,13:05,7298.0,6950.48,347.52,INR,2026-08-27 05:55:22,Cleartrip
DEL,HYD,IndiGo,6E-6433,1 stop,2026-10-11,16:30,21:45,7301.0,6953.33,347.67,INR,2026-08-27 05:54:34,Cleartrip
DEL,HYD,IndiGo,6E-947,1 stop,2026-08-28,16:40,22:40,7305.0,6957.14,347.86,INR,2026-08-27 05:53:29,Cleartrip
BLR,CCU,IndiGo,6E-6563,1 stop,2026-09-11,01:05,08:10,7305.0,6957.14,347.86,INR,2026-08-27 06:02:09,Cleartrip
BLR,CCU,IndiGo,6E-6876,1 stop,2026-09-11,02:40,08:10,7305.0,6957.14,347.86,INR,2026-08-27 06:02:09,Cleartrip
BLR,CCU,IndiGo,6E-5293,1 stop,2026-09-11,01:00,08:15,7305.0,6957.14,347.86,INR,2026-08-27 06:02:09,Cleartrip
DEL,HYD,IndiGo,6E-354,1 stop,2026-09-26,19:00,00:35,7329.0,6980.0,349.0,INR,2026-08-27 05:54:18,Cleartrip
MAA,BOM,IndiGo,6E-2133,Non-stop,2026-09-26,21:55,23:40,7390.0,7038.1,351.9,INR,2026-08-27 06:08:00,Cleartrip
MAA,BOM,IndiGo,6E-502,Non-stop,2026-09-26,11:10,13:05,7390.0,7038.1,351.9,INR,2026-08-27 06:08:00,Cleartrip
MAA,BOM,IndiGo,6E-2133,Non-stop,2026-10-11,21:55,23:40,7390.0,7038.1,351.9,INR,2026-08-27 06:08:16,Cleartrip
AMD,BOM,Air India,AI-2824,Non-stop,2026-08-28,05:00,06:25,7400.0,7047.62,352.38,INR,2026-08-27 06:08:33,Cleartrip
AMD,DEL,Air India,AI-882,Non-stop,2026-09-03,15:55,17:45,7428.0,7074.29,353.71,INR,2026-08-27 05:57:48,Cleartrip
BLR,CCU,IndiGo,6E-6774,1 stop,2026-09-11,16:25,22:25,7436.0,7081.9,354.1,INR,2026-08-27 06:02:09,Cleartrip
DEL,PNQ,IndiGo,6E-2262,Non-stop,2026-09-11,06:10,08:10,7441.0,7086.67,354.33,INR,2026-08-27 05:55:22,Cleartrip
DEL,PNQ,IndiGo,6E-2487,Non-stop,2026-09-11,11:50,14:05,7441.0,7086.67,354.33,INR,2026-08-27 05:55:22,Cleartrip
DEL,PNQ,IndiGo,6E-2618,Non-stop,2026-10-11,23:00,01:05,7441.0,7086.67,354.33,INR,2026-08-27 05:55:54,Cleartrip
DEL,PNQ,IndiGo,6E-2262,Non-stop,2026-10-11,06:10,08:10,7441.0,7086.67,354.33,INR,2026-08-27 05:55:54,Cleartrip
DEL,PNQ,IndiGo,6E-2132,Non-stop,2026-09-11,09:40,11:45,7441.0,7086.67,354.33,INR,2026-08-27 05:55:22,Cleartrip
DEL,PNQ,IndiGo,6E-6437,Non-stop,2026-08-28,16:25,18:30,7441.0,7086.67,354.33,INR,2026-08-27 05:54:51,Cleartrip
DEL,PNQ,IndiGo,6E-2132,Non-stop,2026-09-03,09:40,11:45,7441.0,7086.67,354.33,INR,2026-08-27 05:55:06,Cleartrip
DEL,PNQ,IndiGo,6E-2262,Non-stop,2026-08-28,06:10,08:10,7441.0,7086.67,354.33,INR,2026-08-27 05:54:51,Cleartrip
DEL,PNQ,IndiGo,6E-2262,Non-stop,2026-09-03,06:10,08:10,7441.0,7086.67,354.33,INR,2026-08-27 05:55:06,Cleartrip
BLR,CCU,IndiGo,6E-6404,1 stop,2026-09-11,11:35,16:20,7460.0,7104.76,355.24,INR,2026-08-27 06:02:09,Cleartrip
BLR,CCU,IndiGo,6E-6017,1 stop,2026-09-11,18:15,23:30,7460.0,7104.76,355.24,INR,2026-08-27 06:02:10,Cleartrip
BLR,CCU,IndiGo,6E-312,1 stop,2026-09-11,09:15,14:10,7460.0,7104.76,355.24,INR,2026-08-27 06:02:10,Cleartrip
BLR,CCU,IndiGo,6E-6439,Non-stop,2026-09-26,06:30,09:10,7500.0,7142.86,357.14,INR,2026-08-27 06:02:26,Cleartrip
DEL,PNQ,Air India,AI-2711,Non-stop,2026-09-11,02:00,04:15,7506.0,7148.57,357.43,INR,2026-08-27 05:55:22,Cleartrip
DEL,PNQ,Air India,AI-2469,Non-stop,2026-09-03,04:45,06:55,7506.0,7148.57,357.43,INR,2026-08-27 05:55:06,Cleartrip
DEL,PNQ,Air India,AI-2469,Non-stop,2026-09-11,04:45,06:55,7506.0,7148.57,357.43,INR,2026-08-27 05:55:22,Cleartrip
DEL,SXR,SpiceJet,SG-253,Non-stop,2026-10-11,11:00,12:30,7538.0,7179.05,358.95,INR,2026-08-27 06:04:06,Cleartrip
DEL,SXR,SpiceJet,SG-709,Non-stop,2026-10-11,08:35,10:05,7538.0,7179.05,358.95,INR,2026-08-27 06:04:06,Cleartrip
MAA,BOM,IndiGo,6E-6348,Non-stop,2026-10-11,09:00,10:50,7540.0,7180.95,359.05,INR,2026-08-27 06:08:16,Cleartrip
MAA,BOM,IndiGo,6E-5093,Non-stop,2026-10-11,05:00,06:55,7540.0,7180.95,359.05,INR,2026-08-27 06:08:16,Cleartrip
MAA,BOM,IndiGo,6E-5371,Non-stop,2026-10-11,14:45,16:40,7540.0,7180.95,359.05,INR,2026-08-27 06:08:16,Cleartrip
MAA,BOM,IndiGo,6E-5314,Non-stop,2026-10-11,06:45,08:45,7540.0,7180.95,359.05,INR,2026-08-27 06:08:16,Cleartrip
MAA,BOM,IndiGo,6E-5371,Non-stop,2026-09-11,14:45,16:40,7540.0,7180.95,359.05,INR,2026-08-27 06:07:44,Cleartrip
MAA,BOM,IndiGo,6E-5258,Non-stop,2026-09-11,12:45,14:45,7540.0,7180.95,359.05,INR,2026-08-27 06:07:44,Cleartrip
MAA,BOM,IndiGo,6E-6140,Non-stop,2026-09-11,02:30,04:45,7540.0,7180.95,359.05,INR,2026-08-27 06:07:44,Cleartrip
MAA,BOM,IndiGo,6E-5258,Non-stop,2026-10-11,12:45,14:45,7540.0,7180.95,359.05,INR,2026-08-27 06:08:16,Cleartrip
MAA,BOM,IndiGo,6E-5104,Non-stop,2026-10-11,16:40,18:40,7540.0,7180.95,359.05,INR,2026-08-27 06:08:16,Cleartrip
MAA,BOM,IndiGo,6E-5214,Non-stop,2026-10-11,11:00,13:00,7540.0,7180.95,359.05,INR,2026-08-27 06:08:16,Cleartrip
MAA,BOM,IndiGo,6E-5367,Non-stop,2026-10-11,18:15,20:15,7540.0,7180.95,359.05,INR,2026-08-27 06:08:16,Cleartrip
MAA,BOM,IndiGo,6E-5258,Non-stop,2026-09-26,12:45,14:45,7540.0,7180.95,359.05,INR,2026-08-27 06:08:01,Cleartrip
MAA,BOM,IndiGo,6E-5371,Non-stop,2026-09-26,14:45,16:40,7540.0,7180.95,359.05,INR,2026-08-27 06:08:00,Cleartrip
MAA,BOM,IndiGo,6E-5314,Non-stop,2026-09-26,06:45,08:45,7540.0,7180.95,359.05,INR,2026-08-27 06:08:00,Cleartrip
MAA,BOM,IndiGo,6E-6348,Non-stop,2026-09-26,09:00,10:50,7540.0,7180.95,359.05,INR,2026-08-27 06:08:00,Cleartrip
MAA,BOM,IndiGo,6E-5149,Non-stop,2026-10-11,20:15,22:15,7540.0,7180.95,359.05,INR,2026-08-27 06:08:16,Cleartrip
MAA,BOM,IndiGo,6E-6140,Non-stop,2026-09-26,02:30,04:45,7540.0,7180.95,359.05,INR,2026-08-27 06:08:01,Cleartrip
MAA,BOM,IndiGo,6E-5214,Non-stop,2026-09-26,11:00,13:00,7540.0,7180.95,359.05,INR,2026-08-27 06:08:00,Cleartrip
MAA,BOM,IndiGo,6E-6225,Non-stop,2026-09-26,22:30,00:30,7540.0,7180.95,359.05,INR,2026-08-27 06:08:01,Cleartrip
MAA,BOM,IndiGo,6E-5104,Non-stop,2026-09-26,16:40,18:40,7540.0,7180.95,359.05,INR,2026-08-27 06:08:01,Cleartrip
BLR,HYD,Air India Express,IX-2819,Non-stop,2026-08-28,12:30,13:45,7554.0,7194.29,359.71,INR,2026-08-27 06:04:22,Cleartrip
BLR,HYD,Air India Express,IX-2051,Non-stop,2026-08-28,10:55,12:05,7554.0,7194.29,359.71,INR,2026-08-27 06:04:22,Cleartrip
HYD,BOM,Air India,AI-2626,Non-stop,2026-08-28,07:25,09:15,7562.0,7201.9,360.1,INR,2026-08-27 06:00:16,Cleartrip
HYD,BOM,IndiGo,6E-5099,Non-stop,2026-08-28,14:15,15:55,7567.0,7206.67,360.33,INR,2026-08-27 06:00:16,Cleartrip
HYD,BOM,IndiGo,6E-5174,Non-stop,2026-08-28,09:30,10:55,7567.0,7206.67,360.33,INR,2026-08-27 06:00:16,Cleartrip
HYD,BOM,IndiGo,6E-6196,Non-stop,2026-08-28,06:30,07:55,7567.0,7206.67,360.33,INR,2026-08-27 06:00:16,Cleartrip
AMD,BOM,IndiGo,6E-868,Non-stop,2026-08-28,21:25,23:00,7573.0,7212.38,360.62,INR,2026-08-27 06:08:33,Cleartrip
DEL,SXR,IndiGo,6E-5339,Non-stop,2026-09-26,09:45,11:20,7633.0,7269.52,363.48,INR,2026-08-27 06:03:49,Cleartrip
DEL,SXR,Air India Express,IX-1012,Non-stop,2026-09-26,06:35,08:00,7634.0,7270.48,363.52,INR,2026-08-27 06:03:49,Cleartrip
DEL,PNQ,Air India Express,IX-1257,Non-stop,2026-10-11,22:25,00:40,7650.0,7285.71,364.29,INR,2026-08-27 05:55:54,Cleartrip
DEL,SXR,IndiGo,6E-6010,1 stop,2026-09-26,11:40,14:20,7660.0,7295.24,364.76,INR,2026-08-27 06:03:49,Cleartrip
BLR,HYD,Unknown,9I-517,Non-stop,2026-08-28,21:50,23:35,7679.0,7313.33,365.67,INR,2026-08-27 06:04:22,Cleartrip
AMD,DEL,Air India,AI-2938,Non-stop,2026-09-03,18:55,20:40,7691.0,7324.76,366.24,INR,2026-08-27 05:57:48,Cleartrip
DEL,CCU,SpiceJet,SG-905,Non-stop,2026-08-28,20:10,22:30,7693.0,7326.67,366.33,INR,2026-08-27 05:56:11,Cleartrip
BLR,CCU,IndiGo,6E-442,Non-stop,2026-09-26,08:10,10:35,7710.0,7342.86,367.14,INR,2026-08-27 06:02:26,Cleartrip
BLR,CCU,IndiGo,6E-503,Non-stop,2026-09-26,10:00,12:35,7710.0,7342.86,367.14,INR,2026-08-27 06:02:26,Cleartrip
BLR,CCU,IndiGo,6E-172,Non-stop,2026-09-26,13:40,16:20,7710.0,7342.86,367.14,INR,2026-08-27 06:02:27,Cleartrip
BLR,CCU,IndiGo,6E-676,Non-stop,2026-09-26,18:30,21:10,7710.0,7342.86,367.14,INR,2026-08-27 06:02:27,Cleartrip
BLR,BOM,IndiGo,6E-5089,Non-stop,2026-09-11,05:30,07:15,7714.0,7346.67,367.33,INR,2026-08-27 05:52:40,Cleartrip
AMD,DEL,IndiGo,6E-7568,1 stop,2026-08-28,16:55,21:25,7788.0,7417.14,370.86,INR,2026-08-27 05:57:32,Cleartrip
DEL,PNQ,IndiGo,6E-2343,Non-stop,2026-10-11,02:20,04:25,7791.0,7420.0,371.0,INR,2026-08-27 05:55:54,Cleartrip
HYD,BOM,IndiGo,6E-2015,Non-stop,2026-08-28,16:40,18:10,7797.0,7425.71,371.29,INR,2026-08-27 06:00:16,Cleartrip
GOI,DEL,IndiGo,6E-6156,1 stop,2026-09-26,00:05,08:40,7849.0,7475.24,373.76,INR,2026-08-27 06:13:29,Cleartrip
DEL,PNQ,Akasa Air,QP-1608,Non-stop,2026-09-11,15:00,17:15,7858.0,7483.81,374.19,INR,2026-08-27 05:55:22,Cleartrip
MAA,DEL,IndiGo,6E-6081,1 stop,2026-09-11,07:05,12:10,7877.0,7501.9,375.1,INR,2026-08-27 05:59:25,Cleartrip
MAA,DEL,IndiGo,6E-6081,1 stop,2026-09-03,07:05,12:10,7877.0,7501.9,375.1,INR,2026-08-27 05:59:09,Cleartrip
DEL,CCU,Akasa Air,QP-1820,1 stop,2026-08-28,17:30,03:25,7889.0,7513.33,375.67,INR,2026-08-27 05:56:11,Cleartrip
DEL,CCU,Akasa Air,QP-1826,1 stop,2026-08-28,19:55,03:25,7889.0,7513.33,375.67,INR,2026-08-27 05:56:11,Cleartrip
DEL,CCU,Akasa Air,QP-1128,1 stop,2026-08-28,16:00,03:25,7889.0,7513.33,375.67,INR,2026-08-27 05:56:11,Cleartrip
BLR,BOM,IndiGo,6E-5218,Non-stop,2026-08-28,13:00,14:50,7907.0,7530.48,376.52,INR,2026-08-27 05:52:08,Cleartrip
BLR,BOM,IndiGo,6E-5069,Non-stop,2026-08-28,11:30,13:20,7907.0,7530.48,376.52,INR,2026-08-27 05:52:08,Cleartrip
BLR,BOM,IndiGo,6E-5351,Non-stop,2026-08-28,14:20,16:05,7907.0,7530.48,376.52,INR,2026-08-27 05:52:08,Cleartrip
BLR,BOM,IndiGo,6E-5237,Non-stop,2026-08-28,10:15,12:05,7907.0,7530.48,376.52,INR,2026-08-27 05:52:08,Cleartrip
BLR,CCU,IndiGo,6E-952,Non-stop,2026-08-28,22:20,01:00,7920.0,7542.86,377.14,INR,2026-08-27 06:01:38,Cleartrip
BLR,CCU,Air India Express,IX-1131,Non-stop,2026-09-26,07:05,09:45,7921.0,7543.81,377.19,INR,2026-08-27 06:02:27,Cleartrip
GOI,DEL,IndiGo,6E-6933,1 stop,2026-09-26,14:45,20:30,7936.0,7558.1,377.9,INR,2026-08-27 06:13:29,Cleartrip
BLR,BOM,Air India,AI-2402,Non-stop,2026-08-28,06:35,08:35,7957.0,7578.1,378.9,INR,2026-08-27 05:52:08,Cleartrip
MAA,BOM,IndiGo,6E-5093,Non-stop,2026-09-26,05:00,06:55,7958.0,7579.05,378.95,INR,2026-08-27 06:08:01,Cleartrip
MAA,BOM,IndiGo,6E-6348,Non-stop,2026-09-11,09:00,10:50,7958.0,7579.05,378.95,INR,2026-08-27 06:07:44,Cleartrip
MAA,BOM,IndiGo,6E-5214,Non-stop,2026-09-11,11:00,13:00,7958.0,7579.05,378.95,INR,2026-08-27 06:07:44,Cleartrip
CCU,BOM,Akasa Air,QP-1126,Non-stop,2026-09-03,23:00,01:40,7975.0,7595.24,379.76,INR,2026-08-27 06:06:03,Cleartrip
GOI,DEL,IndiGo,6E-985,1 stop,2026-09-26,21:40,08:55,7980.0,7600.0,380.0,INR,2026-08-27 06:13:29,Cleartrip
HYD,BOM,IndiGo,6E-5213,Non-stop,2026-08-28,08:00,09:30,7987.0,7606.67,380.33,INR,2026-08-27 06:00:16,Cleartrip
AMD,BOM,IndiGo,6E-6285,Non-stop,2026-09-03,04:00,05:30,7998.0,7617.14,380.86,INR,2026-08-27 06:08:49,Cleartrip
MAA,BOM,Air India,AI-2822,Non-stop,2026-08-28,09:35,11:55,8010.0,7628.57,381.43,INR,2026-08-27 06:07:10,Cleartrip
GOI,DEL,IndiGo,6E-6278,1 stop,2026-09-26,07:10,12:30,8015.0,7633.33,381.67,INR,2026-08-27 06:13:29,Cleartrip
BLR,CCU,IndiGo,6E-638,1 stop,2026-09-26,18:35,23:25,8016.0,7634.29,381.71,INR,2026-08-27 06:02:27,Cleartrip
DEL,SXR,IndiGo,6E-2747,Non-stop,2026-09-26,13:40,15:10,8053.0,7669.52,383.48,INR,2026-08-27 06:03:49,Cleartrip
DEL,SXR,IndiGo,6E-2044,Non-stop,2026-09-26,07:40,09:05,8053.0,7669.52,383.48,INR,2026-08-27 06:03:49,Cleartrip
DEL,SXR,IndiGo,6E-6050,1 stop,2026-09-26,08:15,14:10,8058.0,7674.29,383.71,INR,2026-08-27 06:03:49,Cleartrip
BLR,BOM,Air India,AI-2604,Non-stop,2026-08-28,09:15,11:15,8085.0,7700.0,385.0,INR,2026-08-27 05:52:08,Cleartrip
HYD,BOM,Unknown,S5-395,Non-stop,2026-08-28,18:00,19:20,8085.0,7700.0,385.0,INR,2026-08-27 06:00:16,Cleartrip
BLR,BOM,Air India,AI-2811,Non-stop,2026-09-11,23:40,01:45,8096.0,7710.48,385.52,INR,2026-08-27 05:52:40,Cleartrip
DEL,SXR,IndiGo,6E-2496,Non-stop,2026-10-11,12:40,14:05,8099.0,7713.33,385.67,INR,2026-08-27 06:04:06,Cleartrip
DEL,SXR,IndiGo,6E-5339,Non-stop,2026-10-11,09:45,11:20,8099.0,7713.33,385.67,INR,2026-08-27 06:04:06,Cleartrip
DEL,SXR,Air India Express,IX-1017,Non-stop,2026-10-11,14:30,16:00,8100.0,7714.29,385.71,INR,2026-08-27 06:04:06,Cleartrip
DEL,SXR,Air India Express,IX-1980,Non-stop,2026-10-11,09:55,11:30,8100.0,7714.29,385.71,INR,2026-08-27 06:04:06,Cleartrip
MAA,BOM,Akasa Air,QP-1146,Non-stop,2026-08-28,13:35,15:40,8110.0,7723.81,386.19,INR,2026-08-27 06:07:10,Cleartrip
CCU,BOM,Akasa Air,QP-1126,Non-stop,2026-09-11,23:00,01:40,8113.0,7726.67,386.33,INR,2026-08-27 06:06:20,Cleartrip
DEL,SXR,Air India Express,IX-1074,1 stop,2026-09-26,11:00,13:45,8139.0,7751.43,387.57,INR,2026-08-27 06:03:49,Cleartrip
BLR,BOM,Akasa Air,QP-1517,Non-stop,2026-09-11,07:40,09:25,8190.0,7800.0,390.0,INR,2026-08-27 05:52:40,Cleartrip
BLR,BOM,Akasa Air,QP-1528,Non-stop,2026-08-28,10:20,12:10,8190.0,7800.0,390.0,INR,2026-08-27 05:52:08,Cleartrip
DEL,SXR,IndiGo,6E-6092,1 stop,2026-10-11,08:00,10:35,8191.0,7800.95,390.05,INR,2026-08-27 06:04:06,Cleartrip
BLR,HYD,Air India Express,IX-1250,Non-stop,2026-08-28,19:15,20:35,8201.0,7810.48,390.52,INR,2026-08-27 06:04:22,Cleartrip
BLR,HYD,Air India Express,IX-2018,Non-stop,2026-08-28,06:00,07:25,8201.0,7810.48,390.52,INR,2026-08-27 06:04:22,Cleartrip
BLR,HYD,Air India Express,IX-2506,Non-stop,2026-08-28,17:20,18:40,8201.0,7810.48,390.52,INR,2026-08-27 06:04:22,Cleartrip
BLR,BOM,Air India,AI-2846,Non-stop,2026-08-28,08:05,10:05,8212.0,7820.95,391.05,INR,2026-08-27 05:52:08,Cleartrip
DEL,GAU,Air India Express,IX-1671,Non-stop,2026-09-11,20:00,22:30,8220.0,7828.57,391.43,INR,2026-08-27 06:14:35,Cleartrip
DEL,GAU,IndiGo,6E-5215,Non-stop,2026-09-26,07:45,10:10,8220.0,7828.57,391.43,INR,2026-08-27 06:14:51,Cleartrip
DEL,GAU,Air India Express,IX-1671,Non-stop,2026-09-26,20:00,22:30,8220.0,7828.57,391.43,INR,2026-08-27 06:14:52,Cleartrip
DEL,GAU,Air India Express,IX-1085,Non-stop,2026-09-26,12:55,15:35,8220.0,7828.57,391.43,INR,2026-08-27 06:14:52,Cleartrip
DEL,GAU,Air India Express,IX-1041,Non-stop,2026-09-26,18:10,20:40,8220.0,7828.57,391.43,INR,2026-08-27 06:14:52,Cleartrip
DEL,GAU,Air India Express,IX-1032,Non-stop,2026-09-26,05:45,08:35,8220.0,7828.57,391.43,INR,2026-08-27 06:14:52,Cleartrip
DEL,GAU,IndiGo,6E-2203,Non-stop,2026-09-26,04:45,07:10,8220.0,7828.57,391.43,INR,2026-08-27 06:14:51,Cleartrip
DEL,GAU,IndiGo,6E-6048,Non-stop,2026-09-26,20:00,22:25,8220.0,7828.57,391.43,INR,2026-08-27 06:14:51,Cleartrip
DEL,GAU,Air India Express,IX-1069,Non-stop,2026-09-03,10:40,13:25,8220.0,7828.57,391.43,INR,2026-08-27 06:14:18,Cleartrip
DEL,GAU,IndiGo,6E-6048,Non-stop,2026-08-28,20:00,22:25,8220.0,7828.57,391.43,INR,2026-08-27 06:14:01,Cleartrip
DEL,GAU,IndiGo,6E-6048,Non-stop,2026-09-03,20:00,22:25,8220.0,7828.57,391.43,INR,2026-08-27 06:14:18,Cleartrip
DEL,GAU,Air India Express,IX-1085,Non-stop,2026-08-28,12:55,15:35,8220.0,7828.57,391.43,INR,2026-08-27 06:14:02,Cleartrip
DEL,GAU,Air India Express,IX-1671,Non-stop,2026-09-03,20:00,22:30,8220.0,7828.57,391.43,INR,2026-08-27 06:14:18,Cleartrip
DEL,GAU,Air India Express,IX-1032,Non-stop,2026-08-28,05:45,08:35,8220.0,7828.57,391.43,INR,2026-08-27 06:14:02,Cleartrip
DEL,GAU,Air India Express,IX-1035,Non-stop,2026-08-28,07:25,10:00,8220.0,7828.57,391.43,INR,2026-08-27 06:14:02,Cleartrip
DEL,GAU,IndiGo,6E-5041,Non-stop,2026-08-28,15:10,17:35,8220.0,7828.57,391.43,INR,2026-08-27 06:14:01,Cleartrip
DEL,GAU,IndiGo,6E-5215,Non-stop,2026-08-28,07:45,10:10,8220.0,7828.57,391.43,INR,2026-08-27 06:14:01,Cleartrip
DEL,GAU,Air India Express,IX-1041,Non-stop,2026-09-11,18:10,20:40,8220.0,7828.57,391.43,INR,2026-08-27 06:14:35,Cleartrip
DEL,GAU,Air India Express,IX-1032,Non-stop,2026-09-11,05:45,08:35,8220.0,7828.57,391.43,INR,2026-08-27 06:14:35,Cleartrip
DEL,GAU,IndiGo,6E-6048,Non-stop,2026-09-11,20:00,22:25,8220.0,7828.57,391.43,INR,2026-08-27 06:14:34,Cleartrip
DEL,GAU,IndiGo,6E-5041,Non-stop,2026-09-11,15:10,17:35,8220.0,7828.57,391.43,INR,2026-08-27 06:14:34,Cleartrip
DEL,GAU,Air India Express,IX-1069,Non-stop,2026-09-11,10:40,13:25,8220.0,7828.57,391.43,INR,2026-08-27 06:14:35,Cleartrip
DEL,GAU,Air India Express,IX-1085,Non-stop,2026-09-11,12:55,15:35,8220.0,7828.57,391.43,INR,2026-08-27 06:14:35,Cleartrip
DEL,GAU,IndiGo,6E-2203,Non-stop,2026-08-28,04:45,07:10,8220.0,7828.57,391.43,INR,2026-08-27 06:14:01,Cleartrip
DEL,GAU,IndiGo,6E-2203,Non-stop,2026-09-03,04:45,07:10,8220.0,7828.57,391.43,INR,2026-08-27 06:14:18,Cleartrip
DEL,GAU,IndiGo,6E-5041,Non-stop,2026-09-03,15:10,17:35,8220.0,7828.57,391.43,INR,2026-08-27 06:14:18,Cleartrip
DEL,GAU,Air India Express,IX-1041,Non-stop,2026-08-28,18:10,20:40,8220.0,7828.57,391.43,INR,2026-08-27 06:14:01,Cleartrip
DEL,GAU,Air India Express,IX-1085,Non-stop,2026-09-03,12:55,15:35,8220.0,7828.57,391.43,INR,2026-08-27 06:14:18,Cleartrip
DEL,GAU,Air India Express,IX-1032,Non-stop,2026-09-03,05:45,08:35,8220.0,7828.57,391.43,INR,2026-08-27 06:14:18,Cleartrip
DEL,GAU,Air India Express,IX-1041,Non-stop,2026-09-03,18:10,20:40,8220.0,7828.57,391.43,INR,2026-08-27 06:14:18,Cleartrip
DEL,GAU,IndiGo,6E-5215,Non-stop,2026-09-03,07:45,10:10,8220.0,7828.57,391.43,INR,2026-08-27 06:14:18,Cleartrip
DEL,GAU,IndiGo,6E-2203,Non-stop,2026-09-11,04:45,07:10,8220.0,7828.57,391.43,INR,2026-08-27 06:14:34,Cleartrip
BLR,CCU,IndiGo,6E-975,Non-stop,2026-08-28,20:20,23:00,8235.0,7842.86,392.14,INR,2026-08-27 06:01:38,Cleartrip
BLR,CCU,IndiGo,6E-676,Non-stop,2026-08-28,18:30,21:10,8235.0,7842.86,392.14,INR,2026-08-27 06:01:38,Cleartrip
CCU,BOM,Akasa Air,QP-1108,Non-stop,2026-09-26,17:05,20:05,8252.0,7859.05,392.95,INR,2026-08-27 06:06:36,Cleartrip
CCU,BOM,Akasa Air,QP-1126,Non-stop,2026-09-26,23:00,01:40,8252.0,7859.05,392.95,INR,2026-08-27 06:06:36,Cleartrip
CCU,BOM,Akasa Air,QP-1136,Non-stop,2026-09-03,05:00,07:45,8252.0,7859.05,392.95,INR,2026-08-27 06:06:03,Cleartrip
MAA,BOM,IndiGo,6E-2133,Non-stop,2026-09-03,21:55,23:40,8253.0,7860.0,393.0,INR,2026-08-27 06:07:27,Cleartrip
AMD,DEL,Air India,AI-2906,Non-stop,2026-08-28,06:30,08:15,8253.0,7860.0,393.0,INR,2026-08-27 05:57:32,Cleartrip
BLR,BOM,IndiGo,6E-2086,Non-stop,2026-08-28,09:20,10:55,8277.0,7882.86,394.14,INR,2026-08-27 05:52:08,Cleartrip
DEL,SXR,IndiGo,6E-6474,1 stop,2026-10-11,07:20,10:35,8295.0,7900.0,395.0,INR,2026-08-27 06:04:06,Cleartrip
DEL,PNQ,IndiGo,6E-2132,Non-stop,2026-10-11,09:40,11:45,8316.0,7920.0,396.0,INR,2026-08-27 05:55:54,Cleartrip
MAA,DEL,Air India Express,IX-1354,1 stop,2026-09-11,14:40,22:10,8355.0,7957.14,397.86,INR,2026-08-27 05:59:25,Cleartrip
MAA,DEL,Air India Express,IX-1385,2 stop,2026-08-28,08:45,17:40,8355.0,7957.14,397.86,INR,2026-08-27 05:58:53,Cleartrip
MAA,DEL,IndiGo,6E-401,1 stop,2026-09-11,08:10,16:10,8381.0,7981.9,399.1,INR,2026-08-27 05:59:26,Cleartrip
CCU,BOM,Akasa Air,QP-1136,Non-stop,2026-09-11,05:00,07:45,8396.0,7996.19,399.81,INR,2026-08-27 06:06:20,Cleartrip
CCU,BOM,Akasa Air,QP-1136,Non-stop,2026-08-28,05:10,07:45,8396.0,7996.19,399.81,INR,2026-08-27 06:05:46,Cleartrip
CCU,BOM,Akasa Air,QP-1126,Non-stop,2026-08-28,23:00,01:40,8396.0,7996.19,399.81,INR,2026-08-27 06:05:46,Cleartrip
AMD,BOM,IndiGo,6E-7018,Non-stop,2026-08-28,19:10,20:50,8399.0,7999.05,399.95,INR,2026-08-27 06:08:33,Cleartrip
MAA,BOM,IndiGo,6E-5314,Non-stop,2026-09-11,06:45,08:45,8407.0,8006.67,400.33,INR,2026-08-27 06:07:44,Cleartrip
MAA,BOM,IndiGo,6E-5258,Non-stop,2026-09-03,12:45,14:45,8407.0,8006.67,400.33,INR,2026-08-27 06:07:27,Cleartrip
MAA,BOM,IndiGo,6E-6140,Non-stop,2026-08-28,02:30,04:35,8407.0,8006.67,400.33,INR,2026-08-27 06:07:10,Cleartrip
MAA,DEL,IndiGo,6E-6797,1 stop,2026-10-11,13:10,18:45,8420.0,8019.05,400.95,INR,2026-08-27 05:59:59,Cleartrip
DEL,GAU,Air India Express,IX-1035,Non-stop,2026-09-26,08:10,10:40,8420.0,8019.05,400.95,INR,2026-08-27 06:14:52,Cleartrip
DEL,GAU,Air India Express,IX-1069,Non-stop,2026-09-26,11:00,13:30,8420.0,8019.05,400.95,INR,2026-08-27 06:14:52,Cleartrip
DEL,GAU,Air India Express,IX-1035,Non-stop,2026-09-11,07:30,10:00,8420.0,8019.05,400.95,INR,2026-08-27 06:14:35,Cleartrip
GOI,BOM,IndiGo,6E-2175,Non-stop,2026-10-11,06:40,08:05,8427.0,8025.71,401.29,INR,2026-08-27 06:16:32,Cleartrip
MAA,BOM,Air India,AI-2828,Non-stop,2026-09-11,05:55,08:15,8430.0,8028.57,401.43,INR,2026-08-27 06:07:44,Cleartrip
MAA,BOM,Air India,AI-2779,Non-stop,2026-08-28,07:00,09:10,8430.0,8028.57,401.43,INR,2026-08-27 06:07:10,Cleartrip
BLR,CCU,Air India Express,IX-1871,Non-stop,2026-08-28,19:10,21:40,8445.0,8042.86,402.14,INR,2026-08-27 06:01:38,Cleartrip
GOI,BOM,IndiGo,6E-6360,Non-stop,2026-10-11,21:45,23:00,8447.0,8044.76,402.24,INR,2026-08-27 06:16:32,Cleartrip
GOI,BOM,IndiGo,6E-7078,Non-stop,2026-10-11,19:50,21:20,8447.0,8044.76,402.24,INR,2026-08-27 06:16:32,Cleartrip
MAA,DEL,IndiGo,6E-253,1 stop,2026-09-11,03:10,09:40,8447.0,8044.76,402.24,INR,2026-08-27 05:59:26,Cleartrip
MAA,DEL,IndiGo,6E-495,1 stop,2026-09-11,07:10,12:30,8447.0,8044.76,402.24,INR,2026-08-27 05:59:26,Cleartrip
MAA,DEL,IndiGo,6E-6925,1 stop,2026-09-11,12:00,16:55,8447.0,8044.76,402.24,INR,2026-08-27 05:59:26,Cleartrip
MAA,DEL,IndiGo,6E-607,1 stop,2026-09-11,05:40,11:05,8447.0,8044.76,402.24,INR,2026-08-27 05:59:26,Cleartrip
MAA,DEL,IndiGo,6E-834,1 stop,2026-09-11,09:05,13:55,8447.0,8044.76,402.24,INR,2026-08-27 05:59:26,Cleartrip
AMD,BOM,IndiGo,6E-6351,Non-stop,2026-08-28,23:15,00:30,8468.0,8064.76,403.24,INR,2026-08-27 06:08:33,Cleartrip
DEL,SXR,IndiGo,6E-5120,Non-stop,2026-10-11,08:25,09:45,8473.0,8069.52,403.48,INR,2026-08-27 06:04:06,Cleartrip
GOI,BOM,Akasa Air,QP-1176,Non-stop,2026-10-11,20:30,21:55,8516.0,8110.48,405.52,INR,2026-08-27 06:16:32,Cleartrip
CCU,BOM,Akasa Air,QP-1136,Non-stop,2026-09-26,05:00,07:45,8541.0,8134.29,406.71,INR,2026-08-27 06:06:36,Cleartrip
DEL,GAU,IndiGo,6E-5041,Non-stop,2026-09-26,15:10,17:35,8620.0,8209.52,410.48,INR,2026-08-27 06:14:52,Cleartrip
MAA,DEL,IndiGo,6E-561,1 stop,2026-10-11,22:20,04:00,8630.0,8219.05,410.95,INR,2026-08-27 05:59:59,Cleartrip
MAA,DEL,IndiGo,6E-607,1 stop,2026-10-11,05:40,11:05,8630.0,8219.05,410.95,INR,2026-08-27 05:59:59,Cleartrip
MAA,DEL,IndiGo,6E-6158,1 stop,2026-10-11,16:10,21:40,8630.0,8219.05,410.95,INR,2026-08-27 05:59:59,Cleartrip
MAA,DEL,IndiGo,6E-916,1 stop,2026-10-11,01:10,07:15,8630.0,8219.05,410.95,INR,2026-08-27 05:59:59,Cleartrip
MAA,DEL,IndiGo,6E-834,1 stop,2026-10-11,09:05,13:55,8630.0,8219.05,410.95,INR,2026-08-27 05:59:59,Cleartrip
MAA,DEL,IndiGo,6E-6487,1 stop,2026-10-11,21:25,02:05,8630.0,8219.05,410.95,INR,2026-08-27 05:59:59,Cleartrip
MAA,DEL,IndiGo,6E-6079,1 stop,2026-10-11,10:15,16:20,8630.0,8219.05,410.95,INR,2026-08-27 05:59:59,Cleartrip
MAA,DEL,IndiGo,6E-848,1 stop,2026-10-11,17:50,23:30,8630.0,8219.05,410.95,INR,2026-08-27 05:59:59,Cleartrip
MAA,DEL,IndiGo,6E-495,1 stop,2026-10-11,07:10,12:30,8630.0,8219.05,410.95,INR,2026-08-27 05:59:59,Cleartrip
MAA,DEL,IndiGo,6E-562,1 stop,2026-10-11,18:20,23:25,8630.0,8219.05,410.95,INR,2026-08-27 05:59:59,Cleartrip
GOI,BOM,IndiGo,6E-5231,Non-stop,2026-10-11,16:30,17:50,8637.0,8225.71,411.29,INR,2026-08-27 06:16:32,Cleartrip
AMD,BOM,Air India,AI-2918,Non-stop,2026-09-03,06:00,07:45,8649.0,8237.14,411.86,INR,2026-08-27 06:08:49,Cleartrip
BLR,DEL,IndiGo,6E-2518,Non-stop,2026-09-03,09:20,12:10,8659.0,8246.67,412.33,INR,2026-08-27 05:51:00,Cleartrip
BLR,DEL,IndiGo,6E-849,Non-stop,2026-09-03,08:15,11:05,8659.0,8246.67,412.33,INR,2026-08-27 05:51:00,Cleartrip
BLR,DEL,IndiGo,6E-836,Non-stop,2026-09-03,05:05,07:55,8659.0,8246.67,412.33,INR,2026-08-27 05:51:00,Cleartrip
BLR,DEL,IndiGo,6E-175,Non-stop,2026-09-03,10:45,13:35,8659.0,8246.67,412.33,INR,2026-08-27 05:51:00,Cleartrip
BLR,DEL,Akasa Air,QP-1359,Non-stop,2026-09-03,05:00,07:50,8659.0,8246.67,412.33,INR,2026-08-27 05:51:00,Cleartrip
BLR,DEL,IndiGo,6E-2518,Non-stop,2026-09-26,09:20,12:10,8659.0,8246.67,412.33,INR,2026-08-27 05:51:34,Cleartrip
BLR,DEL,IndiGo,6E-869,Non-stop,2026-09-26,13:10,16:05,8659.0,8246.67,412.33,INR,2026-08-27 05:51:34,Cleartrip
BLR,DEL,IndiGo,6E-2313,Non-stop,2026-08-28,23:30,02:20,8659.0,8246.67,412.33,INR,2026-08-27 05:50:43,Cleartrip
BLR,DEL,Akasa Air,QP-1823,Non-stop,2026-09-03,06:05,08:50,8659.0,8246.67,412.33,INR,2026-08-27 05:51:00,Cleartrip
BLR,DEL,IndiGo,6E-817,Non-stop,2026-09-26,20:40,23:30,8659.0,8246.67,412.33,INR,2026-08-27 05:51:34,Cleartrip
BLR,DEL,IndiGo,6E-2313,Non-stop,2026-09-26,23:30,02:20,8659.0,8246.67,412.33,INR,2026-08-27 05:51:34,Cleartrip
BLR,DEL,IndiGo,6E-849,Non-stop,2026-09-26,08:15,11:05,8659.0,8246.67,412.33,INR,2026-08-27 05:51:34,Cleartrip
BLR,DEL,Air India Express,IX-2410,Non-stop,2026-08-28,22:15,01:05,8659.0,8246.67,412.33,INR,2026-08-27 05:50:43,Cleartrip
BLR,DEL,IndiGo,6E-804,Non-stop,2026-09-03,03:00,05:50,8659.0,8246.67,412.33,INR,2026-08-27 05:51:00,Cleartrip
BLR,DEL,IndiGo,6E-869,Non-stop,2026-09-11,13:10,16:05,8659.0,8246.67,412.33,INR,2026-08-27 05:51:18,Cleartrip
BLR,DEL,IndiGo,6E-840,Non-stop,2026-09-11,13:55,16:45,8659.0,8246.67,412.33,INR,2026-08-27 05:51:18,Cleartrip
BLR,DEL,Air India Express,IX-1040,Non-stop,2026-09-11,14:40,17:30,8659.0,8246.67,412.33,INR,2026-08-27 05:51:18,Cleartrip
BLR,DEL,IndiGo,6E-870,Non-stop,2026-09-26,19:30,22:15,8659.0,8246.67,412.33,INR,2026-08-27 05:51:34,Cleartrip
BLR,DEL,IndiGo,6E-2518,Non-stop,2026-09-11,09:20,12:10,8659.0,8246.67,412.33,INR,2026-08-27 05:51:17,Cleartrip
BLR,DEL,Akasa Air,QP-1821,Non-stop,2026-09-11,13:05,16:00,8659.0,8246.67,412.33,INR,2026-08-27 05:51:18,Cleartrip
BLR,DEL,IndiGo,6E-840,Non-stop,2026-09-03,13:55,16:45,8659.0,8246.67,412.33,INR,2026-08-27 05:51:00,Cleartrip
BLR,DEL,IndiGo,6E-840,Non-stop,2026-09-26,13:55,16:45,8659.0,8246.67,412.33,INR,2026-08-27 05:51:34,Cleartrip
BLR,DEL,IndiGo,6E-2455,Non-stop,2026-09-03,06:25,08:45,8659.0,8246.67,412.33,INR,2026-08-27 05:51:00,Cleartrip
BLR,DEL,IndiGo,6E-6034,Non-stop,2026-09-26,18:15,21:05,8659.0,8246.67,412.33,INR,2026-08-27 05:51:34,Cleartrip
BLR,DEL,IndiGo,6E-860,Non-stop,2026-09-26,15:45,18:35,8659.0,8246.67,412.33,INR,2026-08-27 05:51:34,Cleartrip
BLR,DEL,IndiGo,6E-836,Non-stop,2026-09-26,05:05,07:55,8659.0,8246.67,412.33,INR,2026-08-27 05:51:34,Cleartrip
BLR,DEL,Air India Express,IX-1040,Non-stop,2026-09-03,14:40,17:30,8659.0,8246.67,412.33,INR,2026-08-27 05:51:00,Cleartrip
BLR,DEL,IndiGo,6E-809,Non-stop,2026-09-03,12:00,14:50,8659.0,8246.67,412.33,INR,2026-08-27 05:51:00,Cleartrip
BLR,DEL,IndiGo,6E-809,Non-stop,2026-09-26,12:00,14:50,8659.0,8246.67,412.33,INR,2026-08-27 05:51:34,Cleartrip
BLR,DEL,IndiGo,6E-6406,Non-stop,2026-08-28,22:00,00:50,8659.0,8246.67,412.33,INR,2026-08-27 05:50:42,Cleartrip
DEL,GAU,Air India,AI-2947,Non-stop,2026-08-28,14:30,17:05,8670.0,8257.14,412.86,INR,2026-08-27 06:14:02,Cleartrip
DEL,GAU,Air India,AI-879,Non-stop,2026-08-28,06:40,09:15,8670.0,8257.14,412.86,INR,2026-08-27 06:14:02,Cleartrip
DEL,GAU,Air India,AI-879,Non-stop,2026-09-26,06:40,09:15,8670.0,8257.14,412.86,INR,2026-08-27 06:14:52,Cleartrip
DEL,GAU,Air India,AI-1755,Non-stop,2026-09-03,14:30,17:00,8670.0,8257.14,412.86,INR,2026-08-27 06:14:18,Cleartrip
DEL,GAU,Air India,AI-1755,Non-stop,2026-09-11,14:30,17:00,8670.0,8257.14,412.86,INR,2026-08-27 06:14:35,Cleartrip
DEL,GAU,Air India,AI-879,Non-stop,2026-09-03,06:40,09:15,8670.0,8257.14,412.86,INR,2026-08-27 06:14:19,Cleartrip
CCU,BOM,Akasa Air,QP-1108,Non-stop,2026-08-28,17:05,19:50,8691.0,8277.14,413.86,INR,2026-08-27 06:05:46,Cleartrip
MAA,BOM,IndiGo,6E-2133,Non-stop,2026-08-28,21:55,23:40,8732.0,8316.19,415.81,INR,2026-08-27 06:07:10,Cleartrip
MAA,DEL,Air India Express,IX-1354,1 stop,2026-09-03,14:40,00:05,8756.0,8339.05,416.95,INR,2026-08-27 05:59:09,Cleartrip
AMD,BOM,Air India,AI-2494,Non-stop,2026-08-28,21:30,23:15,8792.0,8373.33,418.67,INR,2026-08-27 06:08:33,Cleartrip
BLR,DEL,Akasa Air,QP-1823,Non-stop,2026-09-11,06:05,08:50,8800.0,8380.95,419.05,INR,2026-08-27 05:51:18,Cleartrip
GOI,BOM,Air India,AI-604,Non-stop,2026-10-11,07:05,08:30,8831.0,8410.48,420.52,INR,2026-08-27 06:16:32,Cleartrip
AMD,BOM,IndiGo,6E-868,Non-stop,2026-09-03,21:25,23:00,8833.0,8412.38,420.62,INR,2026-08-27 06:08:49,Cleartrip
CCU,BOM,IndiGo,6E-2122,Non-stop,2026-09-03,07:40,10:15,8855.0,8433.33,421.67,INR,2026-08-27 06:06:03,Cleartrip
CCU,BOM,IndiGo,6E-2122,Non-stop,2026-09-11,07:40,10:15,8855.0,8433.33,421.67,INR,2026-08-27 06:06:20,Cleartrip
CCU,BOM,IndiGo,6E-2122,Non-stop,2026-08-28,07:40,10:15,8855.0,8433.33,421.67,INR,2026-08-27 06:05:46,Cleartrip
CCU,BOM,IndiGo,6E-2122,Non-stop,2026-09-26,07:40,10:15,8855.0,8433.33,421.67,INR,2026-08-27 06:06:36,Cleartrip
MAA,BOM,IndiGo,6E-5214,Non-stop,2026-09-03,11:00,13:00,8887.0,8463.81,423.19,INR,2026-08-27 06:07:27,Cleartrip
MAA,BOM,IndiGo,6E-5258,Non-stop,2026-08-28,12:45,14:45,8887.0,8463.81,423.19,INR,2026-08-27 06:07:10,Cleartrip
MAA,BOM,IndiGo,6E-5371,Non-stop,2026-09-03,14:45,16:40,8887.0,8463.81,423.19,INR,2026-08-27 06:07:27,Cleartrip
MAA,BOM,IndiGo,6E-5314,Non-stop,2026-08-28,06:45,08:45,8887.0,8463.81,423.19,INR,2026-08-27 06:07:10,Cleartrip
MAA,BOM,IndiGo,6E-5214,Non-stop,2026-08-28,11:00,13:00,8887.0,8463.81,423.19,INR,2026-08-27 06:07:10,Cleartrip
BLR,HYD,Air India Express,IX-2935,Non-stop,2026-08-28,08:55,10:20,8919.0,8494.29,424.71,INR,2026-08-27 06:04:22,Cleartrip
DEL,GAU,IndiGo,6E-5215,Non-stop,2026-09-11,07:45,10:10,8920.0,8495.24,424.76,INR,2026-08-27 06:14:35,Cleartrip
DEL,PNQ,IndiGo,6E-6673,Non-stop,2026-10-11,21:15,23:20,8946.0,8520.0,426.0,INR,2026-08-27 05:55:54,Cleartrip
CCU,BOM,IndiGo,6E-5227,Non-stop,2026-09-26,13:45,16:30,8955.0,8528.57,426.43,INR,2026-08-27 06:06:37,Cleartrip
CCU,BOM,IndiGo,6E-5183,Non-stop,2026-09-26,09:15,11:45,8955.0,8528.57,426.43,INR,2026-08-27 06:06:37,Cleartrip
CCU,BOM,IndiGo,6E-6206,Non-stop,2026-08-28,16:15,19:05,8955.0,8528.57,426.43,INR,2026-08-27 06:05:47,Cleartrip
CCU,BOM,IndiGo,6E-5288,Non-stop,2026-08-28,11:35,14:35,8955.0,8528.57,426.43,INR,2026-08-27 06:05:47,Cleartrip
CCU,BOM,IndiGo,6E-115,Non-stop,2026-08-28,21:40,00:25,8955.0,8528.57,426.43,INR,2026-08-27 06:05:47,Cleartrip
CCU,BOM,IndiGo,6E-5128,Non-stop,2026-08-28,18:45,21:30,8955.0,8528.57,426.43,INR,2026-08-27 06:05:47,Cleartrip
CCU,BOM,IndiGo,6E-5227,Non-stop,2026-08-28,13:45,16:30,8955.0,8528.57,426.43,INR,2026-08-27 06:05:46,Cleartrip
CCU,BOM,IndiGo,6E-5227,Non-stop,2026-09-03,13:45,16:30,8955.0,8528.57,426.43,INR,2026-08-27 06:06:03,Cleartrip
CCU,BOM,IndiGo,6E-5183,Non-stop,2026-09-03,09:15,11:45,8955.0,8528.57,426.43,INR,2026-08-27 06:06:03,Cleartrip
CCU,BOM,IndiGo,6E-5194,Non-stop,2026-08-28,06:25,09:15,8955.0,8528.57,426.43,INR,2026-08-27 06:05:47,Cleartrip
CCU,BOM,IndiGo,6E-5194,Non-stop,2026-09-11,06:25,09:15,8955.0,8528.57,426.43,INR,2026-08-27 06:06:20,Cleartrip
CCU,BOM,IndiGo,6E-115,Non-stop,2026-09-11,21:40,00:25,8955.0,8528.57,426.43,INR,2026-08-27 06:06:20,Cleartrip
CCU,BOM,IndiGo,6E-115,Non-stop,2026-09-26,21:40,00:25,8955.0,8528.57,426.43,INR,2026-08-27 06:06:37,Cleartrip
CCU,BOM,IndiGo,6E-6206,Non-stop,2026-09-26,16:15,19:05,8955.0,8528.57,426.43,INR,2026-08-27 06:06:37,Cleartrip
CCU,BOM,IndiGo,6E-5288,Non-stop,2026-09-03,11:35,14:35,8955.0,8528.57,426.43,INR,2026-08-27 06:06:03,Cleartrip
CCU,BOM,IndiGo,6E-115,Non-stop,2026-09-03,21:40,00:25,8955.0,8528.57,426.43,INR,2026-08-27 06:06:03,Cleartrip
CCU,BOM,IndiGo,6E-5194,Non-stop,2026-09-03,06:25,09:15,8955.0,8528.57,426.43,INR,2026-08-27 06:06:03,Cleartrip
CCU,BOM,IndiGo,6E-5183,Non-stop,2026-08-28,09:15,11:45,8955.0,8528.57,426.43,INR,2026-08-27 06:05:46,Cleartrip
CCU,BOM,IndiGo,6E-5194,Non-stop,2026-09-26,06:25,09:15,8955.0,8528.57,426.43,INR,2026-08-27 06:06:37,Cleartrip
MAA,DEL,Air India Express,IX-2975,1 stop,2026-09-03,06:30,17:30,8966.0,8539.05,426.95,INR,2026-08-27 05:59:09,Cleartrip
MAA,DEL,Air India Express,IX-2507,1 stop,2026-08-28,16:30,07:40,8966.0,8539.05,426.95,INR,2026-08-27 05:58:53,Cleartrip
MAA,DEL,Air India Express,IX-2786,1 stop,2026-09-03,07:25,17:30,8966.0,8539.05,426.95,INR,2026-08-27 05:59:09,Cleartrip
MAA,DEL,Air India Express,IX-1385,1 stop,2026-09-03,08:55,17:30,8966.0,8539.05,426.95,INR,2026-08-27 05:59:09,Cleartrip
MAA,DEL,IndiGo,6E-6081,1 stop,2026-09-26,07:05,12:10,9017.0,8587.62,429.38,INR,2026-08-27 05:59:42,Cleartrip
BLR,CCU,Air India Express,IX-1131,Non-stop,2026-08-28,07:05,09:35,9075.0,8642.86,432.14,INR,2026-08-27 06:01:38,Cleartrip
BLR,DEL,Akasa Air,QP-1307,Non-stop,2026-08-28,17:20,20:15,9086.0,8653.33,432.67,INR,2026-08-27 05:50:43,Cleartrip
BLR,DEL,Akasa Air,QP-1359,Non-stop,2026-09-11,05:00,07:50,9086.0,8653.33,432.67,INR,2026-08-27 05:51:18,Cleartrip
MAA,DEL,IndiGo,6E-991,1 stop,2026-09-03,09:30,14:55,9087.0,8654.29,432.71,INR,2026-08-27 05:59:09,Cleartrip
MAA,DEL,IndiGo,6E-495,1 stop,2026-09-03,07:10,12:30,9087.0,8654.29,432.71,INR,2026-08-27 05:59:09,Cleartrip
MAA,DEL,IndiGo,6E-607,1 stop,2026-09-03,05:40,11:05,9087.0,8654.29,432.71,INR,2026-08-27 05:59:09,Cleartrip
MAA,DEL,IndiGo,6E-502,1 stop,2026-09-03,11:10,17:00,9087.0,8654.29,432.71,INR,2026-08-27 05:59:09,Cleartrip
MAA,DEL,IndiGo,6E-6487,1 stop,2026-09-03,21:25,02:05,9087.0,8654.29,432.71,INR,2026-08-27 05:59:09,Cleartrip
GOI,DEL,IndiGo,6E-2413,Non-stop,2026-10-11,22:00,00:25,9094.0,8660.95,433.05,INR,2026-08-27 06:13:45,Cleartrip
GOI,BOM,IndiGo,6E-6278,Non-stop,2026-10-11,07:10,08:35,9113.0,8679.05,433.95,INR,2026-08-27 06:16:32,Cleartrip
GOI,BOM,Air India Express,IX-1209,Non-stop,2026-10-11,22:35,00:05,9114.0,8680.0,434.0,INR,2026-08-27 06:16:32,Cleartrip
BLR,DEL,IndiGo,6E-817,Non-stop,2026-08-28,20:40,23:30,9115.0,8680.95,434.05,INR,2026-08-27 05:50:43,Cleartrip
BLR,DEL,IndiGo,6E-6039,Non-stop,2026-08-28,17:00,19:50,9115.0,8680.95,434.05,INR,2026-08-27 05:50:43,Cleartrip
BLR,DEL,IndiGo,6E-870,Non-stop,2026-08-28,19:30,22:15,9115.0,8680.95,434.05,INR,2026-08-27 05:50:43,Cleartrip
BLR,DEL,IndiGo,6E-175,Non-stop,2026-09-11,10:45,13:35,9115.0,8680.95,434.05,INR,2026-08-27 05:51:18,Cleartrip
BLR,DEL,IndiGo,6E-830,Non-stop,2026-09-11,09:30,12:30,9115.0,8680.95,434.05,INR,2026-08-27 05:51:18,Cleartrip
BLR,DEL,Air India,AI-2511,Non-stop,2026-09-11,15:00,18:00,9130.0,8695.24,434.76,INR,2026-08-27 05:51:18,Cleartrip
BLR,DEL,Air India,AI-2501,Non-stop,2026-08-28,23:30,02:25,9130.0,8695.24,434.76,INR,2026-08-27 05:50:43,Cleartrip
BLR,DEL,Air India,AI-2418,Non-stop,2026-08-28,16:30,19:25,9130.0,8695.24,434.76,INR,2026-08-27 05:50:43,Cleartrip
BLR,DEL,Air India,AI-2488,Non-stop,2026-08-28,22:30,01:25,9130.0,8695.24,434.76,INR,2026-08-27 05:50:43,Cleartrip
BLR,DEL,Air India,AI-2798,Non-stop,2026-08-28,20:25,23:25,9130.0,8695.24,434.76,INR,2026-08-27 05:50:43,Cleartrip
MAA,BOM,Air India,AI-2740,Non-stop,2026-09-11,16:00,18:20,9174.0,8737.14,436.86,INR,2026-08-27 06:07:44,Cleartrip
BLR,CCU,IndiGo,6E-6039,1 stop,2026-10-11,17:00,00:05,9193.0,8755.24,437.76,INR,2026-08-27 06:02:43,Cleartrip
BLR,DEL,Unknown,S5-183,1 stop,2026-09-11,08:00,11:50,9200.0,8761.9,438.1,INR,2026-08-27 05:51:18,Cleartrip
CCU,BOM,Akasa Air,QP-2028,Non-stop,2026-10-11,08:30,11:15,9241.0,8800.95,440.05,INR,2026-08-27 06:06:52,Cleartrip
GOI,BOM,IndiGo,6E-6156,Non-stop,2026-10-11,00:05,01:25,9267.0,8825.71,441.29,INR,2026-08-27 06:16:32,Cleartrip
GOI,DEL,IndiGo,6E-5008,Non-stop,2026-10-11,22:30,01:10,9270.0,8828.57,441.43,INR,2026-08-27 06:13:45,Cleartrip
MAA,DEL,IndiGo,6E-607,1 stop,2026-08-28,05:40,11:05,9288.0,8845.71,442.29,INR,2026-08-27 05:58:53,Cleartrip
MAA,DEL,IndiGo,6E-973,1 stop,2026-08-28,11:55,18:05,9288.0,8845.71,442.29,INR,2026-08-27 05:58:53,Cleartrip
MAA,DEL,IndiGo,6E-502,1 stop,2026-08-28,11:10,17:00,9288.0,8845.71,442.29,INR,2026-08-27 05:58:53,Cleartrip
MAA,DEL,IndiGo,6E-183,1 stop,2026-08-28,16:35,23:15,9288.0,8845.71,442.29,INR,2026-08-27 05:58:53,Cleartrip
MAA,DEL,IndiGo,6E-489,1 stop,2026-08-28,18:15,00:45,9288.0,8845.71,442.29,INR,2026-08-27 05:58:53,Cleartrip
BLR,CCU,IndiGo,6E-6208,1 stop,2026-08-28,12:45,20:35,9305.0,8861.9,443.1,INR,2026-08-27 06:01:38,Cleartrip
BLR,CCU,IndiGo,6E-537,1 stop,2026-08-28,10:15,16:20,9305.0,8861.9,443.1,INR,2026-08-27 06:01:38,Cleartrip
BLR,CCU,IndiGo,6E-356,1 stop,2026-08-28,17:15,23:30,9305.0,8861.9,443.1,INR,2026-08-27 06:01:38,Cleartrip
BLR,CCU,IndiGo,6E-312,1 stop,2026-08-28,09:15,16:20,9305.0,8861.9,443.1,INR,2026-08-27 06:01:38,Cleartrip
BLR,CCU,IndiGo,6E-6404,1 stop,2026-08-28,11:35,16:20,9305.0,8861.9,443.1,INR,2026-08-27 06:01:38,Cleartrip
GOI,DEL,Air India Express,IX-1818,Non-stop,2026-10-11,22:35,01:20,9312.0,8868.57,443.43,INR,2026-08-27 06:13:46,Cleartrip
GOI,DEL,Air India Express,IX-2762,Non-stop,2026-10-11,00:35,03:20,9312.0,8868.57,443.43,INR,2026-08-27 06:13:46,Cleartrip
GOI,DEL,Air India Express,IX-2764,Non-stop,2026-10-11,21:45,00:30,9312.0,8868.57,443.43,INR,2026-08-27 06:13:46,Cleartrip
DEL,GAU,Air India Express,IX-1041,Non-stop,2026-10-11,18:15,20:45,9320.0,8876.19,443.81,INR,2026-08-27 06:15:07,Cleartrip
DEL,GAU,Air India Express,IX-1032,Non-stop,2026-10-11,05:45,08:35,9320.0,8876.19,443.81,INR,2026-08-27 06:15:08,Cleartrip
DEL,GAU,IndiGo,6E-6048,Non-stop,2026-10-11,20:00,22:25,9320.0,8876.19,443.81,INR,2026-08-27 06:15:07,Cleartrip
DEL,GAU,Air India Express,IX-1069,Non-stop,2026-10-11,10:45,13:25,9320.0,8876.19,443.81,INR,2026-08-27 06:15:08,Cleartrip
DEL,GAU,Air India Express,IX-1035,Non-stop,2026-10-11,08:10,10:40,9320.0,8876.19,443.81,INR,2026-08-27 06:15:07,Cleartrip
DEL,GAU,Air India Express,IX-1085,Non-stop,2026-10-11,12:55,15:35,9320.0,8876.19,443.81,INR,2026-08-27 06:15:08,Cleartrip
DEL,GAU,Air India Express,IX-1671,Non-stop,2026-10-11,19:55,22:30,9320.0,8876.19,443.81,INR,2026-08-27 06:15:07,Cleartrip
GOI,BOM,IndiGo,6E-5176,Non-stop,2026-10-11,20:55,22:15,9323.0,8879.05,443.95,INR,2026-08-27 06:16:32,Cleartrip
MAA,BOM,Air India,AI-2779,Non-stop,2026-09-11,07:00,09:10,9361.0,8915.24,445.76,INR,2026-08-27 06:07:44,Cleartrip
MAA,DEL,IndiGo,6E-6005,1 stop,2026-08-28,15:45,22:45,9367.0,8920.95,446.05,INR,2026-08-27 05:58:53,Cleartrip
MAA,DEL,IndiGo,6E-726,1 stop,2026-08-28,18:20,00:55,9367.0,8920.95,446.05,INR,2026-08-27 05:58:53,Cleartrip
MAA,DEL,IndiGo,6E-6892,1 stop,2026-08-28,10:55,16:05,9367.0,8920.95,446.05,INR,2026-08-27 05:58:53,Cleartrip
MAA,BOM,IndiGo,6E-6140,Non-stop,2026-09-03,02:30,04:45,9400.0,8952.38,447.62,INR,2026-08-27 06:07:27,Cleartrip
MAA,BOM,IndiGo,6E-5371,Non-stop,2026-08-28,14:45,16:40,9400.0,8952.38,447.62,INR,2026-08-27 06:07:10,Cleartrip
MAA,BOM,IndiGo,6E-6225,Non-stop,2026-08-28,22:30,00:30,9400.0,8952.38,447.62,INR,2026-08-27 06:07:10,Cleartrip
MAA,BOM,IndiGo,6E-6348,Non-stop,2026-08-28,09:00,10:50,9400.0,8952.38,447.62,INR,2026-08-27 06:07:10,Cleartrip
MAA,BOM,IndiGo,6E-6348,Non-stop,2026-09-03,09:00,10:50,9400.0,8952.38,447.62,INR,2026-08-27 06:07:27,Cleartrip
MAA,BOM,IndiGo,6E-6225,Non-stop,2026-09-11,22:30,00:30,9400.0,8952.38,447.62,INR,2026-08-27 06:07:44,Cleartrip
GOI,BOM,Air India Express,IX-2004,1 stop,2026-10-11,19:00,07:45,9423.0,8974.29,448.71,INR,2026-08-27 06:16:33,Cleartrip
CCU,BOM,Air India,AI-2644,Non-stop,2026-09-03,06:55,09:55,9425.0,8976.19,448.81,INR,2026-08-27 06:06:03,Cleartrip
CCU,BOM,Air India,AI-2472,Non-stop,2026-09-26,15:10,18:15,9425.0,8976.19,448.81,INR,2026-08-27 06:06:37,Cleartrip
CCU,BOM,Air India,AI-2772,Non-stop,2026-09-03,10:30,13:35,9425.0,8976.19,448.81,INR,2026-08-27 06:06:03,Cleartrip
CCU,BOM,Air India,AI-2644,Non-stop,2026-09-26,06:55,09:55,9425.0,8976.19,448.81,INR,2026-08-27 06:06:37,Cleartrip
CCU,BOM,Air India,AI-2644,Non-stop,2026-09-11,06:55,09:55,9425.0,8976.19,448.81,INR,2026-08-27 06:06:20,Cleartrip
CCU,BOM,Akasa Air,QP-1136,Non-stop,2026-10-11,05:00,07:45,9482.0,9030.48,451.52,INR,2026-08-27 06:06:52,Cleartrip
DEL,PNQ,Air India,AI-2609,Non-stop,2026-10-11,23:50,02:05,9497.0,9044.76,452.24,INR,2026-08-27 05:55:54,Cleartrip
DEL,PNQ,Air India,AI-2469,Non-stop,2026-10-11,04:45,06:55,9497.0,9044.76,452.24,INR,2026-08-27 05:55:54,Cleartrip
DEL,PNQ,Air India,AI-2711,Non-stop,2026-10-11,02:00,04:15,9497.0,9044.76,452.24,INR,2026-08-27 05:55:54,Cleartrip
AMD,BOM,IndiGo,6E-5139,Non-stop,2026-09-03,17:05,18:25,9568.0,9112.38,455.62,INR,2026-08-27 06:08:49,Cleartrip
AMD,BOM,IndiGo,6E-5078,Non-stop,2026-09-03,10:55,12:20,9568.0,9112.38,455.62,INR,2026-08-27 06:08:49,Cleartrip
CCU,BOM,IndiGo,6E-6206,Non-stop,2026-09-03,16:15,19:05,9585.0,9128.57,456.43,INR,2026-08-27 06:06:03,Cleartrip
CCU,BOM,IndiGo,6E-6206,Non-stop,2026-09-11,16:15,19:05,9585.0,9128.57,456.43,INR,2026-08-27 06:06:20,Cleartrip
CCU,BOM,IndiGo,6E-5227,Non-stop,2026-09-11,13:45,16:30,9585.0,9128.57,456.43,INR,2026-08-27 06:06:20,Cleartrip
BLR,CCU,IndiGo,6E-223,Non-stop,2026-08-28,17:05,19:55,9600.0,9142.86,457.14,INR,2026-08-27 06:01:38,Cleartrip
BLR,HYD,IndiGo,6E-312,Non-stop,2026-08-28,09:15,10:30,9710.0,9247.62,462.38,INR,2026-08-27 06:04:22,Cleartrip
CCU,BOM,Air India,AI-2482,Non-stop,2026-09-11,20:35,23:45,9724.0,9260.95,463.05,INR,2026-08-27 06:06:20,Cleartrip
CCU,BOM,IndiGo,6E-2122,Non-stop,2026-10-11,07:40,10:15,9815.0,9347.62,467.38,INR,2026-08-27 06:06:52,Cleartrip
DEL,GAU,IndiGo,6E-5041,Non-stop,2026-10-11,15:10,17:35,9820.0,9352.38,467.62,INR,2026-08-27 06:15:08,Cleartrip
CCU,BOM,Akasa Air,QP-1251,Non-stop,2026-10-11,06:00,08:45,9820.0,9352.38,467.62,INR,2026-08-27 06:06:52,Cleartrip
MAA,DEL,Air India Express,IX-1385,2 stop,2026-09-26,08:55,18:15,9856.0,9386.67,469.33,INR,2026-08-27 05:59:42,Cleartrip
DEL,GAU,Air India Express,IX-1461,1 stop,2026-10-11,05:35,18:55,9867.0,9397.14,469.86,INR,2026-08-27 06:15:08,Cleartrip
MAA,DEL,IndiGo,6E-613,Non-stop,2026-09-26,19:00,21:55,9879.0,9408.57,470.43,INR,2026-08-27 05:59:43,Cleartrip
BLR,DEL,IndiGo,6E-2518,Non-stop,2026-10-11,09:20,12:10,9900.0,9428.57,471.43,INR,2026-08-27 05:51:51,Cleartrip
BLR,DEL,IndiGo,6E-2313,Non-stop,2026-10-11,23:30,02:20,9900.0,9428.57,471.43,INR,2026-08-27 05:51:51,Cleartrip
MAA,DEL,IndiGo,6E-2578,Non-stop,2026-09-26,10:25,13:20,9918.0,9445.71,472.29,INR,2026-08-27 05:59:43,Cleartrip
MAA,BOM,IndiGo,6E-6225,Non-stop,2026-09-03,22:30,00:30,9949.0,9475.24,473.76,INR,2026-08-27 06:07:28,Cleartrip
MAA,BOM,IndiGo,6E-5104,Non-stop,2026-09-03,16:40,18:40,9949.0,9475.24,473.76,INR,2026-08-27 06:07:28,Cleartrip
BLR,DEL,Air India Express,IX-1581,1 stop,2026-10-11,18:40,00:10,10005.0,9528.57,476.43,INR,2026-08-27 05:51:51,Cleartrip
AMD,BOM,Air India,AI-2848,Non-stop,2026-09-03,12:00,13:40,10010.0,9533.33,476.67,INR,2026-08-27 06:08:49,Cleartrip
AMD,BOM,Air India,AI-494,Non-stop,2026-09-03,08:45,10:30,10010.0,9533.33,476.67,INR,2026-08-27 06:08:49,Cleartrip
AMD,BOM,Air India,AI-2504,Non-stop,2026-09-03,14:55,16:35,10010.0,9533.33,476.67,INR,2026-08-27 06:08:49,Cleartrip
BLR,CCU,IndiGo,6E-6269,1 stop,2026-10-11,07:15,14:10,10035.0,9557.14,477.86,INR,2026-08-27 06:02:43,Cleartrip
BLR,CCU,IndiGo,6E-6017,1 stop,2026-10-11,18:15,23:30,10035.0,9557.14,477.86,INR,2026-08-27 06:02:43,Cleartrip
BLR,CCU,IndiGo,6E-356,1 stop,2026-10-11,17:15,23:30,10035.0,9557.14,477.86,INR,2026-08-27 06:02:43,Cleartrip
BLR,CCU,IndiGo,6E-904,1 stop,2026-10-11,10:50,17:30,10035.0,9557.14,477.86,INR,2026-08-27 06:02:43,Cleartrip
BLR,CCU,Akasa Air,QP-1262,Non-stop,2026-10-11,19:40,22:25,10060.0,9580.95,479.05,INR,2026-08-27 06:02:43,Cleartrip
MAA,DEL,Air India Express,IX-2975,1 stop,2026-09-26,06:30,17:30,10066.0,9586.67,479.33,INR,2026-08-27 05:59:43,Cleartrip
MAA,DEL,Air India Express,IX-2971,1 stop,2026-09-26,10:45,17:30,10066.0,9586.67,479.33,INR,2026-08-27 05:59:43,Cleartrip
MAA,DEL,Air India Express,IX-2786,1 stop,2026-09-26,07:25,17:30,10066.0,9586.67,479.33,INR,2026-08-27 05:59:43,Cleartrip
BLR,DEL,Air India Express,IX-2052,1 stop,2026-10-11,16:10,23:35,10096.0,9615.24,480.76,INR,2026-08-27 05:51:51,Cleartrip
MAA,DEL,IndiGo,6E-6797,1 stop,2026-09-26,13:10,18:45,10124.0,9641.9,482.1,INR,2026-08-27 05:59:43,Cleartrip
AMD,BOM,IndiGo,6E-7018,Non-stop,2026-09-03,19:10,20:50,10184.0,9699.05,484.95,INR,2026-08-27 06:08:49,Cleartrip
BLR,DEL,Akasa Air,QP-1525,Non-stop,2026-10-11,07:00,09:45,10190.0,9704.76,485.24,INR,2026-08-27 05:51:51,Cleartrip
BLR,DEL,IndiGo,6E-836,Non-stop,2026-10-11,05:05,07:55,10202.0,9716.19,485.81,INR,2026-08-27 05:51:51,Cleartrip
BLR,DEL,IndiGo,6E-860,Non-stop,2026-10-11,15:45,18:35,10202.0,9716.19,485.81,INR,2026-08-27 05:51:51,Cleartrip
BLR,DEL,IndiGo,6E-870,Non-stop,2026-10-11,19:30,22:15,10202.0,9716.19,485.81,INR,2026-08-27 05:51:51,Cleartrip
BLR,DEL,IndiGo,6E-839,Non-stop,2026-10-11,01:00,03:50,10202.0,9716.19,485.81,INR,2026-08-27 05:51:51,Cleartrip
BLR,DEL,IndiGo,6E-6039,Non-stop,2026-10-11,17:00,19:50,10202.0,9716.19,485.81,INR,2026-08-27 05:51:51,Cleartrip
BLR,DEL,IndiGo,6E-6034,Non-stop,2026-10-11,18:15,21:05,10202.0,9716.19,485.81,INR,2026-08-27 05:51:51,Cleartrip
CCU,BOM,IndiGo,6E-6366,Non-stop,2026-10-11,02:00,04:45,10215.0,9728.57,486.43,INR,2026-08-27 06:06:52,Cleartrip
CCU,BOM,IndiGo,6E-5183,Non-stop,2026-09-11,09:15,11:45,10215.0,9728.57,486.43,INR,2026-08-27 06:06:20,Cleartrip
CCU,BOM,IndiGo,6E-5194,Non-stop,2026-10-11,06:25,09:15,10215.0,9728.57,486.43,INR,2026-08-27 06:06:52,Cleartrip
CCU,BOM,Akasa Air,QP-2030,Non-stop,2026-10-11,22:05,00:50,10251.0,9762.86,488.14,INR,2026-08-27 06:06:52,Cleartrip
AMD,BOM,IndiGo,6E-5160,Non-stop,2026-08-28,19:35,21:05,10303.0,9812.38,490.62,INR,2026-08-27 06:08:34,Cleartrip
MAA,DEL,IndiGo,6E-6925,1 stop,2026-09-26,12:00,16:55,10334.0,9841.9,492.1,INR,2026-08-27 05:59:43,Cleartrip
MAA,DEL,IndiGo,6E-6487,1 stop,2026-09-26,21:25,02:05,10334.0,9841.9,492.1,INR,2026-08-27 05:59:43,Cleartrip
BLR,CCU,IndiGo,6E-676,Non-stop,2026-10-11,18:30,21:10,10335.0,9842.86,492.14,INR,2026-08-27 06:02:43,Cleartrip
DEL,GAU,IndiGo,6E-2316,Non-stop,2026-10-11,17:30,19:55,10370.0,9876.19,493.81,INR,2026-08-27 06:15:08,Cleartrip
BLR,CCU,Akasa Air,QP-1264,Non-stop,2026-10-11,21:10,23:35,10395.0,9900.0,495.0,INR,2026-08-27 06:02:43,Cleartrip
CCU,BOM,Air India,AI-2472,Non-stop,2026-09-11,15:10,18:15,10526.0,10024.76,501.24,INR,2026-08-27 06:06:20,Cleartrip
MAA,BOM,IndiGo,6E-5314,Non-stop,2026-09-03,06:45,08:45,10536.0,10034.29,501.71,INR,2026-08-27 06:07:28,Cleartrip
CCU,BOM,Akasa Air,QP-1253,Non-stop,2026-10-11,17:05,20:00,10538.0,10036.19,501.81,INR,2026-08-27 06:06:52,Cleartrip
BLR,HYD,IndiGo,6E-484,Non-stop,2026-08-28,08:15,09:30,10583.0,10079.05,503.95,INR,2026-08-27 06:04:22,Cleartrip
BLR,HYD,IndiGo,6E-537,Non-stop,2026-08-28,10:15,11:30,10583.0,10079.05,503.95,INR,2026-08-27 06:04:23,Cleartrip
BLR,CCU,IndiGo,6E-465,1 stop,2026-10-11,12:55,20:00,10586.0,10081.9,504.1,INR,2026-08-27 06:02:43,Cleartrip
BLR,CCU,IndiGo,6E-952,Non-stop,2026-10-11,22:20,01:00,10650.0,10142.86,507.14,INR,2026-08-27 06:02:43,Cleartrip
GOI,DEL,IndiGo,6E-2102,Non-stop,2026-10-11,09:10,11:45,10669.0,10160.95,508.05,INR,2026-08-27 06:13:46,Cleartrip
GOI,DEL,IndiGo,6E-2071,1 stop,2026-10-11,21:55,08:35,10696.0,10186.67,509.33,INR,2026-08-27 06:13:46,Cleartrip
CCU,BOM,Akasa Air,QP-1126,Non-stop,2026-10-11,23:00,01:40,10725.0,10214.29,510.71,INR,2026-08-27 06:06:52,Cleartrip
AMD,BOM,IndiGo,6E-6205,Non-stop,2026-08-28,01:15,02:55,10728.0,10217.14,510.86,INR,2026-08-27 06:08:34,Cleartrip
BLR,CCU,IndiGo,6E-855,1 stop,2026-10-11,19:45,00:25,10836.0,10320.0,516.0,INR,2026-08-27 06:02:43,Cleartrip
CCU,BOM,IndiGo,6E-5227,Non-stop,2026-10-11,13:45,16:30,10845.0,10328.57,516.43,INR,2026-08-27 06:06:52,Cleartrip
CCU,BOM,IndiGo,6E-5183,Non-stop,2026-10-11,09:15,11:45,10845.0,10328.57,516.43,INR,2026-08-27 06:06:52,Cleartrip
MAA,BOM,Air India,AI-2822,Non-stop,2026-09-03,09:35,11:55,11010.0,10485.71,524.29,INR,2026-08-27 06:07:28,Cleartrip
MAA,BOM,Air India,AI-2828,Non-stop,2026-09-03,05:55,08:15,11010.0,10485.71,524.29,INR,2026-08-27 06:07:28,Cleartrip
GOI,DEL,Air India Express,IX-1582,Non-stop,2026-10-11,07:55,10:40,11158.0,10626.67,531.33,INR,2026-08-27 06:13:46,Cleartrip
GOI,DEL,IndiGo,6E-6243,Non-stop,2026-10-11,08:10,10:45,11265.0,10728.57,536.43,INR,2026-08-27 06:13:46,Cleartrip
GOI,DEL,IndiGo,6E-2175,1 stop,2026-10-11,06:40,16:15,11321.0,10781.9,539.1,INR,2026-08-27 06:13:46,Cleartrip
GOI,DEL,IndiGo,6E-6278,1 stop,2026-10-11,07:10,16:15,11343.0,10802.86,540.14,INR,2026-08-27 06:13:46,Cleartrip
AMD,BOM,Air India,AI-882,1 stop,2026-08-28,15:55,08:10,12238.0,11655.24,582.76,INR,2026-08-27 06:08:34,Cleartrip
GOI,DEL,Unknown,OF-220,"849

stop",2026-08-28,18:35,21:15,13972.0,13306.67,665.33,INR,2026-08-27 06:12:39,Cleartrip
AMD,BOM,Unknown,OF-153,"498

stop",2026-09-26,14:00,15:20,15091.0,14372.38,718.62,INR,2026-08-27 06:09:22,Cleartrip
AMD,BOM,Unknown,OF-155,"172

stop",2026-10-11,08:55,10:00,15684.0,14937.14,746.86,INR,2026-08-27 06:09:39,Cleartrip
AMD,DEL,Unknown,OF-108,"054

stop",2026-09-26,09:50,11:35,15982.0,15220.95,761.05,INR,2026-08-27 05:58:19,Cleartrip
DEL,PNQ,Unknown,16-111,Non-stop,2026-08-28,04:25,06:40,16111.0,15343.81,767.19,INR,2026-08-27 05:54:50,Cleartrip
BLR,HYD,Unknown,OF-106,Non-stop,2026-09-03,06:25,07:35,16121.0,15353.33,767.67,INR,2026-08-27 06:04:39,Cleartrip
MAA,HYD,Unknown,16-224,1 stop,2026-09-26,17:45,21:00,16224.0,15451.43,772.57,INR,2026-08-27 06:12:05,Cleartrip
DEL,SXR,Unknown,16-471,"373

stop",2026-08-28,09:55,11:25,16471.0,15686.67,784.33,INR,2026-08-27 06:02:58,Cleartrip
BLR,HYD,Unknown,OF-118,Non-stop,2026-09-26,20:50,22:35,17249.0,16427.62,821.38,INR,2026-08-27 06:05:12,Cleartrip
AMD,BOM,Unknown,OF-138,"399

stop",2026-08-28,06:40,09:15,17297.0,16473.33,823.67,INR,2026-08-27 06:08:33,Cleartrip
AMD,BOM,Unknown,OF-149,"459

stop",2026-09-11,04:45,06:15,17362.0,16535.24,826.76,INR,2026-08-27 06:09:05,Cleartrip
MAA,HYD,Unknown,OF-100,1 stop,2026-10-11,07:05,10:30,17947.0,17092.38,854.62,INR,2026-08-27 06:12:23,Cleartrip
AMD,BOM,Unknown,OF-123,"184

stop",2026-09-03,04:45,06:15,18070.0,17209.52,860.48,INR,2026-08-27 06:08:48,Cleartrip
HYD,BOM,Unknown,OF-215,Non-stop,2026-09-26,22:15,00:30,18077.0,17216.19,860.81,INR,2026-08-27 06:01:05,Cleartrip
GOI,BOM,Unknown,OF-146,"057

stop",2026-08-28,20:25,21:45,18151.0,17286.67,864.33,INR,2026-08-27 06:15:24,Cleartrip
DEL,GAU,Unknown,18-317,Non-stop,2026-08-28,04:45,07:10,18317.0,17444.76,872.24,INR,2026-08-27 06:14:01,Cleartrip
DEL,CCU,Unknown,OF-177,"310

stop",2026-09-03,12:20,18:15,18840.0,17942.86,897.14,INR,2026-08-27 05:56:26,Cleartrip
DEL,GAU,Unknown,18-847,Non-stop,2026-09-03,04:45,07:10,18847.0,17949.52,897.48,INR,2026-08-27 06:14:18,Cleartrip
DEL,GAU,Unknown,19-133,Non-stop,2026-09-11,04:45,07:10,19133.0,18221.9,911.1,INR,2026-08-27 06:14:34,Cleartrip
BLR,PNQ,Unknown,19-564,Non-stop,2026-08-28,21:50,23:30,19564.0,18632.38,931.62,INR,2026-08-27 06:09:55,Cleartrip
HYD,BOM,Unknown,OF-200,Non-stop,2026-09-11,05:00,06:25,19693.0,18755.24,937.76,INR,2026-08-27 06:00:48,Cleartrip
BLR,PNQ,Unknown,OF-107,Non-stop,2026-09-03,04:00,05:35,20115.0,19157.14,957.86,INR,2026-08-27 06:10:11,Cleartrip
BLR,PNQ,Unknown,OF-108,1 stop,2026-09-26,08:00,20:05,20145.0,19185.71,959.29,INR,2026-08-27 06:10:42,Cleartrip
DEL,PNQ,Unknown,20-325,Non-stop,2026-10-11,04:40,06:45,20325.0,19357.14,967.86,INR,2026-08-27 05:55:53,Cleartrip
DEL,HYD,Unknown,OF-169,"688

stop",2026-09-11,12:20,20:45,20427.0,19454.29,972.71,INR,2026-08-27 05:54:00,Cleartrip
HYD,BOM,Unknown,OF-213,Non-stop,2026-09-03,00:55,03:10,20713.0,19726.67,986.33,INR,2026-08-27 06:00:31,Cleartrip
BLR,HYD,Unknown,OF-164,Non-stop,2026-10-11,08:15,09:30,20737.0,19749.52,987.48,INR,2026-08-27 06:05:29,Cleartrip
HYD,BOM,Unknown,OF-222,Non-stop,2026-10-11,03:00,04:35,20777.0,19787.62,989.38,INR,2026-08-27 06:01:21,Cleartrip
DEL,CCU,Unknown,OF-185,"629

stop",2026-08-28,09:00,18:25,20906.0,19910.48,995.52,INR,2026-08-27 05:56:10,Cleartrip
BLR,HYD,Unknown,OF-144,Non-stop,2026-09-11,06:25,07:35,21004.0,20003.81,1000.19,INR,2026-08-27 06:04:55,Cleartrip
MAA,HYD,Unknown,OF-106,1 stop,2026-09-03,09:55,13:35,21294.0,20280.0,1014.0,INR,2026-08-27 06:11:31,Cleartrip
GOI,BOM,Unknown,21-481,"057

stop",2026-09-11,20:55,22:15,21481.0,20458.1,1022.9,INR,2026-08-27 06:15:58,Cleartrip
BLR,PNQ,Unknown,OF-119,Non-stop,2026-09-11,04:00,05:35,21939.0,20894.29,1044.71,INR,2026-08-27 06:10:26,Cleartrip
BLR,CCU,Unknown,OF-120,1 stop,2026-09-11,06:25,14:10,22230.0,21171.43,1058.57,INR,2026-08-27 06:02:09,Cleartrip
BLR,BOM,Unknown,OF-232,Non-stop,2026-09-11,15:00,16:40,22372.0,21306.67,1065.33,INR,2026-08-27 05:52:39,Cleartrip
HYD,BOM,Unknown,OF-228,Non-stop,2026-08-28,05:00,06:25,22444.0,21375.24,1068.76,INR,2026-08-27 06:00:15,Cleartrip
AMD,DEL,Unknown,22-681,"372

stop",2026-09-11,00:05,02:00,22681.0,21600.95,1080.05,INR,2026-08-27 05:58:04,Cleartrip
DEL,CCU,Unknown,OF-175,"318

stop",2026-09-26,16:40,22:05,22788.0,21702.86,1085.14,INR,2026-08-27 05:56:59,Cleartrip
AMD,DEL,Unknown,OF-107,"305

stop",2026-10-11,06:15,10:10,22817.0,21730.48,1086.52,INR,2026-08-27 05:58:36,Cleartrip
BLR,CCU,Unknown,OF-145,1 stop,2026-09-03,06:30,09:10,22834.0,21746.67,1087.33,INR,2026-08-27 06:01:53,Cleartrip
GOI,DEL,Unknown,OF-166,"849

stop",2026-09-26,00:05,08:40,22874.0,21784.76,1089.24,INR,2026-08-27 06:13:28,Cleartrip
BLR,PNQ,Unknown,OF-122,1 stop,2026-10-11,19:55,21:35,22922.0,21830.48,1091.52,INR,2026-08-27 06:10:59,Cleartrip
DEL,CCU,Unknown,OF-171,"481

stop",2026-09-11,12:20,18:15,23011.0,21915.24,1095.76,INR,2026-08-27 05:56:42,Cleartrip
MAA,BOM,Unknown,OF-121,Non-stop,2026-10-11,13:35,15:40,23123.0,22021.9,1101.1,INR,2026-08-27 06:08:15,Cleartrip
GOI,BOM,Unknown,OF-145,"447

stop",2026-10-11,06:40,08:05,23359.0,22246.67,1112.33,INR,2026-08-27 06:16:31,Cleartrip
DEL,HYD,Unknown,OF-172,"390

stop",2026-10-11,05:55,10:50,23467.0,22349.52,1117.48,INR,2026-08-27 05:54:33,Cleartrip
MAA,DEL,Unknown,OF-141,"989

stop",2026-08-28,08:45,17:40,23513.0,22393.33,1119.67,INR,2026-08-27 05:58:52,Cleartrip
AMD,DEL,Unknown,23-896,"788

stop",2026-08-28,15:55,17:45,23896.0,22758.1,1137.9,INR,2026-08-27 05:57:31,Cleartrip
MAA,DEL,Unknown,OF-175,"856

stop",2026-09-26,07:05,12:10,23903.0,22764.76,1138.24,INR,2026-08-27 05:59:42,Cleartrip
DEL,PNQ,Unknown,24-064,Non-stop,2026-09-03,21:45,23:55,24064.0,22918.1,1145.9,INR,2026-08-27 05:55:05,Cleartrip
DEL,GAU,Unknown,24-317,Non-stop,2026-09-26,04:45,07:10,24317.0,23159.05,1157.95,INR,2026-08-27 06:14:51,Cleartrip
DEL,BOM,Unknown,OF-229,Non-stop,2026-08-28,21:00,23:10,24587.0,23416.19,1170.81,INR,2026-08-27 05:48:45,Cleartrip
DEL,HYD,Unknown,OF-192,"404

stop",2026-09-26,16:30,21:45,24599.0,23427.62,1171.38,INR,2026-08-27 05:54:17,Cleartrip
DEL,BOM,Unknown,OF-242,Non-stop,2026-10-11,08:55,11:15,24699.0,23522.86,1176.14,INR,2026-08-27 05:50:24,Cleartrip
MAA,HYD,Unknown,OF-149,1 stop,2026-08-28,17:15,19:00,24910.0,23723.81,1186.19,INR,2026-08-27 06:11:15,Cleartrip
BLR,BOM,Unknown,OF-259,Non-stop,2026-09-03,06:20,08:00,24979.0,23789.52,1189.48,INR,2026-08-27 05:52:23,Cleartrip
DEL,SXR,Unknown,25-379,"721

stop",2026-10-11,08:35,10:05,25379.0,24170.48,1208.52,INR,2026-08-27 06:04:05,Cleartrip
MAA,HYD,Unknown,OF-104,1 stop,2026-09-11,02:30,07:20,25435.0,24223.81,1211.19,INR,2026-08-27 06:11:48,Cleartrip
AMD,DEL,Unknown,25-915,"814

stop",2026-09-03,12:15,14:10,25915.0,24680.95,1234.05,INR,2026-08-27 05:57:47,Cleartrip
GOI,BOM,Unknown,25-946,"402

stop",2026-09-26,22:35,00:05,25946.0,24710.48,1235.52,INR,2026-08-27 06:16:15,Cleartrip
GOI,BOM,Unknown,25-946,"057

stop",2026-09-03,22:35,00:05,25946.0,24710.48,1235.52,INR,2026-08-27 06:15:41,Cleartrip
BLR,CCU,Unknown,OF-148,1 stop,2026-09-26,22:15,00:50,26035.0,24795.24,1239.76,INR,2026-08-27 06:02:26,Cleartrip
BLR,DEL,Unknown,OF-247,"114

stop",2026-09-26,19:30,22:15,26320.0,25066.67,1253.33,INR,2026-08-27 05:51:33,Cleartrip
CCU,BOM,Unknown,OF-208,Non-stop,2026-09-26,23:00,01:40,26418.0,25160.0,1258.0,INR,2026-08-27 06:06:36,Cleartrip
DEL,SXR,Unknown,26-566,"540

stop",2026-09-11,10:05,14:20,26566.0,25300.95,1265.05,INR,2026-08-27 06:03:31,Cleartrip
BLR,DEL,Unknown,OF-233,"902

stop",2026-08-28,22:00,00:50,26607.0,25340.0,1267.0,INR,2026-08-27 05:50:42,Cleartrip
DEL,SXR,Unknown,26-765,"540

stop",2026-09-03,07:20,10:35,26765.0,25490.48,1274.52,INR,2026-08-27 06:03:15,Cleartrip
CCU,BOM,Unknown,OF-189,Non-stop,2026-09-11,23:00,01:40,26827.0,25549.52,1277.48,INR,2026-08-27 06:06:19,Cleartrip
BLR,BOM,Unknown,OF-226,Non-stop,2026-08-28,18:25,20:10,27390.0,26085.71,1304.29,INR,2026-08-27 05:52:07,Cleartrip
GOI,DEL,Unknown,OF-149,"297

stop",2026-09-03,14:50,20:55,27468.0,26160.0,1308.0,INR,2026-08-27 06:12:55,Cleartrip
GOI,DEL,Unknown,OF-141,"542

stop",2026-10-11,22:00,00:25,27610.0,26295.24,1314.76,INR,2026-08-27 06:13:45,Cleartrip
MAA,BOM,Unknown,OF-124,Non-stop,2026-09-03,21:55,23:40,27836.0,26510.48,1325.52,INR,2026-08-27 06:07:27,Cleartrip
DEL,HYD,Unknown,OF-177,"999

stop",2026-09-03,12:20,20:45,27864.0,26537.14,1326.86,INR,2026-08-27 05:53:45,Cleartrip
CCU,BOM,Unknown,OF-213,Non-stop,2026-09-03,23:00,01:40,27982.0,26649.52,1332.48,INR,2026-08-27 06:06:02,Cleartrip
DEL,SXR,Unknown,28-237,"368

stop",2026-09-26,10:20,12:00,28237.0,26892.38,1344.62,INR,2026-08-27 06:03:48,Cleartrip
MAA,DEL,Unknown,OF-161,"756

stop",2026-09-03,07:05,12:10,28543.0,27183.81,1359.19,INR,2026-08-27 05:59:08,Cleartrip
MAA,BOM,Unknown,OF-123,Non-stop,2026-08-28,09:35,11:55,28979.0,27599.05,1379.95,INR,2026-08-27 06:07:09,Cleartrip
MAA,BOM,Unknown,OF-129,Non-stop,2026-09-26,21:55,23:40,28991.0,27610.48,1380.52,INR,2026-08-27 06:08:00,Cleartrip
DEL,CCU,Unknown,OF-132,"880

stop",2026-10-11,13:35,17:40,29870.0,28447.62,1422.38,INR,2026-08-27 05:57:14,Cleartrip
BLR,HYD,Unknown,OF-129,Non-stop,2026-08-28,19:45,21:00,30128.0,28693.33,1434.67,INR,2026-08-27 06:04:22,Cleartrip
DEL,GAU,Unknown,30-392,1 stop,2026-10-11,20:00,22:25,30392.0,28944.76,1447.24,INR,2026-08-27 06:15:07,Cleartrip
CCU,BOM,Unknown,OF-132,Non-stop,2026-08-28,05:10,07:45,30397.0,28949.52,1447.48,INR,2026-08-27 06:05:46,Cleartrip
BLR,CCU,Unknown,OF-122,1 stop,2026-10-11,17:00,00:05,30675.0,29214.29,1460.71,INR,2026-08-27 06:02:42,Cleartrip
CCU,BOM,Unknown,OF-204,Non-stop,2026-10-11,08:30,11:15,30801.0,29334.29,1466.71,INR,2026-08-27 06:06:51,Cleartrip
BLR,DEL,Unknown,OF-236,"659

stop",2026-09-03,06:25,08:45,31270.0,29780.95,1489.05,INR,2026-08-27 05:50:59,Cleartrip
BLR,DEL,Unknown,OF-261,"190

stop",2026-10-11,09:20,12:10,31940.0,30419.05,1520.95,INR,2026-08-27 05:51:50,Cleartrip
DEL,PNQ,Unknown,33-696,Non-stop,2026-09-11,04:40,06:55,33696.0,32091.43,1604.57,INR,2026-08-27 05:55:21,Cleartrip
BLR,BOM,Unknown,OF-214,Non-stop,2026-10-11,20:00,21:50,35727.0,34025.71,1701.29,INR,2026-08-27 05:53:11,Cleartrip
GOI,DEL,Unknown,OF-158,"297

stop",2026-09-11,18:25,23:30,35818.0,34112.38,1705.62,INR,2026-08-27 06:13:12,Cleartrip
DEL,BOM,Unknown,OF-244,Non-stop,2026-09-26,18:35,20:45,36671.0,34924.76,1746.24,INR,2026-08-27 05:50:07,Cleartrip
MAA,DEL,Unknown,OF-170,"678

stop",2026-09-11,07:05,12:10,36851.0,35096.19,1754.81,INR,2026-08-27 05:59:25,Cleartrip
MAA,BOM,Unknown,OF-134,Non-stop,2026-09-11,13:35,15:40,38390.0,36561.9,1828.1,INR,2026-08-27 06:07:43,Cleartrip
DEL,BOM,Unknown,OF-221,Non-stop,2026-09-03,22:30,00:50,40141.0,38229.52,1911.48,INR,2026-08-27 05:49:04,Cleartrip
DEL,BOM,Unknown,OF-191,Non-stop,2026-09-11,09:15,11:25,42557.0,40530.48,2026.52,INR,2026-08-27 05:49:21,Cleartrip
BLR,BOM,Unknown,OF-156,Non-stop,2026-09-26,06:20,08:00,42741.0,40705.71,2035.29,INR,2026-08-27 05:52:55,Cleartrip
DEL,HYD,Unknown,OF-150,"999

stop",2026-08-28,20:45,02:10,42966.0,40920.0,2046.0,INR,2026-08-27 05:53:28,Cleartrip
MAA,DEL,Unknown,OF-206,"890

stop",2026-10-11,13:10,18:45,44169.0,42065.71,2103.29,INR,2026-08-27 05:59:58,Cleartrip
BLR,DEL,Unknown,OF-219,"599

stop",2026-09-11,09:20,12:10,44220.0,42114.29,2105.71,INR,2026-08-27 05:51:16,Cleartrip
BLR,CCU,Unknown,OF-111,1 stop,2026-08-28,22:20,01:00,44416.0,42300.95,2115.05,INR,2026-08-27 06:01:37,Cleartrip
