Origin,Destination,Airline_name,Flight_code,Stops,Travel_date,Departure_time,Arrival_time,Fare,Base price,GST,Currency,Scraped_at time,Source
AMD,BOM,IndiGo,6E-522,Non-stop,9/26/2026,14:00,15:20,3498,3331.43,166.57,INR,8/27/2026 6:09,Cleartrip
AMD,BOM,Akasa Air,QP-1194,Non-stop,9/11/2026,4:45,6:15,3720,3542.86,177.14,INR,8/27/2026 6:09,Cleartrip
AMD,BOM,Alliance Air,9I-612,Non-stop,9/26/2026,20:35,22:20,3837,3654.29,182.71,INR,8/27/2026 6:09,Cleartrip
BLR,PNQ,Star Air,S5-183,1 stop,9/26/2026,8:00,20:05,3998,3807.62,190.38,INR,8/27/2026 6:10,Cleartrip
AMD,BOM,IndiGo,6E-6285,Non-stop,9/26/2026,4:00,5:30,4008,3817.14,190.86,INR,8/27/2026 6:09,Cleartrip
AMD,BOM,IndiGo,6E-6285,Non-stop,9/11/2026,4:00,5:30,4008,3817.14,190.86,INR,8/27/2026 6:09,Cleartrip
AMD,BOM,Akasa Air,QP-1194,Non-stop,9/26/2026,4:45,6:15,4051,3858.1,192.9,INR,8/27/2026 6:09,Cleartrip
BLR,HYD,Alliance Air,9I-517,Non-stop,9/26/2026,20:50,22:35,4109,3913.33,195.67,INR,8/27/2026 6:05,Cleartrip
AMD,BOM,IndiGo,6E-5146,Non-stop,9/11/2026,8:05,9:35,4268,4064.76,203.24,INR,8/27/2026 6:09,Cleartrip
BLR,HYD,IndiGo,6E-638,Non-stop,9/26/2026,18:35,19:45,4428,4217.14,210.86,INR,8/27/2026 6:05,Cleartrip
BLR,HYD,IndiGo,6E-6784,Non-stop,9/26/2026,21:30,22:45,4428,4217.14,210.86,INR,8/27/2026 6:05,Cleartrip
BLR,HYD,IndiGo,6E-6178,Non-stop,9/26/2026,6:25,7:35,4428,4217.14,210.86,INR,8/27/2026 6:05,Cleartrip
BLR,HYD,IndiGo,6E-537,Non-stop,9/26/2026,10:15,11:30,4428,4217.14,210.86,INR,8/27/2026 6:05,Cleartrip
BLR,HYD,IndiGo,6E-6067,Non-stop,9/26/2026,16:30,17:45,4428,4217.14,210.86,INR,8/27/2026 6:05,Cleartrip
BLR,HYD,IndiGo,6E-484,Non-stop,9/26/2026,8:15,9:30,4428,4217.14,210.86,INR,8/27/2026 6:05,Cleartrip
BLR,HYD,IndiGo,6E-407,Non-stop,9/26/2026,14:50,16:05,4428,4217.14,210.86,INR,8/27/2026 6:05,Cleartrip
BLR,HYD,IndiGo,6E-484,Non-stop,10/11/2026,8:15,9:30,4428,4217.14,210.86,INR,8/27/2026 6:05,Cleartrip
BLR,HYD,IndiGo,6E-6178,Non-stop,9/11/2026,6:25,7:35,4428,4217.14,210.86,INR,8/27/2026 6:04,Cleartrip
BLR,HYD,IndiGo,6E-855,Non-stop,9/26/2026,19:45,21:00,4428,4217.14,210.86,INR,8/27/2026 6:05,Cleartrip
BLR,HYD,IndiGo,6E-312,Non-stop,9/26/2026,9:15,10:30,4428,4217.14,210.86,INR,8/27/2026 6:05,Cleartrip
AMD,BOM,Star Air,S5-628,1 stop,9/11/2026,6:40,9:15,4499,4284.76,214.24,INR,8/27/2026 6:09,Cleartrip
BLR,BOM,Akasa Air,QP-1383,Non-stop,9/3/2026,5:25,7:10,4564,4346.67,217.33,INR,8/27/2026 5:52,Cleartrip
BLR,BOM,Akasa Air,QP-1515,Non-stop,9/3/2026,6:20,8:00,4564,4346.67,217.33,INR,8/27/2026 5:52,Cleartrip
BLR,BOM,IndiGo,6E-5089,Non-stop,9/3/2026,5:30,7:15,4564,4346.67,217.33,INR,8/27/2026 5:52,Cleartrip
BLR,BOM,Akasa Air,QP-1134,Non-stop,9/26/2026,22:55,0:45,4564,4346.67,217.33,INR,8/27/2026 5:52,Cleartrip
BLR,BOM,Akasa Air,QP-1381,Non-stop,9/26/2026,4:50,6:45,4564,4346.67,217.33,INR,8/27/2026 5:52,Cleartrip
BLR,BOM,Akasa Air,QP-1528,Non-stop,9/26/2026,10:20,12:10,4564,4346.67,217.33,INR,8/27/2026 5:52,Cleartrip
BLR,BOM,Akasa Air,QP-1515,Non-stop,9/26/2026,6:20,8:00,4564,4346.67,217.33,INR,8/27/2026 5:52,Cleartrip
BLR,BOM,Air India Express,IX-1360,Non-stop,9/26/2026,20:55,22:40,4564,4346.67,217.33,INR,8/27/2026 5:52,Cleartrip
BLR,BOM,Akasa Air,QP-1517,Non-stop,9/26/2026,7:40,9:25,4564,4346.67,217.33,INR,8/27/2026 5:52,Cleartrip
BLR,BOM,IndiGo,6E-5205,Non-stop,9/3/2026,3:45,5:30,4564,4346.67,217.33,INR,8/27/2026 5:52,Cleartrip
BLR,BOM,Akasa Air,QP-1383,Non-stop,9/26/2026,5:25,7:10,4564,4346.67,217.33,INR,8/27/2026 5:52,Cleartrip
GOI,BOM,Akasa Air,QP-1176,Non-stop,8/28/2026,20:25,21:45,4586,4367.62,218.38,INR,8/27/2026 6:15,Cleartrip
AMD,BOM,IndiGo,6E-7018,Non-stop,9/26/2026,19:10,20:50,4619,4399.05,219.95,INR,8/27/2026 6:09,Cleartrip
BLR,HYD,Air India Express,IX-1250,Non-stop,9/26/2026,19:15,20:25,4627,4406.67,220.33,INR,8/27/2026 6:05,Cleartrip
AMD,BOM,IndiGo,6E-6351,Non-stop,9/11/2026,23:15,0:30,4688,4464.76,223.24,INR,8/27/2026 6:09,Cleartrip
BLR,BOM,Akasa Air,QP-1381,Non-stop,9/3/2026,4:50,6:45,4723,4498.1,224.9,INR,8/27/2026 5:52,Cleartrip
AMD,BOM,IndiGo,6E-6468,Non-stop,9/11/2026,9:00,10:30,4738,4512.38,225.62,INR,8/27/2026 6:09,Cleartrip
AMD,BOM,Air India,AI-2494,Non-stop,9/11/2026,21:00,22:40,4739,4513.33,225.67,INR,8/27/2026 6:09,Cleartrip
AMD,BOM,IndiGo,6E-6205,Non-stop,9/11/2026,1:15,2:55,4743,4517.14,225.86,INR,8/27/2026 6:09,Cleartrip
BLR,HYD,IndiGo,6E-6178,Non-stop,10/11/2026,6:10,7:20,4753,4526.67,226.33,INR,8/27/2026 6:05,Cleartrip
BLR,HYD,IndiGo,6E-684,Non-stop,10/11/2026,22:30,23:45,4753,4526.67,226.33,INR,8/27/2026 6:05,Cleartrip
BLR,HYD,IndiGo,6E-6784,Non-stop,10/11/2026,21:25,22:40,4753,4526.67,226.33,INR,8/27/2026 6:05,Cleartrip
BLR,HYD,IndiGo,6E-6067,Non-stop,10/11/2026,16:30,17:45,4753,4526.67,226.33,INR,8/27/2026 6:05,Cleartrip
BLR,HYD,IndiGo,6E-312,Non-stop,9/3/2026,9:15,10:30,4753,4526.67,226.33,INR,8/27/2026 6:04,Cleartrip
BLR,HYD,IndiGo,6E-6404,Non-stop,9/3/2026,11:35,12:50,4753,4526.67,226.33,INR,8/27/2026 6:04,Cleartrip
BLR,HYD,IndiGo,6E-6178,Non-stop,9/3/2026,6:25,7:35,4753,4526.67,226.33,INR,8/27/2026 6:04,Cleartrip
BLR,PNQ,Air India Express,IX-2680,Non-stop,9/26/2026,21:50,23:30,4762,4535.24,226.76,INR,8/27/2026 6:10,Cleartrip
BLR,PNQ,Air India Express,IX-1971,Non-stop,9/3/2026,12:45,14:20,4762,4535.24,226.76,INR,8/27/2026 6:10,Cleartrip
BLR,PNQ,Air India Express,IX-2873,Non-stop,9/3/2026,4:00,5:35,4762,4535.24,226.76,INR,8/27/2026 6:10,Cleartrip
BLR,PNQ,Air India Express,IX-2873,Non-stop,9/11/2026,4:00,5:35,4762,4535.24,226.76,INR,8/27/2026 6:10,Cleartrip
BLR,PNQ,Air India Express,IX-2680,Non-stop,8/28/2026,21:50,23:30,4762,4535.24,226.76,INR,8/27/2026 6:09,Cleartrip
BLR,PNQ,Air India Express,IX-2873,Non-stop,9/26/2026,4:00,5:35,4762,4535.24,226.76,INR,8/27/2026 6:10,Cleartrip
BLR,PNQ,Akasa Air,QP-1565,Non-stop,9/26/2026,8:10,9:45,4763,4536.19,226.81,INR,8/27/2026 6:10,Cleartrip
BLR,PNQ,Akasa Air,QP-1317,Non-stop,10/11/2026,19:55,21:35,4763,4536.19,226.81,INR,8/27/2026 6:10,Cleartrip
BLR,PNQ,Akasa Air,QP-1315,Non-stop,9/26/2026,15:20,16:55,4763,4536.19,226.81,INR,8/27/2026 6:10,Cleartrip
BLR,PNQ,IndiGo,6E-408,Non-stop,9/26/2026,4:30,5:55,4763,4536.19,226.81,INR,8/27/2026 6:10,Cleartrip
BLR,PNQ,IndiGo,6E-6876,Non-stop,9/26/2026,2:40,4:05,4763,4536.19,226.81,INR,8/27/2026 6:10,Cleartrip
BLR,PNQ,IndiGo,6.00E-116,Non-stop,8/28/2026,23:05,0:45,4763,4536.19,226.81,INR,8/27/2026 6:09,Cleartrip
BLR,PNQ,IndiGo,6E-528,Non-stop,8/28/2026,21:40,23:10,4763,4536.19,226.81,INR,8/27/2026 6:09,Cleartrip
BLR,PNQ,IndiGo,6E-408,Non-stop,9/11/2026,4:30,6:00,4763,4536.19,226.81,INR,8/27/2026 6:10,Cleartrip
BLR,PNQ,IndiGo,6E-6876,Non-stop,9/11/2026,2:40,4:05,4763,4536.19,226.81,INR,8/27/2026 6:10,Cleartrip
BLR,PNQ,IndiGo,6E-408,Non-stop,8/28/2026,4:30,6:00,4763,4536.19,226.81,INR,8/27/2026 6:09,Cleartrip
BLR,PNQ,Akasa Air,QP-1311,Non-stop,9/26/2026,5:10,6:50,4763,4536.19,226.81,INR,8/27/2026 6:10,Cleartrip
BLR,PNQ,IndiGo,6E-6563,Non-stop,9/26/2026,1:05,2:35,4763,4536.19,226.81,INR,8/27/2026 6:10,Cleartrip
BLR,PNQ,IndiGo,6E-528,Non-stop,9/26/2026,21:40,23:10,4763,4536.19,226.81,INR,8/27/2026 6:10,Cleartrip
BLR,PNQ,IndiGo,6E-576,Non-stop,9/26/2026,16:25,17:55,4763,4536.19,226.81,INR,8/27/2026 6:10,Cleartrip
BLR,PNQ,IndiGo,6E-6563,Non-stop,9/3/2026,1:05,2:35,4763,4536.19,226.81,INR,8/27/2026 6:10,Cleartrip
BLR,PNQ,IndiGo,6E-408,Non-stop,9/3/2026,4:30,6:00,4763,4536.19,226.81,INR,8/27/2026 6:10,Cleartrip
BLR,PNQ,Akasa Air,QP-1325,Non-stop,9/3/2026,14:30,16:05,4763,4536.19,226.81,INR,8/27/2026 6:10,Cleartrip
BLR,PNQ,Akasa Air,QP-1311,Non-stop,9/3/2026,5:10,6:50,4763,4536.19,226.81,INR,8/27/2026 6:10,Cleartrip
BLR,PNQ,IndiGo,6E-6876,Non-stop,9/3/2026,2:40,4:05,4763,4536.19,226.81,INR,8/27/2026 6:10,Cleartrip
BLR,PNQ,IndiGo,6.00E-116,Non-stop,9/3/2026,23:05,0:45,4763,4536.19,226.81,INR,8/27/2026 6:10,Cleartrip
GOI,BOM,Air India Express,IX-1209,Non-stop,9/3/2026,22:35,0:05,4765,4538.1,226.9,INR,8/27/2026 6:15,Cleartrip
GOI,BOM,IndiGo,6E-6278,Non-stop,9/11/2026,7:10,8:35,4765,4538.1,226.9,INR,8/27/2026 6:15,Cleartrip
GOI,BOM,IndiGo,6E-5176,Non-stop,9/11/2026,20:55,22:15,4765,4538.1,226.9,INR,8/27/2026 6:15,Cleartrip
GOI,BOM,IndiGo,6E-6278,Non-stop,8/28/2026,7:10,8:35,4765,4538.1,226.9,INR,8/27/2026 6:15,Cleartrip
GOI,BOM,Air India Express,IX-2368,Non-stop,8/28/2026,9:10,10:35,4765,4538.1,226.9,INR,8/27/2026 6:15,Cleartrip
GOI,BOM,IndiGo,6E-5176,Non-stop,8/28/2026,20:55,22:15,4765,4538.1,226.9,INR,8/27/2026 6:15,Cleartrip
GOI,BOM,Air India Express,IX-1209,Non-stop,9/11/2026,22:35,0:05,4765,4538.1,226.9,INR,8/27/2026 6:15,Cleartrip
GOI,BOM,Air India Express,IX-1209,Non-stop,9/26/2026,22:35,0:05,4765,4538.1,226.9,INR,8/27/2026 6:16,Cleartrip
BLR,BOM,SpiceJet,SG-369,Non-stop,9/26/2026,0:45,2:35,4773,4545.71,227.29,INR,8/27/2026 5:52,Cleartrip
BLR,BOM,SpiceJet,SG-115,Non-stop,9/26/2026,4:55,6:55,4773,4545.71,227.29,INR,8/27/2026 5:52,Cleartrip
GOI,BOM,IndiGo,6E-5231,Non-stop,8/28/2026,16:30,17:50,4827,4597.14,229.86,INR,8/27/2026 6:15,Cleartrip
GOI,BOM,IndiGo,6E-2175,Non-stop,9/11/2026,6:40,8:05,4827,4597.14,229.86,INR,8/27/2026 6:15,Cleartrip
GOI,BOM,Air India Express,IX-1214,Non-stop,8/28/2026,14:15,15:40,4827,4597.14,229.86,INR,8/27/2026 6:15,Cleartrip
GOI,BOM,IndiGo,6E-5242,Non-stop,8/28/2026,18:40,20:05,4827,4597.14,229.86,INR,8/27/2026 6:15,Cleartrip
GOI,BOM,Air India Express,IX-1241,Non-stop,8/28/2026,18:20,19:45,4827,4597.14,229.86,INR,8/27/2026 6:15,Cleartrip
GOI,BOM,IndiGo,6E-6156,Non-stop,9/11/2026,0:05,1:25,4827,4597.14,229.86,INR,8/27/2026 6:15,Cleartrip
AMD,BOM,IndiGo,6E-6351,Non-stop,9/26/2026,23:15,0:30,4898,4664.76,233.24,INR,8/27/2026 6:09,Cleartrip
BLR,PNQ,IndiGo,6E-6104,Non-stop,9/3/2026,11:40,13:10,4925,4690.48,234.52,INR,8/27/2026 6:10,Cleartrip
BLR,PNQ,IndiGo,6E-6563,Non-stop,9/11/2026,1:05,2:35,4925,4690.48,234.52,INR,8/27/2026 6:10,Cleartrip
BLR,PNQ,Akasa Air,QP-1313,Non-stop,10/11/2026,10:00,11:40,4925,4690.48,234.52,INR,8/27/2026 6:10,Cleartrip
BLR,PNQ,IndiGo,6E-408,Non-stop,10/11/2026,4:30,6:00,4925,4690.48,234.52,INR,8/27/2026 6:10,Cleartrip
BLR,PNQ,IndiGo,6E-528,Non-stop,10/11/2026,21:40,23:10,4925,4690.48,234.52,INR,8/27/2026 6:10,Cleartrip
BLR,BOM,Air India,AI-2811,Non-stop,9/26/2026,23:40,1:45,4930,4695.24,234.76,INR,8/27/2026 5:52,Cleartrip
BLR,BOM,Air India,AI-2858,Non-stop,9/3/2026,2:20,4:10,4930,4695.24,234.76,INR,8/27/2026 5:52,Cleartrip
HYD,BOM,Alliance Air,9I-925,Non-stop,9/26/2026,22:15,0:30,4954,4718.1,235.9,INR,8/27/2026 6:01,Cleartrip
BLR,BOM,IndiGo,6E-5293,Non-stop,9/26/2026,1:00,2:50,4984,4746.67,237.33,INR,8/27/2026 5:52,Cleartrip
BLR,BOM,IndiGo,6E-5293,Non-stop,9/3/2026,1:00,2:50,4984,4746.67,237.33,INR,8/27/2026 5:52,Cleartrip
AMD,BOM,Air India,AI-2504,Non-stop,9/26/2026,14:55,16:35,4998,4760,238,INR,8/27/2026 6:09,Cleartrip
MAA,HYD,IndiGo,6E-6815,1 stop,9/26/2026,8:55,12:50,5049,4808.57,240.43,INR,8/27/2026 6:12,Cleartrip
MAA,HYD,IndiGo,6E-365,1 stop,9/26/2026,17:45,21:00,5049,4808.57,240.43,INR,8/27/2026 6:12,Cleartrip
MAA,HYD,IndiGo,6E-6081,1 stop,9/26/2026,7:05,10:30,5049,4808.57,240.43,INR,8/27/2026 6:12,Cleartrip
MAA,HYD,IndiGo,6E-7084,1 stop,10/11/2026,7:35,11:30,5049,4808.57,240.43,INR,8/27/2026 6:12,Cleartrip
MAA,HYD,IndiGo,6E-6081,1 stop,10/11/2026,7:05,10:30,5049,4808.57,240.43,INR,8/27/2026 6:12,Cleartrip
MAA,HYD,IndiGo,6E-6209,1 stop,9/26/2026,14:35,19:45,5049,4808.57,240.43,INR,8/27/2026 6:12,Cleartrip
MAA,HYD,IndiGo,6.00E-189,1 stop,10/11/2026,19:05,22:40,5049,4808.57,240.43,INR,8/27/2026 6:12,Cleartrip
MAA,HYD,IndiGo,6E-847,1 stop,10/11/2026,16:15,19:45,5049,4808.57,240.43,INR,8/27/2026 6:12,Cleartrip
MAA,HYD,IndiGo,6E-6209,1 stop,10/11/2026,14:35,19:45,5049,4808.57,240.43,INR,8/27/2026 6:12,Cleartrip
MAA,HYD,IndiGo,6E-847,1 stop,9/26/2026,16:15,19:45,5049,4808.57,240.43,INR,8/27/2026 6:12,Cleartrip
MAA,HYD,IndiGo,6E-6892,1 stop,9/26/2026,10:55,16:05,5049,4808.57,240.43,INR,8/27/2026 6:12,Cleartrip
MAA,HYD,IndiGo,6E-6892,1 stop,10/11/2026,10:55,17:45,5049,4808.57,240.43,INR,8/27/2026 6:12,Cleartrip
MAA,HYD,IndiGo,6.00E-189,1 stop,9/26/2026,19:05,22:45,5049,4808.57,240.43,INR,8/27/2026 6:12,Cleartrip
AMD,BOM,IndiGo,6E-868,Non-stop,9/11/2026,21:25,23:00,5053,4812.38,240.62,INR,8/27/2026 6:09,Cleartrip
AMD,BOM,IndiGo,6E-5160,Non-stop,9/26/2026,19:35,21:05,5053,4812.38,240.62,INR,8/27/2026 6:09,Cleartrip
AMD,BOM,IndiGo,6E-5078,Non-stop,9/26/2026,10:55,12:20,5053,4812.38,240.62,INR,8/27/2026 6:09,Cleartrip
GOI,BOM,IndiGo,6E-7038,Non-stop,8/28/2026,17:25,18:55,5057,4816.19,240.81,INR,8/27/2026 6:15,Cleartrip
GOI,BOM,IndiGo,6E-6360,Non-stop,9/11/2026,21:45,23:00,5057,4816.19,240.81,INR,8/27/2026 6:15,Cleartrip
GOI,BOM,IndiGo,6E-6360,Non-stop,9/3/2026,21:45,23:00,5057,4816.19,240.81,INR,8/27/2026 6:15,Cleartrip
GOI,BOM,IndiGo,6E-6360,Non-stop,8/28/2026,21:45,23:00,5057,4816.19,240.81,INR,8/27/2026 6:15,Cleartrip
GOI,BOM,IndiGo,6E-6156,Non-stop,9/26/2026,0:05,1:25,5067,4825.71,241.29,INR,8/27/2026 6:16,Cleartrip
GOI,BOM,Air India,AI-2842,Non-stop,8/28/2026,13:15,14:50,5089,4846.67,242.33,INR,8/27/2026 6:15,Cleartrip
GOI,BOM,Air India,AI-604,Non-stop,9/11/2026,7:05,8:30,5089,4846.67,242.33,INR,8/27/2026 6:15,Cleartrip
BLR,PNQ,Akasa Air,QP-1317,Non-stop,8/28/2026,20:05,21:35,5094,4851.43,242.57,INR,8/27/2026 6:09,Cleartrip
BLR,PNQ,IndiGo,6E-6563,Non-stop,8/28/2026,1:05,2:35,5094,4851.43,242.57,INR,8/27/2026 6:09,Cleartrip
BLR,PNQ,IndiGo,6.00E-173,Non-stop,8/28/2026,15:30,17:00,5094,4851.43,242.57,INR,8/27/2026 6:09,Cleartrip
BLR,PNQ,Akasa Air,QP-1311,Non-stop,8/28/2026,5:10,6:50,5094,4851.43,242.57,INR,8/27/2026 6:09,Cleartrip
BLR,HYD,IndiGo,6E-855,Non-stop,10/11/2026,19:45,21:00,5113,4869.52,243.48,INR,8/27/2026 6:05,Cleartrip
BLR,HYD,IndiGo,6E-6404,Non-stop,9/11/2026,11:35,12:50,5113,4869.52,243.48,INR,8/27/2026 6:04,Cleartrip
BLR,HYD,IndiGo,6E-6067,Non-stop,9/11/2026,16:30,17:45,5113,4869.52,243.48,INR,8/27/2026 6:04,Cleartrip
BLR,HYD,IndiGo,6E-537,Non-stop,10/11/2026,10:15,11:30,5113,4869.52,243.48,INR,8/27/2026 6:05,Cleartrip
BLR,HYD,IndiGo,6E-638,Non-stop,10/11/2026,18:35,19:45,5113,4869.52,243.48,INR,8/27/2026 6:05,Cleartrip
BLR,HYD,IndiGo,6E-312,Non-stop,10/11/2026,9:15,10:30,5113,4869.52,243.48,INR,8/27/2026 6:05,Cleartrip
BLR,HYD,IndiGo,6E-312,Non-stop,9/11/2026,9:15,10:30,5113,4869.52,243.48,INR,8/27/2026 6:04,Cleartrip
BLR,HYD,Air India Express,IX-2506,Non-stop,9/11/2026,17:15,18:40,5113,4869.52,243.48,INR,8/27/2026 6:04,Cleartrip
BLR,HYD,IndiGo,6E-638,Non-stop,9/3/2026,18:35,19:45,5113,4869.52,243.48,INR,8/27/2026 6:04,Cleartrip
BLR,HYD,IndiGo,6E-537,Non-stop,9/11/2026,10:15,11:30,5113,4869.52,243.48,INR,8/27/2026 6:04,Cleartrip
BLR,HYD,IndiGo,6E-484,Non-stop,9/11/2026,8:15,9:30,5113,4869.52,243.48,INR,8/27/2026 6:04,Cleartrip
AMD,DEL,IndiGo,6E-7261,1 stop,10/11/2026,15:40,23:25,5123,4879.05,243.95,INR,8/27/2026 5:58,Cleartrip
AMD,DEL,IndiGo,6E-7114,1 stop,10/11/2026,6:15,10:10,5123,4879.05,243.95,INR,8/27/2026 5:58,Cleartrip
GOI,BOM,IndiGo,6E-7038,Non-stop,9/11/2026,17:25,18:55,5162,4916.19,245.81,INR,8/27/2026 6:15,Cleartrip
BLR,PNQ,Akasa Air,QP-1315,Non-stop,10/11/2026,15:15,16:55,5270,5019.05,250.95,INR,8/27/2026 6:10,Cleartrip
BLR,PNQ,IndiGo,6.00E-105,Non-stop,8/28/2026,18:50,20:15,5270,5019.05,250.95,INR,8/27/2026 6:09,Cleartrip
BLR,PNQ,Akasa Air,QP-1315,Non-stop,8/28/2026,15:20,16:55,5270,5019.05,250.95,INR,8/27/2026 6:09,Cleartrip
BLR,PNQ,IndiGo,6E-576,Non-stop,9/3/2026,16:25,17:55,5270,5019.05,250.95,INR,8/27/2026 6:10,Cleartrip
BLR,PNQ,IndiGo,6.00E-105,Non-stop,9/3/2026,18:50,20:15,5270,5019.05,250.95,INR,8/27/2026 6:10,Cleartrip
GOI,BOM,IndiGo,6E-6156,Non-stop,9/3/2026,0:05,1:25,5277,5025.71,251.29,INR,8/27/2026 6:15,Cleartrip
AMD,DEL,IndiGo,6E-7145,1 stop,10/11/2026,7:45,18:05,5305,5052.38,252.62,INR,8/27/2026 5:58,Cleartrip
AMD,DEL,IndiGo,6E-7568,1 stop,10/11/2026,16:55,21:25,5305,5052.38,252.62,INR,8/27/2026 5:58,Cleartrip
AMD,BOM,Air India,AI-2918,Non-stop,9/11/2026,6:05,7:45,5338,5083.81,254.19,INR,8/27/2026 6:09,Cleartrip
AMD,BOM,Air India,AI-2504,Non-stop,9/11/2026,14:55,16:35,5338,5083.81,254.19,INR,8/27/2026 6:09,Cleartrip
BLR,PNQ,Air India Express,IX-1971,Non-stop,8/28/2026,12:45,14:20,5348,5093.33,254.67,INR,8/27/2026 6:09,Cleartrip
GOI,BOM,IndiGo,6E-6360,Non-stop,9/26/2026,21:45,23:00,5402,5144.76,257.24,INR,8/27/2026 6:16,Cleartrip
AMD,BOM,Air India,AI-2916,Non-stop,9/26/2026,17:55,19:40,5415,5157.14,257.86,INR,8/27/2026 6:09,Cleartrip
BLR,HYD,Air India Express,IX-2819,Non-stop,9/3/2026,12:30,13:50,5420,5161.9,258.1,INR,8/27/2026 6:04,Cleartrip
GOI,BOM,IndiGo,6E-6278,Non-stop,9/3/2026,7:10,8:35,5438,5179.05,258.95,INR,8/27/2026 6:15,Cleartrip
GOI,BOM,IndiGo,6E-6278,Non-stop,9/26/2026,7:10,8:35,5438,5179.05,258.95,INR,8/27/2026 6:16,Cleartrip
BLR,PNQ,Akasa Air,QP-1311,Non-stop,10/11/2026,5:10,6:50,5455,5195.24,259.76,INR,8/27/2026 6:11,Cleartrip
BLR,PNQ,IndiGo,6E-6104,Non-stop,10/11/2026,11:40,13:10,5455,5195.24,259.76,INR,8/27/2026 6:10,Cleartrip
BLR,PNQ,IndiGo,6E-441,Non-stop,10/11/2026,20:40,22:05,5455,5195.24,259.76,INR,8/27/2026 6:10,Cleartrip
GOI,BOM,IndiGo,6E-7038,Non-stop,9/3/2026,17:25,18:55,5477,5216.19,260.81,INR,8/27/2026 6:15,Cleartrip
GOI,BOM,IndiGo,6E-2175,Non-stop,9/26/2026,6:40,8:05,5487,5225.71,261.29,INR,8/27/2026 6:16,Cleartrip
GOI,BOM,IndiGo,6E-2175,Non-stop,9/3/2026,6:40,8:05,5487,5225.71,261.29,INR,8/27/2026 6:15,Cleartrip
MAA,HYD,IndiGo,6E-6140,1 stop,9/11/2026,2:30,7:20,5501,5239.05,261.95,INR,8/27/2026 6:11,Cleartrip
GOI,BOM,IndiGo,6E-985,1 stop,9/3/2026,21:40,4:30,5505,5242.86,262.14,INR,8/27/2026 6:15,Cleartrip
GOI,BOM,IndiGo,6.00E-117,1 stop,9/3/2026,17:20,1:00,5505,5242.86,262.14,INR,8/27/2026 6:15,Cleartrip
GOI,BOM,IndiGo,6E-374,1 stop,9/11/2026,16:35,1:00,5505,5242.86,262.14,INR,8/27/2026 6:15,Cleartrip
GOI,BOM,IndiGo,6E-6177,1 stop,9/3/2026,20:05,1:00,5505,5242.86,262.14,INR,8/27/2026 6:15,Cleartrip
BLR,HYD,IndiGo,6E-6404,Non-stop,10/11/2026,11:35,12:50,5510,5247.62,262.38,INR,8/27/2026 6:05,Cleartrip
MAA,HYD,IndiGo,6E-479,1 stop,9/11/2026,9:55,17:30,5514,5251.43,262.57,INR,8/27/2026 6:11,Cleartrip
MAA,HYD,IndiGo,6.00E-253,1 stop,9/11/2026,3:10,7:50,5514,5251.43,262.57,INR,8/27/2026 6:11,Cleartrip
MAA,HYD,IndiGo,6E-447,1 stop,9/11/2026,12:25,17:30,5514,5251.43,262.57,INR,8/27/2026 6:11,Cleartrip
MAA,HYD,IndiGo,6E-881,1 stop,9/11/2026,14:15,21:45,5514,5251.43,262.57,INR,8/27/2026 6:11,Cleartrip
MAA,HYD,IndiGo,6E-607,1 stop,9/11/2026,5:40,14:10,5514,5251.43,262.57,INR,8/27/2026 6:11,Cleartrip
BLR,PNQ,Akasa Air,QP-1311,Non-stop,9/11/2026,5:10,6:50,5646,5377.14,268.86,INR,8/27/2026 6:10,Cleartrip
BLR,PNQ,IndiGo,6E-6563,Non-stop,10/11/2026,1:05,2:35,5646,5377.14,268.86,INR,8/27/2026 6:11,Cleartrip
MAA,HYD,IndiGo,6E-2698,1 stop,9/11/2026,16:30,21:50,5646,5377.14,268.86,INR,8/27/2026 6:11,Cleartrip
MAA,HYD,IndiGo,6E-6181,1 stop,9/11/2026,10:20,14:15,5646,5377.14,268.86,INR,8/27/2026 6:11,Cleartrip
MAA,HYD,IndiGo,6E-5394,1 stop,9/11/2026,8:00,13:40,5646,5377.14,268.86,INR,8/27/2026 6:11,Cleartrip
BLR,PNQ,IndiGo,6E-6876,Non-stop,10/11/2026,2:40,4:05,5646,5377.14,268.86,INR,8/27/2026 6:11,Cleartrip
BLR,PNQ,IndiGo,6.00E-105,Non-stop,10/11/2026,18:50,20:15,5646,5377.14,268.86,INR,8/27/2026 6:11,Cleartrip
AMD,BOM,Star Air,S5-628,1 stop,8/28/2026,6:40,9:15,5700,5428.57,271.43,INR,8/27/2026 6:08,Cleartrip
AMD,BOM,Air India,AI-2848,Non-stop,9/26/2026,12:00,13:40,5708,5436.19,271.81,INR,8/27/2026 6:09,Cleartrip
AMD,DEL,IndiGo,6E-5385,Non-stop,10/11/2026,0:05,2:00,5750,5476.19,273.81,INR,8/27/2026 5:58,Cleartrip
AMD,DEL,IndiGo,6E-5072,Non-stop,9/26/2026,14:35,16:20,5750,5476.19,273.81,INR,8/27/2026 5:58,Cleartrip
AMD,DEL,IndiGo,6E-5385,Non-stop,9/26/2026,0:05,2:00,5750,5476.19,273.81,INR,8/27/2026 5:58,Cleartrip
AMD,DEL,IndiGo,6E-5385,Non-stop,9/11/2026,0:05,2:00,5750,5476.19,273.81,INR,8/27/2026 5:58,Cleartrip
AMD,DEL,IndiGo,6E-2179,Non-stop,9/26/2026,9:50,11:35,5750,5476.19,273.81,INR,8/27/2026 5:58,Cleartrip
BLR,HYD,Alliance Air,9I-517,Non-stop,9/3/2026,20:50,22:35,5789,5513.33,275.67,INR,8/27/2026 6:04,Cleartrip
BLR,HYD,Alliance Air,9I-517,Non-stop,9/11/2026,21:50,23:35,5789,5513.33,275.67,INR,8/27/2026 6:04,Cleartrip
BLR,PNQ,IndiGo,6.00E-173,Non-stop,9/11/2026,15:30,17:00,5847,5568.57,278.43,INR,8/27/2026 6:10,Cleartrip
BLR,PNQ,Akasa Air,QP-1325,Non-stop,9/11/2026,14:30,16:05,5847,5568.57,278.43,INR,8/27/2026 6:10,Cleartrip
BLR,PNQ,IndiGo,6E-528,Non-stop,9/11/2026,21:40,23:10,5847,5568.57,278.43,INR,8/27/2026 6:10,Cleartrip
GOI,BOM,IndiGo,6E-5176,Non-stop,9/26/2026,20:55,22:15,5858,5579.05,278.95,INR,8/27/2026 6:16,Cleartrip
GOI,BOM,Akasa Air,QP-1176,Non-stop,9/26/2026,20:25,21:45,5886,5605.71,280.29,INR,8/27/2026 6:16,Cleartrip
GOI,BOM,Akasa Air,QP-1176,Non-stop,9/11/2026,20:25,21:45,5886,5605.71,280.29,INR,8/27/2026 6:15,Cleartrip
GOI,BOM,IndiGo,6E-374,1 stop,9/26/2026,13:05,20:30,5888,5607.62,280.38,INR,8/27/2026 6:16,Cleartrip
GOI,BOM,IndiGo,6E-6177,1 stop,9/26/2026,20:05,1:00,5888,5607.62,280.38,INR,8/27/2026 6:16,Cleartrip
GOI,BOM,IndiGo,6E-985,1 stop,9/26/2026,21:40,4:35,5888,5607.62,280.38,INR,8/27/2026 6:16,Cleartrip
HYD,BOM,Alliance Air,9I-925,Non-stop,9/3/2026,0:55,3:10,5899,5618.1,280.9,INR,8/27/2026 6:00,Cleartrip
AMD,DEL,IndiGo,6E-2340,Non-stop,9/11/2026,12:15,14:10,5945,5661.9,283.1,INR,8/27/2026 5:58,Cleartrip
AMD,DEL,IndiGo,6E-2340,Non-stop,9/3/2026,12:15,14:10,5945,5661.9,283.1,INR,8/27/2026 5:57,Cleartrip
AMD,DEL,IndiGo,6E-983,Non-stop,9/26/2026,7:30,9:15,5945,5661.9,283.1,INR,8/27/2026 5:58,Cleartrip
AMD,DEL,IndiGo,6E-2340,Non-stop,10/11/2026,12:15,14:10,5945,5661.9,283.1,INR,8/27/2026 5:58,Cleartrip
AMD,DEL,IndiGo,6E-2209,Non-stop,9/26/2026,5:00,6:45,5945,5661.9,283.1,INR,8/27/2026 5:58,Cleartrip
AMD,DEL,IndiGo,6E-2340,Non-stop,9/26/2026,12:15,14:10,5945,5661.9,283.1,INR,8/27/2026 5:58,Cleartrip
BLR,HYD,Air India Express,IX-2506,Non-stop,9/3/2026,17:15,18:40,5948,5664.76,283.24,INR,8/27/2026 6:04,Cleartrip
BLR,HYD,IndiGo,6E-484,Non-stop,9/3/2026,8:15,9:30,5948,5664.76,283.24,INR,8/27/2026 6:04,Cleartrip
BLR,HYD,IndiGo,6E-6784,Non-stop,9/3/2026,21:30,22:45,5948,5664.76,283.24,INR,8/27/2026 6:04,Cleartrip
BLR,HYD,IndiGo,6E-6067,Non-stop,9/3/2026,16:30,17:45,5948,5664.76,283.24,INR,8/27/2026 6:04,Cleartrip
BLR,HYD,IndiGo,6E-537,Non-stop,9/3/2026,10:15,11:30,5948,5664.76,283.24,INR,8/27/2026 6:04,Cleartrip
BLR,HYD,IndiGo,6E-855,Non-stop,9/11/2026,19:45,21:00,5948,5664.76,283.24,INR,8/27/2026 6:04,Cleartrip
BLR,BOM,Akasa Air,QP-1517,Non-stop,9/3/2026,7:40,9:20,6056,5767.62,288.38,INR,8/27/2026 5:52,Cleartrip
BLR,PNQ,IndiGo,6E-6104,Non-stop,9/11/2026,11:40,13:10,6056,5767.62,288.38,INR,8/27/2026 6:10,Cleartrip
BLR,BOM,Akasa Air,QP-2008,Non-stop,10/11/2026,20:00,21:50,6090,5800,290,INR,8/27/2026 5:53,Cleartrip
DEL,SXR,IndiGo,6E-6092,1 stop,9/3/2026,8:00,14:20,6114,5822.86,291.14,INR,8/27/2026 6:03,Cleartrip
DEL,SXR,IndiGo,6E-6474,1 stop,9/3/2026,7:20,10:35,6114,5822.86,291.14,INR,8/27/2026 6:03,Cleartrip
AMD,DEL,Air India,AI-818,Non-stop,9/26/2026,8:25,10:14,6116,5824.76,291.24,INR,8/27/2026 5:58,Cleartrip
AMD,DEL,Air India,AI-424,Non-stop,10/11/2026,12:30,14:10,6116,5824.76,291.24,INR,8/27/2026 5:58,Cleartrip
AMD,DEL,Air India,AI-818,Non-stop,10/11/2026,8:25,10:14,6116,5824.76,291.24,INR,8/27/2026 5:58,Cleartrip
AMD,DEL,Air India,AI-882,Non-stop,8/28/2026,15:55,17:45,6116,5824.76,291.24,INR,8/27/2026 5:57,Cleartrip
AMD,DEL,Air India,AI-882,Non-stop,9/26/2026,15:55,17:45,6116,5824.76,291.24,INR,8/27/2026 5:58,Cleartrip
AMD,DEL,Air India,AI-424,Non-stop,9/11/2026,13:00,14:40,6116,5824.76,291.24,INR,8/27/2026 5:58,Cleartrip
AMD,DEL,IndiGo,6E-5072,Non-stop,9/3/2026,14:35,16:20,6155,5861.9,293.1,INR,8/27/2026 5:57,Cleartrip
AMD,DEL,IndiGo,6E-5072,Non-stop,9/11/2026,14:35,16:20,6155,5861.9,293.1,INR,8/27/2026 5:58,Cleartrip
AMD,DEL,IndiGo,6E-980,Non-stop,9/11/2026,17:05,18:50,6155,5861.9,293.1,INR,8/27/2026 5:58,Cleartrip
AMD,DEL,IndiGo,6E-932,Non-stop,9/11/2026,21:50,23:30,6155,5861.9,293.1,INR,8/27/2026 5:58,Cleartrip
AMD,DEL,IndiGo,6E-2209,Non-stop,9/11/2026,5:00,6:45,6155,5861.9,293.1,INR,8/27/2026 5:58,Cleartrip
AMD,DEL,IndiGo,6E-2263,Non-stop,9/11/2026,19:25,21:05,6155,5861.9,293.1,INR,8/27/2026 5:58,Cleartrip
AMD,DEL,IndiGo,6E-983,Non-stop,9/11/2026,7:30,9:15,6155,5861.9,293.1,INR,8/27/2026 5:58,Cleartrip
AMD,DEL,IndiGo,6E-2209,Non-stop,10/11/2026,5:00,6:45,6155,5861.9,293.1,INR,8/27/2026 5:58,Cleartrip
AMD,DEL,IndiGo,6E-980,Non-stop,8/28/2026,17:05,18:50,6155,5861.9,293.1,INR,8/27/2026 5:57,Cleartrip
AMD,DEL,IndiGo,6E-5385,Non-stop,9/3/2026,0:05,2:00,6155,5861.9,293.1,INR,8/27/2026 5:57,Cleartrip
AMD,DEL,IndiGo,6E-5072,Non-stop,8/28/2026,14:35,16:20,6155,5861.9,293.1,INR,8/27/2026 5:57,Cleartrip
AMD,DEL,IndiGo,6E-2263,Non-stop,8/28/2026,19:25,21:05,6155,5861.9,293.1,INR,8/27/2026 5:57,Cleartrip
AMD,DEL,IndiGo,6E-932,Non-stop,8/28/2026,21:50,23:30,6155,5861.9,293.1,INR,8/27/2026 5:57,Cleartrip
AMD,DEL,IndiGo,6E-2179,Non-stop,9/11/2026,9:50,11:35,6155,5861.9,293.1,INR,8/27/2026 5:58,Cleartrip
AMD,DEL,IndiGo,6E-932,Non-stop,10/11/2026,21:50,23:30,6155,5861.9,293.1,INR,8/27/2026 5:58,Cleartrip
AMD,DEL,IndiGo,6E-2263,Non-stop,10/11/2026,19:25,21:05,6155,5861.9,293.1,INR,8/27/2026 5:58,Cleartrip
AMD,DEL,IndiGo,6E-932,Non-stop,9/3/2026,21:50,23:30,6155,5861.9,293.1,INR,8/27/2026 5:57,Cleartrip
AMD,DEL,IndiGo,6E-980,Non-stop,9/26/2026,17:05,18:50,6155,5861.9,293.1,INR,8/27/2026 5:58,Cleartrip
AMD,DEL,IndiGo,6E-980,Non-stop,9/3/2026,17:05,18:50,6155,5861.9,293.1,INR,8/27/2026 5:57,Cleartrip
AMD,DEL,IndiGo,6E-2263,Non-stop,9/3/2026,19:25,21:05,6155,5861.9,293.1,INR,8/27/2026 5:57,Cleartrip
AMD,DEL,IndiGo,6E-2263,Non-stop,9/26/2026,19:25,21:05,6155,5861.9,293.1,INR,8/27/2026 5:58,Cleartrip
AMD,DEL,IndiGo,6E-932,Non-stop,9/26/2026,21:50,23:30,6155,5861.9,293.1,INR,8/27/2026 5:58,Cleartrip
AMD,BOM,IndiGo,6E-2046,Non-stop,10/11/2026,8:55,10:00,6172,5878.1,293.9,INR,8/27/2026 6:09,Cleartrip
AMD,BOM,IndiGo,6E-6205,Non-stop,10/11/2026,1:15,2:55,6257,5959.05,297.95,INR,8/27/2026 6:09,Cleartrip
BLR,BOM,Akasa Air,QP-1150,Non-stop,9/3/2026,16:05,18:05,6282,5982.86,299.14,INR,8/27/2026 5:52,Cleartrip
AMD,DEL,Air India,AI-2482,Non-stop,8/28/2026,17:20,19:05,6311,6010.48,300.52,INR,8/27/2026 5:57,Cleartrip
AMD,DEL,Air India,AI-2938,Non-stop,9/11/2026,18:55,20:40,6311,6010.48,300.52,INR,8/27/2026 5:58,Cleartrip
AMD,DEL,Air India,AI-424,Non-stop,8/28/2026,12:45,14:25,6311,6010.48,300.52,INR,8/27/2026 5:57,Cleartrip
DEL,SXR,IndiGo,6E-6050,1 stop,9/3/2026,8:15,14:10,6312,6011.43,300.57,INR,8/27/2026 6:03,Cleartrip
DEL,CCU,Air India Express,IX-1273,1 stop,9/3/2026,12:20,18:15,6320,6019.05,300.95,INR,8/27/2026 5:56,Cleartrip
DEL,CCU,Air India Express,IX-1001,1 stop,8/28/2026,9:00,18:25,6320,6019.05,300.95,INR,8/27/2026 5:56,Cleartrip
DEL,CCU,Air India Express,IX-1067,1 stop,8/28/2026,6:10,18:25,6320,6019.05,300.95,INR,8/27/2026 5:56,Cleartrip
DEL,CCU,Air India Express,IX-1273,1 stop,9/11/2026,12:20,18:15,6320,6019.05,300.95,INR,8/27/2026 5:56,Cleartrip
DEL,BOM,SpiceJet,SG-162,Non-stop,9/26/2026,20:10,22:30,6324,6022.86,301.14,INR,8/27/2026 5:50,Cleartrip
DEL,BOM,SpiceJet,SG-808,Non-stop,9/11/2026,14:30,17:05,6324,6022.86,301.14,INR,8/27/2026 5:49,Cleartrip
DEL,BOM,SpiceJet,SG-815,Non-stop,9/11/2026,9:15,11:25,6324,6022.86,301.14,INR,8/27/2026 5:49,Cleartrip
DEL,BOM,SpiceJet,SG-510,Non-stop,9/26/2026,4:00,6:15,6324,6022.86,301.14,INR,8/27/2026 5:50,Cleartrip
DEL,BOM,SpiceJet,SG-476,Non-stop,9/26/2026,18:35,20:45,6324,6022.86,301.14,INR,8/27/2026 5:50,Cleartrip
DEL,BOM,SpiceJet,SG-802,Non-stop,9/26/2026,22:30,0:50,6324,6022.86,301.14,INR,8/27/2026 5:50,Cleartrip
MAA,HYD,IndiGo,6E-561,1 stop,9/3/2026,22:20,3:10,6333,6031.43,301.57,INR,8/27/2026 6:11,Cleartrip
MAA,HYD,IndiGo,6.00E-183,1 stop,9/3/2026,16:35,23:40,6333,6031.43,301.57,INR,8/27/2026 6:11,Cleartrip
MAA,HYD,IndiGo,6E-479,1 stop,9/3/2026,9:55,13:35,6333,6031.43,301.57,INR,8/27/2026 6:11,Cleartrip
MAA,HYD,IndiGo,6E-447,1 stop,9/3/2026,12:25,17:30,6333,6031.43,301.57,INR,8/27/2026 6:11,Cleartrip
MAA,HYD,IndiGo,6E-881,1 stop,9/3/2026,14:15,21:45,6333,6031.43,301.57,INR,8/27/2026 6:11,Cleartrip
MAA,HYD,IndiGo,6.00E-253,1 stop,9/3/2026,3:10,7:50,6333,6031.43,301.57,INR,8/27/2026 6:11,Cleartrip
MAA,HYD,IndiGo,6E-502,1 stop,9/3/2026,11:10,16:05,6333,6031.43,301.57,INR,8/27/2026 6:11,Cleartrip
BLR,CCU,IndiGo,6E-6439,Non-stop,9/3/2026,6:30,9:10,6345,6042.86,302.14,INR,8/27/2026 6:01,Cleartrip
DEL,SXR,IndiGo,6E-5197,Non-stop,8/28/2026,9:55,11:25,6373,6069.52,303.48,INR,8/27/2026 6:02,Cleartrip
GOI,BOM,IndiGo,6E-5242,Non-stop,9/11/2026,18:40,19:55,6402,6097.14,304.86,INR,8/27/2026 6:15,Cleartrip
DEL,BOM,SpiceJet,SG-802,Non-stop,9/3/2026,22:30,0:50,6408,6102.86,305.14,INR,8/27/2026 5:49,Cleartrip
DEL,BOM,SpiceJet,SG-808,Non-stop,9/3/2026,14:30,17:05,6408,6102.86,305.14,INR,8/27/2026 5:49,Cleartrip
DEL,BOM,SpiceJet,SG-802,Non-stop,8/28/2026,22:30,0:50,6408,6102.86,305.14,INR,8/27/2026 5:48,Cleartrip
DEL,BOM,SpiceJet,SG-800,Non-stop,8/28/2026,21:00,23:10,6408,6102.86,305.14,INR,8/27/2026 5:48,Cleartrip
BLR,HYD,IndiGo,6E-638,Non-stop,9/11/2026,18:35,19:45,6431,6124.76,306.24,INR,8/27/2026 6:04,Cleartrip
DEL,SXR,IndiGo,6E-6010,1 stop,9/3/2026,11:40,14:20,6444,6137.14,306.86,INR,8/27/2026 6:03,Cleartrip
BLR,BOM,IndiGo,6E-5205,Non-stop,9/11/2026,3:45,5:30,6454,6146.67,307.33,INR,8/27/2026 5:52,Cleartrip
BLR,BOM,IndiGo,6E-6030,Non-stop,9/11/2026,15:00,16:40,6454,6146.67,307.33,INR,8/27/2026 5:52,Cleartrip
BLR,BOM,IndiGo,6E-2086,Non-stop,9/3/2026,9:20,10:55,6454,6146.67,307.33,INR,8/27/2026 5:52,Cleartrip
BLR,BOM,IndiGo,6E-5293,Non-stop,9/11/2026,1:00,2:50,6454,6146.67,307.33,INR,8/27/2026 5:52,Cleartrip
BLR,BOM,Air India Express,IX-1581,Non-stop,8/28/2026,18:25,20:10,6454,6146.67,307.33,INR,8/27/2026 5:52,Cleartrip
MAA,HYD,IndiGo,6E-6487,Non-stop,9/3/2026,21:25,22:40,6457,6149.52,307.48,INR,8/27/2026 6:11,Cleartrip
MAA,HYD,IndiGo,6E-6181,1 stop,9/3/2026,10:15,14:15,6465,6157.14,307.86,INR,8/27/2026 6:11,Cleartrip
DEL,BOM,Akasa Air,QP-2074,Non-stop,8/28/2026,14:10,16:25,6500,6190.48,309.52,INR,8/27/2026 5:48,Cleartrip
DEL,BOM,Akasa Air,QP-2012,Non-stop,10/11/2026,8:55,11:15,6500,6190.48,309.52,INR,8/27/2026 5:50,Cleartrip
DEL,BOM,Akasa Air,QP-2074,Non-stop,9/11/2026,14:10,16:25,6500,6190.48,309.52,INR,8/27/2026 5:49,Cleartrip
BLR,PNQ,Akasa Air,QP-1315,Non-stop,9/11/2026,15:20,16:55,6502,6192.38,309.62,INR,8/27/2026 6:10,Cleartrip
HYD,BOM,IndiGo,6E-5384,Non-stop,9/3/2026,12:55,14:25,6517,6206.67,310.33,INR,8/27/2026 6:00,Cleartrip
HYD,BOM,IndiGo,6E-5143,Non-stop,9/11/2026,3:00,4:35,6517,6206.67,310.33,INR,8/27/2026 6:00,Cleartrip
HYD,BOM,IndiGo,6E-5384,Non-stop,9/26/2026,12:55,14:25,6517,6206.67,310.33,INR,8/27/2026 6:01,Cleartrip
HYD,BOM,IndiGo,6E-5245,Non-stop,9/26/2026,5:00,6:25,6517,6206.67,310.33,INR,8/27/2026 6:01,Cleartrip
HYD,BOM,IndiGo,6E-5099,Non-stop,9/11/2026,14:15,15:55,6517,6206.67,310.33,INR,8/27/2026 6:00,Cleartrip
HYD,BOM,IndiGo,6E-5245,Non-stop,8/28/2026,5:00,6:25,6517,6206.67,310.33,INR,8/27/2026 6:00,Cleartrip
HYD,BOM,IndiGo,6E-5245,Non-stop,9/11/2026,5:00,6:25,6517,6206.67,310.33,INR,8/27/2026 6:00,Cleartrip
HYD,BOM,IndiGo,6E-6196,Non-stop,9/26/2026,6:30,7:55,6517,6206.67,310.33,INR,8/27/2026 6:01,Cleartrip
HYD,BOM,IndiGo,6E-5143,Non-stop,10/11/2026,3:00,4:35,6517,6206.67,310.33,INR,8/27/2026 6:01,Cleartrip
HYD,BOM,IndiGo,6E-5143,Non-stop,9/26/2026,3:00,4:35,6517,6206.67,310.33,INR,8/27/2026 6:01,Cleartrip
HYD,BOM,IndiGo,6E-6196,Non-stop,9/11/2026,6:30,7:55,6517,6206.67,310.33,INR,8/27/2026 6:00,Cleartrip
HYD,BOM,IndiGo,6E-5384,Non-stop,9/11/2026,12:55,14:25,6517,6206.67,310.33,INR,8/27/2026 6:00,Cleartrip
HYD,BOM,IndiGo,6E-5245,Non-stop,9/3/2026,5:00,6:25,6517,6206.67,310.33,INR,8/27/2026 6:00,Cleartrip
HYD,BOM,IndiGo,6E-5099,Non-stop,9/3/2026,14:15,15:55,6517,6206.67,310.33,INR,8/27/2026 6:00,Cleartrip
HYD,BOM,IndiGo,6E-5143,Non-stop,9/3/2026,3:00,4:30,6517,6206.67,310.33,INR,8/27/2026 6:00,Cleartrip
HYD,BOM,IndiGo,6E-5099,Non-stop,9/26/2026,14:15,15:55,6517,6206.67,310.33,INR,8/27/2026 6:01,Cleartrip
AMD,BOM,Akasa Air,QP-1194,Non-stop,10/11/2026,5:00,6:25,6520,6209.52,310.48,INR,8/27/2026 6:09,Cleartrip
AMD,DEL,Air India,AI-2716,Non-stop,8/28/2026,14:00,15:35,6521,6210.48,310.52,INR,8/27/2026 5:57,Cleartrip
DEL,BOM,SpiceJet,SG-808,Non-stop,10/11/2026,14:45,17:05,6528,6217.14,310.86,INR,8/27/2026 5:50,Cleartrip
DEL,BOM,SpiceJet,SG-800,Non-stop,10/11/2026,21:00,23:10,6528,6217.14,310.86,INR,8/27/2026 5:50,Cleartrip
DEL,BOM,SpiceJet,SG-510,Non-stop,10/11/2026,4:00,6:15,6528,6217.14,310.86,INR,8/27/2026 5:50,Cleartrip
DEL,BOM,SpiceJet,SG-802,Non-stop,10/11/2026,22:30,0:50,6528,6217.14,310.86,INR,8/27/2026 5:50,Cleartrip
DEL,BOM,SpiceJet,SG-162,Non-stop,10/11/2026,20:10,22:30,6528,6217.14,310.86,INR,8/27/2026 5:50,Cleartrip
DEL,BOM,SpiceJet,SG-476,Non-stop,10/11/2026,18:35,20:45,6528,6217.14,310.86,INR,8/27/2026 5:50,Cleartrip
DEL,BOM,SpiceJet,SG-815,Non-stop,10/11/2026,9:15,11:25,6528,6217.14,310.86,INR,8/27/2026 5:50,Cleartrip
DEL,BOM,Air India Express,IX-1080,Non-stop,9/26/2026,18:40,21:05,6529,6218.1,310.9,INR,8/27/2026 5:50,Cleartrip
DEL,SXR,SpiceJet,SG-980,Non-stop,8/28/2026,11:30,12:55,6529,6218.1,310.9,INR,8/27/2026 6:02,Cleartrip
DEL,BOM,Air India Express,IX-1235,Non-stop,9/3/2026,23:25,1:50,6529,6218.1,310.9,INR,8/27/2026 5:49,Cleartrip
DEL,BOM,Air India Express,IX-1038,Non-stop,8/28/2026,18:40,20:30,6529,6218.1,310.9,INR,8/27/2026 5:48,Cleartrip
DEL,BOM,Air India Express,IX-1056,Non-stop,9/3/2026,5:35,8:05,6529,6218.1,310.9,INR,8/27/2026 5:49,Cleartrip
DEL,BOM,Air India Express,IX-1038,Non-stop,9/3/2026,17:35,19:45,6529,6218.1,310.9,INR,8/27/2026 5:49,Cleartrip
DEL,BOM,Air India Express,IX-1605,Non-stop,8/28/2026,6:00,8:10,6529,6218.1,310.9,INR,8/27/2026 5:48,Cleartrip
DEL,BOM,IndiGo,6E-6470,Non-stop,8/28/2026,6:55,9:05,6529,6218.1,310.9,INR,8/27/2026 5:48,Cleartrip
DEL,BOM,Air India Express,IX-1395,Non-stop,8/28/2026,19:15,21:40,6529,6218.1,310.9,INR,8/27/2026 5:48,Cleartrip
DEL,BOM,Air India Express,IX-1056,Non-stop,8/28/2026,17:50,20:10,6529,6218.1,310.9,INR,8/27/2026 5:48,Cleartrip
DEL,SXR,SpiceJet,SG-253,Non-stop,9/3/2026,10:20,12:00,6529,6218.1,310.9,INR,8/27/2026 6:03,Cleartrip
DEL,SXR,SpiceJet,SG-980,Non-stop,9/3/2026,11:30,12:55,6529,6218.1,310.9,INR,8/27/2026 6:03,Cleartrip
DEL,BOM,IndiGo,6E-955,Non-stop,8/28/2026,20:20,22:20,6529,6218.1,310.9,INR,8/27/2026 5:48,Cleartrip
DEL,BOM,Air India Express,IX-1463,Non-stop,10/11/2026,11:15,13:20,6529,6218.1,310.9,INR,8/27/2026 5:50,Cleartrip
DEL,BOM,IndiGo,6E-955,Non-stop,10/11/2026,20:20,22:20,6529,6218.1,310.9,INR,8/27/2026 5:50,Cleartrip
DEL,BOM,IndiGo,6E-6470,Non-stop,10/11/2026,6:55,9:05,6529,6218.1,310.9,INR,8/27/2026 5:50,Cleartrip
DEL,BOM,IndiGo,6E-955,Non-stop,9/26/2026,20:20,22:20,6529,6218.1,310.9,INR,8/27/2026 5:50,Cleartrip
DEL,BOM,IndiGo,6E-6470,Non-stop,9/11/2026,6:55,9:05,6529,6218.1,310.9,INR,8/27/2026 5:49,Cleartrip
DEL,BOM,Air India Express,IX-1235,Non-stop,9/11/2026,23:25,1:50,6529,6218.1,310.9,INR,8/27/2026 5:49,Cleartrip
DEL,BOM,Air India Express,IX-1056,Non-stop,9/11/2026,5:35,8:05,6529,6218.1,310.9,INR,8/27/2026 5:49,Cleartrip
DEL,BOM,IndiGo,6E-6470,Non-stop,9/3/2026,6:55,9:05,6529,6218.1,310.9,INR,8/27/2026 5:49,Cleartrip
DEL,SXR,SpiceJet,SG-253,Non-stop,8/28/2026,10:20,12:00,6529,6218.1,310.9,INR,8/27/2026 6:02,Cleartrip
DEL,BOM,Air India Express,IX-1080,Non-stop,9/3/2026,18:40,21:05,6529,6218.1,310.9,INR,8/27/2026 5:49,Cleartrip
DEL,BOM,IndiGo,6E-6047,Non-stop,9/11/2026,11:00,13:15,6530,6219.05,310.95,INR,8/27/2026 5:49,Cleartrip
DEL,BOM,IndiGo,6E-864,Non-stop,9/11/2026,15:30,17:45,6530,6219.05,310.95,INR,8/27/2026 5:49,Cleartrip
DEL,BOM,IndiGo,6E-6814,Non-stop,9/3/2026,7:15,9:30,6530,6219.05,310.95,INR,8/27/2026 5:49,Cleartrip
DEL,BOM,IndiGo,6E-324,Non-stop,9/3/2026,13:00,15:10,6530,6219.05,310.95,INR,8/27/2026 5:49,Cleartrip
DEL,BOM,IndiGo,6E-675,Non-stop,9/3/2026,8:45,11:00,6530,6219.05,310.95,INR,8/27/2026 5:49,Cleartrip
DEL,BOM,IndiGo,6E-675,Non-stop,9/26/2026,8:45,11:00,6530,6219.05,310.95,INR,8/27/2026 5:50,Cleartrip
DEL,BOM,IndiGo,6E-6676,Non-stop,9/11/2026,12:00,14:15,6530,6219.05,310.95,INR,8/27/2026 5:49,Cleartrip
DEL,BOM,IndiGo,6E-6318,Non-stop,9/11/2026,14:45,17:00,6530,6219.05,310.95,INR,8/27/2026 5:49,Cleartrip
DEL,BOM,IndiGo,6E-324,Non-stop,9/26/2026,13:00,15:10,6530,6219.05,310.95,INR,8/27/2026 5:50,Cleartrip
DEL,BOM,IndiGo,6E-324,Non-stop,9/11/2026,13:00,15:10,6530,6219.05,310.95,INR,8/27/2026 5:49,Cleartrip
DEL,BOM,IndiGo,6E-6047,Non-stop,9/26/2026,11:00,13:15,6530,6219.05,310.95,INR,8/27/2026 5:50,Cleartrip
DEL,BOM,IndiGo,6E-864,Non-stop,9/26/2026,15:30,17:45,6530,6219.05,310.95,INR,8/27/2026 5:50,Cleartrip
DEL,BOM,IndiGo,6E-449,Non-stop,9/3/2026,5:00,7:15,6530,6219.05,310.95,INR,8/27/2026 5:49,Cleartrip
DEL,BOM,Akasa Air,QP-1110,Non-stop,8/28/2026,10:30,12:40,6530,6219.05,310.95,INR,8/27/2026 5:48,Cleartrip
DEL,BOM,IndiGo,6.00E-303,Non-stop,8/28/2026,20:00,22:10,6530,6219.05,310.95,INR,8/27/2026 5:48,Cleartrip
DEL,BOM,IndiGo,6E-6318,Non-stop,9/26/2026,14:45,17:00,6530,6219.05,310.95,INR,8/27/2026 5:50,Cleartrip
DEL,SXR,IndiGo,6E-2455,1 stop,9/11/2026,10:05,14:20,6540,6228.57,311.43,INR,8/27/2026 6:03,Cleartrip
DEL,SXR,IndiGo,6E-2455,1 stop,9/3/2026,10:05,14:20,6540,6228.57,311.43,INR,8/27/2026 6:03,Cleartrip
BLR,CCU,Air India Express,IX-1131,Non-stop,9/3/2026,7:05,9:45,6545,6233.33,311.67,INR,8/27/2026 6:01,Cleartrip
DEL,SXR,IndiGo,6E-6092,1 stop,9/11/2026,8:00,14:20,6548,6236.19,311.81,INR,8/27/2026 6:03,Cleartrip
DEL,SXR,IndiGo,6E-6474,1 stop,9/11/2026,7:20,10:35,6548,6236.19,311.81,INR,8/27/2026 6:03,Cleartrip
BLR,PNQ,Air India Express,IX-1971,Non-stop,9/11/2026,12:45,14:20,6565,6252.38,312.62,INR,8/27/2026 6:10,Cleartrip
MAA,HYD,Alliance Air,9I-894,Non-stop,8/28/2026,17:15,19:00,6569,6256.19,312.81,INR,8/27/2026 6:11,Cleartrip
AMD,BOM,IndiGo,6E-5139,Non-stop,10/11/2026,17:05,18:25,6572,6259.05,312.95,INR,8/27/2026 6:09,Cleartrip
GOI,DEL,IndiGo,6E-418,1 stop,9/3/2026,17:10,0:20,6579,6265.71,313.29,INR,8/27/2026 6:12,Cleartrip
GOI,DEL,IndiGo,6E-813,1 stop,9/3/2026,14:50,20:55,6579,6265.71,313.29,INR,8/27/2026 6:12,Cleartrip
GOI,DEL,IndiGo,6E-381,1 stop,9/3/2026,18:25,2:00,6579,6265.71,313.29,INR,8/27/2026 6:12,Cleartrip
GOI,DEL,IndiGo,6.00E-281,1 stop,9/3/2026,21:35,6:45,6579,6265.71,313.29,INR,8/27/2026 6:12,Cleartrip
GOI,DEL,IndiGo,6E-381,1 stop,9/11/2026,18:25,23:30,6579,6265.71,313.29,INR,8/27/2026 6:13,Cleartrip
GOI,DEL,IndiGo,6E-813,1 stop,9/11/2026,14:50,20:55,6579,6265.71,313.29,INR,8/27/2026 6:13,Cleartrip
GOI,DEL,IndiGo,6E-418,1 stop,9/11/2026,17:10,0:20,6579,6265.71,313.29,INR,8/27/2026 6:13,Cleartrip
DEL,CCU,Air India Express,IX-1067,1 stop,9/3/2026,6:10,18:15,6581,6267.62,313.38,INR,8/27/2026 5:56,Cleartrip
GOI,DEL,Akasa Air,QP-1816,Non-stop,8/28/2026,18:35,21:15,6586,6272.38,313.62,INR,8/27/2026 6:12,Cleartrip
GOI,DEL,Akasa Air,QP-1818,Non-stop,8/28/2026,14:20,17:05,6586,6272.38,313.62,INR,8/27/2026 6:12,Cleartrip
GOI,DEL,Akasa Air,QP-1814,Non-stop,8/28/2026,11:30,14:15,6586,6272.38,313.62,INR,8/27/2026 6:12,Cleartrip
GOI,DEL,IndiGo,6E-6278,1 stop,9/3/2026,7:10,12:30,6590,6276.19,313.81,INR,8/27/2026 6:12,Cleartrip
GOI,DEL,IndiGo,6.00E-198,1 stop,9/3/2026,12:10,19:35,6590,6276.19,313.81,INR,8/27/2026 6:12,Cleartrip
DEL,CCU,IndiGo,6E-2453,1 stop,9/3/2026,13:35,21:05,6596,6281.9,314.1,INR,8/27/2026 5:56,Cleartrip
DEL,CCU,IndiGo,6E-6245,1 stop,9/3/2026,6:20,13:45,6596,6281.9,314.1,INR,8/27/2026 5:56,Cleartrip
DEL,CCU,IndiGo,6E-2453,1 stop,9/11/2026,13:35,21:05,6596,6281.9,314.1,INR,8/27/2026 5:56,Cleartrip
DEL,CCU,IndiGo,6E-2373,1 stop,9/3/2026,11:10,21:05,6596,6281.9,314.1,INR,8/27/2026 5:56,Cleartrip
DEL,CCU,IndiGo,6E-6236,1 stop,9/3/2026,16:20,21:05,6596,6281.9,314.1,INR,8/27/2026 5:56,Cleartrip
DEL,CCU,IndiGo,6E-6245,1 stop,9/11/2026,6:20,13:45,6596,6281.9,314.1,INR,8/27/2026 5:56,Cleartrip
GOI,DEL,IndiGo,6E-2175,1 stop,9/11/2026,6:40,12:30,6658,6340.95,317.05,INR,8/27/2026 6:13,Cleartrip
GOI,DEL,IndiGo,6E-6156,1 stop,9/11/2026,0:05,7:10,6658,6340.95,317.05,INR,8/27/2026 6:13,Cleartrip
BLR,CCU,IndiGo,6E-442,Non-stop,9/3/2026,8:10,10:35,6660,6342.86,317.14,INR,8/27/2026 6:01,Cleartrip
BLR,CCU,IndiGo,6E-952,Non-stop,9/3/2026,22:20,1:00,6660,6342.86,317.14,INR,8/27/2026 6:01,Cleartrip
GOI,DEL,Air India Express,IX-1340,Non-stop,8/28/2026,15:00,17:45,6703,6383.81,319.19,INR,8/27/2026 6:12,Cleartrip
GOI,DEL,IndiGo,6E-2091,Non-stop,8/28/2026,13:25,16:05,6705,6385.71,319.29,INR,8/27/2026 6:12,Cleartrip
GOI,DEL,IndiGo,6E-6264,Non-stop,8/28/2026,15:20,18:00,6705,6385.71,319.29,INR,8/27/2026 6:12,Cleartrip
GOI,DEL,IndiGo,6E-5008,Non-stop,8/28/2026,22:30,1:10,6705,6385.71,319.29,INR,8/27/2026 6:12,Cleartrip
DEL,CCU,IndiGo,6E-6459,1 stop,9/3/2026,5:55,13:25,6727,6406.67,320.33,INR,8/27/2026 5:56,Cleartrip
DEL,CCU,IndiGo,6E-2361,1 stop,9/11/2026,14:35,22:15,6727,6406.67,320.33,INR,8/27/2026 5:56,Cleartrip
DEL,CCU,IndiGo,6E-2361,1 stop,9/3/2026,14:35,22:15,6727,6406.67,320.33,INR,8/27/2026 5:56,Cleartrip
DEL,CCU,IndiGo,6E-6312,1 stop,9/11/2026,14:25,20:25,6727,6406.67,320.33,INR,8/27/2026 5:56,Cleartrip
AMD,DEL,Air India,AI-2716,Non-stop,9/3/2026,14:00,15:35,6731,6410.48,320.52,INR,8/27/2026 5:57,Cleartrip
HYD,BOM,IndiGo,6E-2084,Non-stop,9/26/2026,21:05,22:35,6747,6425.71,321.29,INR,8/27/2026 6:01,Cleartrip
HYD,BOM,IndiGo,6E-2015,Non-stop,10/11/2026,16:40,18:10,6747,6425.71,321.29,INR,8/27/2026 6:01,Cleartrip
HYD,BOM,IndiGo,6E-2084,Non-stop,10/11/2026,21:05,22:35,6747,6425.71,321.29,INR,8/27/2026 6:01,Cleartrip
HYD,BOM,IndiGo,6E-2084,Non-stop,9/3/2026,21:05,22:35,6747,6425.71,321.29,INR,8/27/2026 6:00,Cleartrip
BLR,BOM,SpiceJet,SG-115,Non-stop,10/11/2026,5:00,7:00,6748,6426.67,321.33,INR,8/27/2026 5:53,Cleartrip
BLR,BOM,SpiceJet,SG-369,Non-stop,10/11/2026,0:30,2:30,6748,6426.67,321.33,INR,8/27/2026 5:53,Cleartrip
BLR,BOM,Akasa Air,QP-1528,Non-stop,9/3/2026,10:20,12:10,6768,6445.71,322.29,INR,8/27/2026 5:52,Cleartrip
DEL,SXR,IndiGo,6E-6050,1 stop,9/11/2026,8:15,14:10,6786,6462.86,323.14,INR,8/27/2026 6:03,Cleartrip
BLR,BOM,Akasa Air,QP-2006,Non-stop,10/11/2026,15:00,16:50,6790,6466.67,323.33,INR,8/27/2026 5:53,Cleartrip
DEL,SXR,IndiGo,6E-5197,Non-stop,9/11/2026,9:55,11:25,6793,6469.52,323.48,INR,8/27/2026 6:03,Cleartrip
BLR,CCU,Air India Express,IX-1370,Non-stop,9/26/2026,22:15,0:50,6795,6471.43,323.57,INR,8/27/2026 6:02,Cleartrip
GOI,DEL,Air India Express,IX-1490,Non-stop,8/28/2026,17:35,20:10,6806,6481.9,324.1,INR,8/27/2026 6:12,Cleartrip
GOI,DEL,Air India Express,IX-1818,Non-stop,8/28/2026,22:35,1:20,6806,6481.9,324.1,INR,8/27/2026 6:12,Cleartrip
DEL,CCU,IndiGo,6E-6073,1 stop,9/3/2026,5:00,10:50,6806,6481.9,324.1,INR,8/27/2026 5:56,Cleartrip
GOI,DEL,Air India Express,IX-2105,Non-stop,8/28/2026,23:55,2:40,6806,6481.9,324.1,INR,8/27/2026 6:12,Cleartrip
DEL,CCU,IndiGo,6E-5298,1 stop,9/11/2026,9:00,15:15,6806,6481.9,324.1,INR,8/27/2026 5:56,Cleartrip
DEL,CCU,IndiGo,6E-5038,1 stop,9/11/2026,14:00,20:40,6806,6481.9,324.1,INR,8/27/2026 5:56,Cleartrip
GOI,DEL,IndiGo,6E-2708,Non-stop,8/28/2026,15:30,18:05,6808,6483.81,324.19,INR,8/27/2026 6:12,Cleartrip
AMD,BOM,Akasa Air,QP-1194,Non-stop,9/3/2026,4:45,6:15,6811,6486.67,324.33,INR,8/27/2026 6:08,Cleartrip
AMD,BOM,Akasa Air,QP-1194,Non-stop,8/28/2026,4:35,6:00,6811,6486.67,324.33,INR,8/27/2026 6:08,Cleartrip
AMD,BOM,Akasa Air,QP-1104,Non-stop,10/11/2026,22:30,0:05,6811,6486.67,324.33,INR,8/27/2026 6:09,Cleartrip
AMD,BOM,Akasa Air,QP-1102,Non-stop,10/11/2026,10:35,12:00,6811,6486.67,324.33,INR,8/27/2026 6:09,Cleartrip
HYD,BOM,IndiGo,6E-5203,Non-stop,10/11/2026,22:05,23:30,6832,6506.67,325.33,INR,8/27/2026 6:01,Cleartrip
HYD,BOM,IndiGo,6E-5213,Non-stop,9/11/2026,8:00,9:30,6832,6506.67,325.33,INR,8/27/2026 6:00,Cleartrip
HYD,BOM,IndiGo,6E-5213,Non-stop,9/3/2026,8:00,9:30,6832,6506.67,325.33,INR,8/27/2026 6:00,Cleartrip
HYD,BOM,IndiGo,6E-5174,Non-stop,9/11/2026,9:30,10:55,6832,6506.67,325.33,INR,8/27/2026 6:00,Cleartrip
HYD,BOM,IndiGo,6E-6363,Non-stop,10/11/2026,23:30,1:00,6832,6506.67,325.33,INR,8/27/2026 6:01,Cleartrip
HYD,BOM,IndiGo,6E-5174,Non-stop,9/3/2026,9:30,10:55,6832,6506.67,325.33,INR,8/27/2026 6:00,Cleartrip
HYD,BOM,IndiGo,6E-6196,Non-stop,9/3/2026,6:30,7:55,6832,6506.67,325.33,INR,8/27/2026 6:00,Cleartrip
HYD,BOM,IndiGo,6E-5259,Non-stop,8/28/2026,17:20,18:50,6832,6506.67,325.33,INR,8/27/2026 6:00,Cleartrip
HYD,BOM,IndiGo,6E-6363,Non-stop,9/3/2026,23:30,1:00,6832,6506.67,325.33,INR,8/27/2026 6:00,Cleartrip
HYD,BOM,IndiGo,6E-6196,Non-stop,10/11/2026,6:30,7:55,6832,6506.67,325.33,INR,8/27/2026 6:01,Cleartrip
HYD,BOM,IndiGo,6E-5245,Non-stop,10/11/2026,5:00,6:25,6832,6506.67,325.33,INR,8/27/2026 6:01,Cleartrip
HYD,BOM,IndiGo,6E-5213,Non-stop,9/26/2026,8:00,9:30,6832,6506.67,325.33,INR,8/27/2026 6:01,Cleartrip
HYD,BOM,IndiGo,6E-5174,Non-stop,9/26/2026,9:30,10:55,6832,6506.67,325.33,INR,8/27/2026 6:01,Cleartrip
HYD,BOM,IndiGo,6E-5039,Non-stop,9/26/2026,19:00,20:30,6832,6506.67,325.33,INR,8/27/2026 6:01,Cleartrip
HYD,BOM,IndiGo,6E-5259,Non-stop,9/26/2026,17:20,18:50,6832,6506.67,325.33,INR,8/27/2026 6:01,Cleartrip
AMD,BOM,Air India,AI-2504,Non-stop,10/11/2026,14:55,16:35,6849,6522.86,326.14,INR,8/27/2026 6:09,Cleartrip
BLR,CCU,Akasa Air,QP-1561,Non-stop,9/3/2026,6:15,8:50,6870,6542.86,327.14,INR,8/27/2026 6:01,Cleartrip
HYD,BOM,Air India,AI-2872,Non-stop,8/28/2026,5:50,7:45,6881,6553.33,327.67,INR,8/27/2026 6:00,Cleartrip
HYD,BOM,Air India,AI-2872,Non-stop,9/3/2026,5:50,7:45,6881,6553.33,327.67,INR,8/27/2026 6:00,Cleartrip
HYD,BOM,Air India,AI-2872,Non-stop,9/11/2026,5:50,7:45,6881,6553.33,327.67,INR,8/27/2026 6:00,Cleartrip
HYD,BOM,Air India,AI-2626,Non-stop,9/11/2026,7:25,9:15,6881,6553.33,327.67,INR,8/27/2026 6:00,Cleartrip
HYD,BOM,Air India,AI-418,Non-stop,9/11/2026,11:30,13:25,6881,6553.33,327.67,INR,8/27/2026 6:00,Cleartrip
DEL,HYD,IndiGo,6E-6459,1 stop,10/11/2026,5:55,10:50,6885,6557.14,327.86,INR,8/27/2026 5:54,Cleartrip
DEL,HYD,IndiGo,6E-5073,1 stop,10/11/2026,17:05,22:30,6885,6557.14,327.86,INR,8/27/2026 5:54,Cleartrip
DEL,HYD,IndiGo,6E-5119,1 stop,10/11/2026,5:10,10:15,6885,6557.14,327.86,INR,8/27/2026 5:54,Cleartrip
DEL,CCU,IndiGo,6E-6245,1 stop,10/11/2026,6:20,13:45,6892,6563.81,328.19,INR,8/27/2026 5:57,Cleartrip
DEL,CCU,IndiGo,6E-2453,1 stop,9/26/2026,13:35,21:05,6892,6563.81,328.19,INR,8/27/2026 5:57,Cleartrip
DEL,CCU,IndiGo,6E-6245,1 stop,9/26/2026,6:20,13:45,6892,6563.81,328.19,INR,8/27/2026 5:57,Cleartrip
DEL,CCU,IndiGo,6E-5206,1 stop,9/26/2026,13:20,22:05,6892,6563.81,328.19,INR,8/27/2026 5:57,Cleartrip
DEL,CCU,IndiGo,6E-2453,1 stop,10/11/2026,13:35,17:40,6892,6563.81,328.19,INR,8/27/2026 5:57,Cleartrip
DEL,CCU,IndiGo,6E-2769,1 stop,10/11/2026,8:10,13:45,6892,6563.81,328.19,INR,8/27/2026 5:57,Cleartrip
DEL,CCU,IndiGo,6E-2373,1 stop,10/11/2026,11:10,17:40,6892,6563.81,328.19,INR,8/27/2026 5:57,Cleartrip
DEL,CCU,IndiGo,6E-6440,1 stop,9/26/2026,16:40,22:05,6892,6563.81,328.19,INR,8/27/2026 5:56,Cleartrip
BLR,BOM,Air India,AI-2858,Non-stop,9/11/2026,2:20,4:10,6895,6566.67,328.33,INR,8/27/2026 5:52,Cleartrip
DEL,CCU,IndiGo,6E-5041,1 stop,9/11/2026,15:10,20:30,6911,6581.9,329.1,INR,8/27/2026 5:56,Cleartrip
DEL,CCU,IndiGo,6E-5307,1 stop,9/11/2026,10:50,15:25,6911,6581.9,329.1,INR,8/27/2026 5:56,Cleartrip
DEL,CCU,IndiGo,6E-6378,1 stop,9/11/2026,14:40,19:20,6911,6581.9,329.1,INR,8/27/2026 5:56,Cleartrip
MAA,HYD,IndiGo,6E-6487,Non-stop,8/28/2026,21:25,22:40,6945,6614.29,330.71,INR,8/27/2026 6:11,Cleartrip
DEL,SXR,SpiceJet,SG-253,Non-stop,9/11/2026,10:20,12:00,6946,6615.24,330.76,INR,8/27/2026 6:03,Cleartrip
DEL,SXR,SpiceJet,SG-253,Non-stop,9/26/2026,10:20,12:00,6946,6615.24,330.76,INR,8/27/2026 6:03,Cleartrip
DEL,PNQ,SpiceJet,SG-105,Non-stop,9/3/2026,21:45,23:55,6949,6618.1,330.9,INR,8/27/2026 5:55,Cleartrip
DEL,PNQ,SpiceJet,SG-939,Non-stop,9/3/2026,16:55,19:25,6949,6618.1,330.9,INR,8/27/2026 5:55,Cleartrip
DEL,SXR,Air India Express,IX-1980,Non-stop,9/11/2026,9:55,11:30,6950,6619.05,330.95,INR,8/27/2026 6:03,Cleartrip
DEL,SXR,Air India Express,IX-1017,Non-stop,8/28/2026,13:45,15:15,6950,6619.05,330.95,INR,8/27/2026 6:02,Cleartrip
DEL,SXR,Air India Express,IX-1980,Non-stop,8/28/2026,10:15,11:50,6950,6619.05,330.95,INR,8/27/2026 6:02,Cleartrip
DEL,SXR,Air India Express,IX-1012,Non-stop,8/28/2026,6:40,8:05,6950,6619.05,330.95,INR,8/27/2026 6:02,Cleartrip
DEL,SXR,Air India Express,IX-1012,Non-stop,9/3/2026,6:35,8:00,6950,6619.05,330.95,INR,8/27/2026 6:03,Cleartrip
DEL,SXR,IndiGo,6E-6132,Non-stop,8/28/2026,11:20,12:35,6951,6620,331,INR,8/27/2026 6:02,Cleartrip
DEL,SXR,IndiGo,6E-5120,Non-stop,8/28/2026,8:25,9:45,6951,6620,331,INR,8/27/2026 6:02,Cleartrip
DEL,SXR,IndiGo,6E-2747,Non-stop,8/28/2026,13:40,15:10,6951,6620,331,INR,8/27/2026 6:02,Cleartrip
DEL,SXR,IndiGo,6E-2496,Non-stop,8/28/2026,12:40,14:05,6951,6620,331,INR,8/27/2026 6:02,Cleartrip
DEL,SXR,IndiGo,6E-2044,Non-stop,9/11/2026,7:40,9:05,6951,6620,331,INR,8/27/2026 6:03,Cleartrip
DEL,SXR,IndiGo,6E-2044,Non-stop,8/28/2026,7:40,9:05,6951,6620,331,INR,8/27/2026 6:02,Cleartrip
DEL,SXR,IndiGo,6E-2496,Non-stop,9/11/2026,12:40,14:05,6951,6620,331,INR,8/27/2026 6:03,Cleartrip
AMD,BOM,Air India,AI-2916,Non-stop,10/11/2026,17:55,19:40,6955,6623.81,331.19,INR,8/27/2026 6:09,Cleartrip
BLR,CCU,IndiGo,6E-6269,1 stop,9/3/2026,7:15,14:10,6963,6631.43,331.57,INR,8/27/2026 6:01,Cleartrip
BLR,CCU,IndiGo,6E-6178,1 stop,9/11/2026,6:25,14:10,6963,6631.43,331.57,INR,8/27/2026 6:02,Cleartrip
DEL,HYD,IndiGo,6E-2267,1 stop,10/11/2026,16:40,22:45,6964,6632.38,331.62,INR,8/27/2026 5:54,Cleartrip
DEL,HYD,IndiGo,6E-6446,1 stop,10/11/2026,7:50,13:50,6964,6632.38,331.62,INR,8/27/2026 5:54,Cleartrip
DEL,HYD,IndiGo,6E-2319,1 stop,10/11/2026,9:55,14:25,6964,6632.38,331.62,INR,8/27/2026 5:54,Cleartrip
DEL,HYD,IndiGo,6E-5033,1 stop,10/11/2026,15:50,21:10,6964,6632.38,331.62,INR,8/27/2026 5:54,Cleartrip
DEL,HYD,IndiGo,6E-6673,1 stop,10/11/2026,21:15,3:10,6964,6632.38,331.62,INR,8/27/2026 5:54,Cleartrip
BLR,HYD,Air India Express,IX-1723,Non-stop,9/11/2026,22:40,23:50,6965,6633.33,331.67,INR,8/27/2026 6:04,Cleartrip
BLR,CCU,IndiGo,6E-975,Non-stop,9/3/2026,20:20,23:00,6975,6642.86,332.14,INR,8/27/2026 6:01,Cleartrip
DEL,HYD,IndiGo,6E-6433,1 stop,9/26/2026,16:30,21:45,6987,6654.29,332.71,INR,8/27/2026 5:54,Cleartrip
DEL,CCU,Air India Express,IX-2457,1 stop,8/28/2026,11:30,18:25,6989,6656.19,332.81,INR,8/27/2026 5:56,Cleartrip
AMD,BOM,IndiGo,6E-6351,Non-stop,9/3/2026,23:15,0:30,6998,6664.76,333.24,INR,8/27/2026 6:08,Cleartrip
DEL,CCU,IndiGo,6E-6459,1 stop,9/26/2026,5:55,13:25,7023,6688.57,334.43,INR,8/27/2026 5:57,Cleartrip
DEL,CCU,IndiGo,6E-2361,1 stop,9/26/2026,14:35,22:15,7023,6688.57,334.43,INR,8/27/2026 5:57,Cleartrip
DEL,CCU,IndiGo,6E-6459,1 stop,10/11/2026,5:55,13:25,7023,6688.57,334.43,INR,8/27/2026 5:57,Cleartrip
DEL,CCU,IndiGo,6E-6246,1 stop,10/11/2026,5:25,10:20,7023,6688.57,334.43,INR,8/27/2026 5:57,Cleartrip
BLR,BOM,Akasa Air,QP-1517,Non-stop,10/11/2026,5:00,6:50,7027,6692.38,334.62,INR,8/27/2026 5:53,Cleartrip
BLR,BOM,Akasa Air,QP-1515,Non-stop,9/11/2026,6:20,8:00,7027,6692.38,334.62,INR,8/27/2026 5:52,Cleartrip
BLR,BOM,Akasa Air,QP-1381,Non-stop,9/11/2026,4:50,6:45,7027,6692.38,334.62,INR,8/27/2026 5:52,Cleartrip
BLR,BOM,Akasa Air,QP-1515,Non-stop,10/11/2026,6:00,7:35,7027,6692.38,334.62,INR,8/27/2026 5:53,Cleartrip
DEL,PNQ,Air India Express,IX-1230,Non-stop,8/28/2026,4:25,6:40,7034,6699.05,334.95,INR,8/27/2026 5:54,Cleartrip
DEL,PNQ,Air India Express,IX-1230,Non-stop,9/3/2026,4:40,6:55,7034,6699.05,334.95,INR,8/27/2026 5:55,Cleartrip
DEL,PNQ,Air India Express,IX-1230,Non-stop,9/11/2026,4:40,6:55,7034,6699.05,334.95,INR,8/27/2026 5:55,Cleartrip
DEL,PNQ,Air India Express,IX-1257,Non-stop,8/28/2026,22:25,0:40,7034,6699.05,334.95,INR,8/27/2026 5:54,Cleartrip
DEL,PNQ,IndiGo,6E-2343,Non-stop,9/11/2026,2:20,4:25,7035,6700,335,INR,8/27/2026 5:55,Cleartrip
DEL,PNQ,IndiGo,6E-2618,Non-stop,8/28/2026,23:00,1:05,7035,6700,335,INR,8/27/2026 5:54,Cleartrip
DEL,PNQ,IndiGo,6E-5322,Non-stop,8/28/2026,4:40,6:45,7035,6700,335,INR,8/27/2026 5:54,Cleartrip
DEL,PNQ,IndiGo,6E-2487,Non-stop,9/3/2026,11:50,14:05,7035,6700,335,INR,8/27/2026 5:55,Cleartrip
DEL,PNQ,IndiGo,6E-5322,Non-stop,9/11/2026,4:40,6:45,7035,6700,335,INR,8/27/2026 5:55,Cleartrip
DEL,PNQ,IndiGo,6E-5322,Non-stop,10/11/2026,4:40,6:45,7035,6700,335,INR,8/27/2026 5:55,Cleartrip
DEL,PNQ,IndiGo,6E-2343,Non-stop,9/3/2026,2:20,4:25,7035,6700,335,INR,8/27/2026 5:55,Cleartrip
DEL,PNQ,Akasa Air,QP-1809,Non-stop,8/28/2026,18:10,20:25,7036,6700.95,335.05,INR,8/27/2026 5:54,Cleartrip
DEL,PNQ,Akasa Air,QP-1871,Non-stop,9/3/2026,10:50,13:05,7036,6700.95,335.05,INR,8/27/2026 5:55,Cleartrip
DEL,PNQ,SpiceJet,SG-939,Non-stop,10/11/2026,16:55,19:25,7036,6700.95,335.05,INR,8/27/2026 5:55,Cleartrip
DEL,PNQ,Akasa Air,QP-1608,Non-stop,8/28/2026,15:00,17:15,7036,6700.95,335.05,INR,8/27/2026 5:54,Cleartrip
DEL,HYD,Air India Express,IX-1067,1 stop,9/11/2026,6:10,20:45,7066,6729.52,336.48,INR,8/27/2026 5:54,Cleartrip
DEL,HYD,Air India Express,IX-1273,1 stop,9/3/2026,12:20,20:45,7066,6729.52,336.48,INR,8/27/2026 5:53,Cleartrip
DEL,HYD,Air India Express,IX-1273,1 stop,9/11/2026,12:20,20:45,7066,6729.52,336.48,INR,8/27/2026 5:54,Cleartrip
DEL,HYD,Air India Express,IX-1067,1 stop,9/3/2026,6:10,20:45,7066,6729.52,336.48,INR,8/27/2026 5:53,Cleartrip
BLR,CCU,IndiGo,6E-952,Non-stop,9/26/2026,22:20,1:00,7080,6742.86,337.14,INR,8/27/2026 6:02,Cleartrip
BLR,CCU,Air India Express,IX-1131,Non-stop,9/11/2026,7:05,9:45,7081,6743.81,337.19,INR,8/27/2026 6:02,Cleartrip
BLR,CCU,Air India Express,IX-1370,Non-stop,9/3/2026,22:15,0:50,7081,6743.81,337.19,INR,8/27/2026 6:01,Cleartrip
DEL,HYD,IndiGo,6E-853,1 stop,9/3/2026,20:45,2:10,7093,6755.24,337.76,INR,8/27/2026 5:53,Cleartrip
DEL,HYD,IndiGo,6E-2296,1 stop,9/3/2026,9:20,14:45,7093,6755.24,337.76,INR,8/27/2026 5:53,Cleartrip
DEL,HYD,IndiGo,6E-6328,1 stop,9/11/2026,10:15,16:45,7093,6755.24,337.76,INR,8/27/2026 5:54,Cleartrip
DEL,HYD,IndiGo,6E-6676,1 stop,9/11/2026,12:00,18:20,7093,6755.24,337.76,INR,8/27/2026 5:54,Cleartrip
DEL,HYD,IndiGo,6E-2361,1 stop,9/3/2026,14:35,20:30,7093,6755.24,337.76,INR,8/27/2026 5:53,Cleartrip
DEL,HYD,IndiGo,6E-6814,1 stop,9/11/2026,7:15,13:20,7093,6755.24,337.76,INR,8/27/2026 5:54,Cleartrip
DEL,HYD,IndiGo,6E-354,1 stop,9/3/2026,19:00,0:35,7093,6755.24,337.76,INR,8/27/2026 5:53,Cleartrip
DEL,HYD,IndiGo,6E-6425,1 stop,9/3/2026,5:10,10:10,7093,6755.24,337.76,INR,8/27/2026 5:53,Cleartrip
DEL,HYD,IndiGo,6E-6425,1 stop,9/11/2026,5:10,10:10,7093,6755.24,337.76,INR,8/27/2026 5:54,Cleartrip
DEL,HYD,IndiGo,6.00E-303,1 stop,9/3/2026,20:00,2:10,7093,6755.24,337.76,INR,8/27/2026 5:53,Cleartrip
DEL,HYD,IndiGo,6E-2453,1 stop,9/3/2026,13:35,20:05,7093,6755.24,337.76,INR,8/27/2026 5:53,Cleartrip
DEL,HYD,IndiGo,6E-6676,1 stop,9/3/2026,12:00,18:20,7093,6755.24,337.76,INR,8/27/2026 5:53,Cleartrip
DEL,HYD,IndiGo,6E-6814,1 stop,9/3/2026,7:15,13:20,7093,6755.24,337.76,INR,8/27/2026 5:53,Cleartrip
DEL,HYD,IndiGo,6E-449,1 stop,9/11/2026,5:00,11:40,7093,6755.24,337.76,INR,8/27/2026 5:54,Cleartrip
DEL,HYD,IndiGo,6E-6318,1 stop,9/11/2026,14:45,21:20,7093,6755.24,337.76,INR,8/27/2026 5:54,Cleartrip
DEL,HYD,IndiGo,6E-2453,1 stop,9/11/2026,13:35,20:05,7093,6755.24,337.76,INR,8/27/2026 5:54,Cleartrip
DEL,HYD,IndiGo,6.00E-303,1 stop,8/28/2026,20:00,2:10,7095,6757.14,337.86,INR,8/27/2026 5:53,Cleartrip
DEL,HYD,IndiGo,6E-327,1 stop,8/28/2026,16:15,22:45,7095,6757.14,337.86,INR,8/27/2026 5:53,Cleartrip
DEL,HYD,IndiGo,6E-2265,1 stop,8/28/2026,6:10,12:15,7095,6757.14,337.86,INR,8/27/2026 5:53,Cleartrip
DEL,HYD,IndiGo,6E-6425,1 stop,8/28/2026,5:10,11:55,7095,6757.14,337.86,INR,8/27/2026 5:53,Cleartrip
DEL,HYD,IndiGo,6E-449,1 stop,8/28/2026,5:00,11:40,7095,6757.14,337.86,INR,8/27/2026 5:53,Cleartrip
DEL,HYD,IndiGo,6E-6318,1 stop,8/28/2026,14:45,21:20,7095,6757.14,337.86,INR,8/27/2026 5:53,Cleartrip
BLR,CCU,IndiGo,6E-405,1 stop,9/3/2026,7:40,13:25,7095,6757.14,337.86,INR,8/27/2026 6:01,Cleartrip
DEL,HYD,IndiGo,6E-6814,1 stop,8/28/2026,7:15,13:20,7095,6757.14,337.86,INR,8/27/2026 5:53,Cleartrip
DEL,HYD,IndiGo,6E-329,1 stop,8/28/2026,18:00,0:35,7095,6757.14,337.86,INR,8/27/2026 5:53,Cleartrip
DEL,HYD,IndiGo,6E-354,1 stop,8/28/2026,19:00,0:35,7095,6757.14,337.86,INR,8/27/2026 5:53,Cleartrip
DEL,HYD,IndiGo,6E-853,1 stop,8/28/2026,20:45,2:10,7095,6757.14,337.86,INR,8/27/2026 5:53,Cleartrip
BLR,HYD,Star Air,S5-151,Non-stop,8/28/2026,19:45,21:00,7099,6760.95,338.05,INR,8/27/2026 6:04,Cleartrip
DEL,SXR,Air India Express,IX-1980,Non-stop,9/26/2026,9:55,11:30,7100,6761.9,338.1,INR,8/27/2026 6:03,Cleartrip
DEL,CCU,IndiGo,6E-5033,1 stop,10/11/2026,15:50,20:30,7102,6763.81,338.19,INR,8/27/2026 5:57,Cleartrip
DEL,CCU,IndiGo,6E-2614,1 stop,9/26/2026,14:40,19:05,7102,6763.81,338.19,INR,8/27/2026 5:57,Cleartrip
DEL,CCU,IndiGo,6E-6053,1 stop,10/11/2026,13:05,17:30,7102,6763.81,338.19,INR,8/27/2026 5:57,Cleartrip
DEL,CCU,IndiGo,6E-6190,1 stop,10/11/2026,7:40,12:05,7102,6763.81,338.19,INR,8/27/2026 5:57,Cleartrip
DEL,CCU,IndiGo,6E-2259,1 stop,9/26/2026,12:20,17:00,7102,6763.81,338.19,INR,8/27/2026 5:57,Cleartrip
DEL,CCU,IndiGo,6E-6073,1 stop,9/26/2026,5:00,10:50,7102,6763.81,338.19,INR,8/27/2026 5:57,Cleartrip
AMD,BOM,IndiGo,6E-7018,Non-stop,10/11/2026,19:10,20:50,7117,6778.1,338.9,INR,8/27/2026 6:09,Cleartrip
DEL,HYD,IndiGo,6E-2557,1 stop,9/26/2026,15:20,21:30,7119,6780,339,INR,8/27/2026 5:54,Cleartrip
DEL,HYD,IndiGo,6E-5119,1 stop,9/26/2026,5:10,10:15,7119,6780,339,INR,8/27/2026 5:54,Cleartrip
DEL,HYD,IndiGo,6E-6459,1 stop,9/26/2026,5:55,12:30,7119,6780,339,INR,8/27/2026 5:54,Cleartrip
DEL,HYD,IndiGo,6E-2331,1 stop,9/26/2026,12:20,16:45,7119,6780,339,INR,8/27/2026 5:54,Cleartrip
DEL,HYD,IndiGo,6E-5073,1 stop,9/26/2026,17:05,22:30,7119,6780,339,INR,8/27/2026 5:54,Cleartrip
HYD,BOM,Air India,AI-2445,Non-stop,9/11/2026,14:25,16:25,7136,6796.19,339.81,INR,8/27/2026 6:00,Cleartrip
HYD,BOM,IndiGo,6E-5099,Non-stop,10/11/2026,14:15,15:55,7147,6806.67,340.33,INR,8/27/2026 6:01,Cleartrip
HYD,BOM,IndiGo,6E-5259,Non-stop,10/11/2026,17:20,18:50,7147,6806.67,340.33,INR,8/27/2026 6:01,Cleartrip
HYD,BOM,IndiGo,6E-5039,Non-stop,10/11/2026,19:00,20:30,7147,6806.67,340.33,INR,8/27/2026 6:01,Cleartrip
HYD,BOM,IndiGo,6E-5384,Non-stop,10/11/2026,12:55,14:25,7147,6806.67,340.33,INR,8/27/2026 6:01,Cleartrip
HYD,BOM,IndiGo,6E-5143,Non-stop,8/28/2026,3:00,4:30,7147,6806.67,340.33,INR,8/27/2026 6:00,Cleartrip
AMD,DEL,Air India,AI-2546,Non-stop,9/3/2026,23:00,0:45,7151,6810.48,340.52,INR,8/27/2026 5:57,Cleartrip
AMD,BOM,IndiGo,6E-6285,Non-stop,8/28/2026,4:00,5:30,7158,6817.14,340.86,INR,8/27/2026 6:08,Cleartrip
DEL,HYD,IndiGo,6E-828,1 stop,9/11/2026,14:30,19:45,7172,6830.48,341.52,INR,8/27/2026 5:54,Cleartrip
DEL,HYD,IndiGo,6E-880,1 stop,9/11/2026,15:45,21:00,7172,6830.48,341.52,INR,8/27/2026 5:54,Cleartrip
BLR,CCU,IndiGo,6E-6277,1 stop,9/3/2026,14:45,21:05,7173,6831.43,341.57,INR,8/27/2026 6:01,Cleartrip
BLR,CCU,IndiGo,6E-6801,1 stop,9/3/2026,8:25,13:45,7173,6831.43,341.57,INR,8/27/2026 6:01,Cleartrip
BLR,CCU,IndiGo,6E-6801,1 stop,9/11/2026,8:25,13:45,7173,6831.43,341.57,INR,8/27/2026 6:02,Cleartrip
DEL,HYD,IndiGo,6E-810,1 stop,10/11/2026,7:05,12:50,7174,6832.38,341.62,INR,8/27/2026 5:54,Cleartrip
DEL,HYD,IndiGo,6E-850,1 stop,10/11/2026,12:15,17:45,7174,6832.38,341.62,INR,8/27/2026 5:54,Cleartrip
MAA,HYD,IndiGo,6E-6140,1 stop,8/28/2026,2:30,7:20,7176,6834.29,341.71,INR,8/27/2026 6:11,Cleartrip
MAA,HYD,IndiGo,6E-5314,1 stop,8/28/2026,6:45,11:40,7176,6834.29,341.71,INR,8/27/2026 6:11,Cleartrip
MAA,HYD,IndiGo,6E-5214,1 stop,8/28/2026,11:00,16:45,7176,6834.29,341.71,INR,8/27/2026 6:11,Cleartrip
MAA,HYD,IndiGo,6E-5258,1 stop,8/28/2026,12:45,18:20,7176,6834.29,341.71,INR,8/27/2026 6:11,Cleartrip
MAA,HYD,IndiGo,6E-5367,1 stop,8/28/2026,18:15,0:35,7176,6834.29,341.71,INR,8/27/2026 6:11,Cleartrip
MAA,HYD,IndiGo,6E-5104,1 stop,8/28/2026,16:40,21:20,7176,6834.29,341.71,INR,8/27/2026 6:11,Cleartrip
MAA,HYD,IndiGo,6E-5371,1 stop,8/28/2026,14:45,21:20,7176,6834.29,341.71,INR,8/27/2026 6:11,Cleartrip
MAA,BOM,Akasa Air,QP-1146,Non-stop,9/11/2026,13:35,15:40,7197,6854.29,342.71,INR,8/27/2026 6:07,Cleartrip
DEL,HYD,IndiGo,6E-2343,1 stop,9/26/2026,2:20,7:50,7197,6854.29,342.71,INR,8/27/2026 5:54,Cleartrip
DEL,HYD,IndiGo,6E-6673,1 stop,9/26/2026,21:15,3:10,7197,6854.29,342.71,INR,8/27/2026 5:54,Cleartrip
DEL,HYD,IndiGo,6E-6440,1 stop,9/26/2026,16:40,22:45,7197,6854.29,342.71,INR,8/27/2026 5:54,Cleartrip
MAA,BOM,Akasa Air,QP-1146,Non-stop,10/11/2026,13:35,15:40,7197,6854.29,342.71,INR,8/27/2026 6:08,Cleartrip
DEL,HYD,IndiGo,6E-2623,1 stop,9/26/2026,18:15,23:40,7197,6854.29,342.71,INR,8/27/2026 5:54,Cleartrip
AMD,BOM,IndiGo,6E-5078,Non-stop,10/11/2026,10:55,12:20,7202,6859.05,342.95,INR,8/27/2026 6:09,Cleartrip
AMD,BOM,IndiGo,6E-6351,Non-stop,10/11/2026,23:15,0:30,7202,6859.05,342.95,INR,8/27/2026 6:09,Cleartrip
AMD,DEL,IndiGo,6E-2179,Non-stop,9/3/2026,9:50,11:35,7205,6861.9,343.1,INR,8/27/2026 5:57,Cleartrip
AMD,DEL,IndiGo,6E-2340,Non-stop,8/28/2026,12:15,14:10,7205,6861.9,343.1,INR,8/27/2026 5:57,Cleartrip
BLR,HYD,Air India Express,IX-2051,Non-stop,10/11/2026,14:55,16:05,7223,6879.05,343.95,INR,8/27/2026 6:05,Cleartrip
DEL,PNQ,IndiGo,6E-6437,Non-stop,9/11/2026,16:25,18:30,7245,6900,345,INR,8/27/2026 5:55,Cleartrip
DEL,PNQ,IndiGo,6E-2487,Non-stop,8/28/2026,11:50,14:05,7245,6900,345,INR,8/27/2026 5:54,Cleartrip
DEL,PNQ,IndiGo,6E-5322,Non-stop,9/3/2026,4:40,6:45,7245,6900,345,INR,8/27/2026 5:55,Cleartrip
DEL,PNQ,IndiGo,6E-2343,Non-stop,8/28/2026,2:20,4:25,7245,6900,345,INR,8/27/2026 5:54,Cleartrip
DEL,PNQ,IndiGo,6E-2623,Non-stop,8/28/2026,18:15,20:20,7245,6900,345,INR,8/27/2026 5:54,Cleartrip
DEL,PNQ,IndiGo,6E-2623,Non-stop,9/3/2026,18:15,20:20,7245,6900,345,INR,8/27/2026 5:55,Cleartrip
BLR,BOM,IndiGo,6E-5089,Non-stop,10/11/2026,5:30,7:15,7277,6930.48,346.52,INR,8/27/2026 5:53,Cleartrip
BLR,BOM,IndiGo,6E-5293,Non-stop,10/11/2026,1:00,2:50,7277,6930.48,346.52,INR,8/27/2026 5:53,Cleartrip
BLR,BOM,Air India Express,IX-2914,Non-stop,10/11/2026,6:05,7:45,7277,6930.48,346.52,INR,8/27/2026 5:53,Cleartrip
BLR,BOM,IndiGo,6E-5051,Non-stop,10/11/2026,8:30,10:15,7277,6930.48,346.52,INR,8/27/2026 5:53,Cleartrip
BLR,BOM,IndiGo,6E-5216,Non-stop,10/11/2026,7:25,9:10,7277,6930.48,346.52,INR,8/27/2026 5:53,Cleartrip
BLR,CCU,IndiGo,6E-524,1 stop,9/11/2026,9:25,15:20,7278,6931.43,346.57,INR,8/27/2026 6:02,Cleartrip
BLR,CCU,IndiGo,6.00E-223,Non-stop,9/26/2026,17:05,19:55,7290,6942.86,347.14,INR,8/27/2026 6:02,Cleartrip
BLR,CCU,IndiGo,6E-6572,Non-stop,9/26/2026,15:05,17:45,7290,6942.86,347.14,INR,8/27/2026 6:02,Cleartrip
BLR,BOM,IndiGo,6E-2086,Non-stop,9/11/2026,9:20,10:55,7291,6943.81,347.19,INR,8/27/2026 5:52,Cleartrip
BLR,BOM,IndiGo,6E-6030,Non-stop,8/28/2026,15:00,16:40,7291,6943.81,347.19,INR,8/27/2026 5:52,Cleartrip
DEL,SXR,IndiGo,6E-6092,1 stop,9/26/2026,8:00,10:35,7293,6945.71,347.29,INR,8/27/2026 6:03,Cleartrip
BLR,BOM,Akasa Air,QP-1528,Non-stop,9/11/2026,10:20,12:10,7297,6949.52,347.48,INR,8/27/2026 5:52,Cleartrip
DEL,PNQ,Akasa Air,QP-1871,Non-stop,9/11/2026,10:50,13:05,7298,6950.48,347.52,INR,8/27/2026 5:55,Cleartrip
DEL,HYD,IndiGo,6E-6433,1 stop,10/11/2026,16:30,21:45,7301,6953.33,347.67,INR,8/27/2026 5:54,Cleartrip
DEL,HYD,IndiGo,6E-947,1 stop,8/28/2026,16:40,22:40,7305,6957.14,347.86,INR,8/27/2026 5:53,Cleartrip
BLR,CCU,IndiGo,6E-6563,1 stop,9/11/2026,1:05,8:10,7305,6957.14,347.86,INR,8/27/2026 6:02,Cleartrip
BLR,CCU,IndiGo,6E-6876,1 stop,9/11/2026,2:40,8:10,7305,6957.14,347.86,INR,8/27/2026 6:02,Cleartrip
BLR,CCU,IndiGo,6E-5293,1 stop,9/11/2026,1:00,8:15,7305,6957.14,347.86,INR,8/27/2026 6:02,Cleartrip
DEL,HYD,IndiGo,6E-354,1 stop,9/26/2026,19:00,0:35,7329,6980,349,INR,8/27/2026 5:54,Cleartrip
MAA,BOM,IndiGo,6E-2133,Non-stop,9/26/2026,21:55,23:40,7390,7038.1,351.9,INR,8/27/2026 6:08,Cleartrip
MAA,BOM,IndiGo,6E-502,Non-stop,9/26/2026,11:10,13:05,7390,7038.1,351.9,INR,8/27/2026 6:08,Cleartrip
MAA,BOM,IndiGo,6E-2133,Non-stop,10/11/2026,21:55,23:40,7390,7038.1,351.9,INR,8/27/2026 6:08,Cleartrip
AMD,BOM,Air India,AI-2824,Non-stop,8/28/2026,5:00,6:25,7400,7047.62,352.38,INR,8/27/2026 6:08,Cleartrip
AMD,DEL,Air India,AI-882,Non-stop,9/3/2026,15:55,17:45,7428,7074.29,353.71,INR,8/27/2026 5:57,Cleartrip
BLR,CCU,IndiGo,6E-6774,1 stop,9/11/2026,16:25,22:25,7436,7081.9,354.1,INR,8/27/2026 6:02,Cleartrip
DEL,PNQ,IndiGo,6E-2262,Non-stop,9/11/2026,6:10,8:10,7441,7086.67,354.33,INR,8/27/2026 5:55,Cleartrip
DEL,PNQ,IndiGo,6E-2487,Non-stop,9/11/2026,11:50,14:05,7441,7086.67,354.33,INR,8/27/2026 5:55,Cleartrip
DEL,PNQ,IndiGo,6E-2618,Non-stop,10/11/2026,23:00,1:05,7441,7086.67,354.33,INR,8/27/2026 5:55,Cleartrip
DEL,PNQ,IndiGo,6E-2262,Non-stop,10/11/2026,6:10,8:10,7441,7086.67,354.33,INR,8/27/2026 5:55,Cleartrip
DEL,PNQ,IndiGo,6E-2132,Non-stop,9/11/2026,9:40,11:45,7441,7086.67,354.33,INR,8/27/2026 5:55,Cleartrip
DEL,PNQ,IndiGo,6E-6437,Non-stop,8/28/2026,16:25,18:30,7441,7086.67,354.33,INR,8/27/2026 5:54,Cleartrip
DEL,PNQ,IndiGo,6E-2132,Non-stop,9/3/2026,9:40,11:45,7441,7086.67,354.33,INR,8/27/2026 5:55,Cleartrip
DEL,PNQ,IndiGo,6E-2262,Non-stop,8/28/2026,6:10,8:10,7441,7086.67,354.33,INR,8/27/2026 5:54,Cleartrip
DEL,PNQ,IndiGo,6E-2262,Non-stop,9/3/2026,6:10,8:10,7441,7086.67,354.33,INR,8/27/2026 5:55,Cleartrip
BLR,CCU,IndiGo,6E-6404,1 stop,9/11/2026,11:35,16:20,7460,7104.76,355.24,INR,8/27/2026 6:02,Cleartrip
BLR,CCU,IndiGo,6E-6017,1 stop,9/11/2026,18:15,23:30,7460,7104.76,355.24,INR,8/27/2026 6:02,Cleartrip
BLR,CCU,IndiGo,6E-312,1 stop,9/11/2026,9:15,14:10,7460,7104.76,355.24,INR,8/27/2026 6:02,Cleartrip
BLR,CCU,IndiGo,6E-6439,Non-stop,9/26/2026,6:30,9:10,7500,7142.86,357.14,INR,8/27/2026 6:02,Cleartrip
DEL,PNQ,Air India,AI-2711,Non-stop,9/11/2026,2:00,4:15,7506,7148.57,357.43,INR,8/27/2026 5:55,Cleartrip
DEL,PNQ,Air India,AI-2469,Non-stop,9/3/2026,4:45,6:55,7506,7148.57,357.43,INR,8/27/2026 5:55,Cleartrip
DEL,PNQ,Air India,AI-2469,Non-stop,9/11/2026,4:45,6:55,7506,7148.57,357.43,INR,8/27/2026 5:55,Cleartrip
DEL,SXR,SpiceJet,SG-253,Non-stop,10/11/2026,11:00,12:30,7538,7179.05,358.95,INR,8/27/2026 6:04,Cleartrip
DEL,SXR,SpiceJet,SG-709,Non-stop,10/11/2026,8:35,10:05,7538,7179.05,358.95,INR,8/27/2026 6:04,Cleartrip
MAA,BOM,IndiGo,6E-6348,Non-stop,10/11/2026,9:00,10:50,7540,7180.95,359.05,INR,8/27/2026 6:08,Cleartrip
MAA,BOM,IndiGo,6E-5093,Non-stop,10/11/2026,5:00,6:55,7540,7180.95,359.05,INR,8/27/2026 6:08,Cleartrip
MAA,BOM,IndiGo,6E-5371,Non-stop,10/11/2026,14:45,16:40,7540,7180.95,359.05,INR,8/27/2026 6:08,Cleartrip
MAA,BOM,IndiGo,6E-5314,Non-stop,10/11/2026,6:45,8:45,7540,7180.95,359.05,INR,8/27/2026 6:08,Cleartrip
MAA,BOM,IndiGo,6E-5371,Non-stop,9/11/2026,14:45,16:40,7540,7180.95,359.05,INR,8/27/2026 6:07,Cleartrip
MAA,BOM,IndiGo,6E-5258,Non-stop,9/11/2026,12:45,14:45,7540,7180.95,359.05,INR,8/27/2026 6:07,Cleartrip
MAA,BOM,IndiGo,6E-6140,Non-stop,9/11/2026,2:30,4:45,7540,7180.95,359.05,INR,8/27/2026 6:07,Cleartrip
MAA,BOM,IndiGo,6E-5258,Non-stop,10/11/2026,12:45,14:45,7540,7180.95,359.05,INR,8/27/2026 6:08,Cleartrip
MAA,BOM,IndiGo,6E-5104,Non-stop,10/11/2026,16:40,18:40,7540,7180.95,359.05,INR,8/27/2026 6:08,Cleartrip
MAA,BOM,IndiGo,6E-5214,Non-stop,10/11/2026,11:00,13:00,7540,7180.95,359.05,INR,8/27/2026 6:08,Cleartrip
MAA,BOM,IndiGo,6E-5367,Non-stop,10/11/2026,18:15,20:15,7540,7180.95,359.05,INR,8/27/2026 6:08,Cleartrip
MAA,BOM,IndiGo,6E-5258,Non-stop,9/26/2026,12:45,14:45,7540,7180.95,359.05,INR,8/27/2026 6:08,Cleartrip
MAA,BOM,IndiGo,6E-5371,Non-stop,9/26/2026,14:45,16:40,7540,7180.95,359.05,INR,8/27/2026 6:08,Cleartrip
MAA,BOM,IndiGo,6E-5314,Non-stop,9/26/2026,6:45,8:45,7540,7180.95,359.05,INR,8/27/2026 6:08,Cleartrip
MAA,BOM,IndiGo,6E-6348,Non-stop,9/26/2026,9:00,10:50,7540,7180.95,359.05,INR,8/27/2026 6:08,Cleartrip
MAA,BOM,IndiGo,6E-5149,Non-stop,10/11/2026,20:15,22:15,7540,7180.95,359.05,INR,8/27/2026 6:08,Cleartrip
MAA,BOM,IndiGo,6E-6140,Non-stop,9/26/2026,2:30,4:45,7540,7180.95,359.05,INR,8/27/2026 6:08,Cleartrip
MAA,BOM,IndiGo,6E-5214,Non-stop,9/26/2026,11:00,13:00,7540,7180.95,359.05,INR,8/27/2026 6:08,Cleartrip
MAA,BOM,IndiGo,6E-6225,Non-stop,9/26/2026,22:30,0:30,7540,7180.95,359.05,INR,8/27/2026 6:08,Cleartrip
MAA,BOM,IndiGo,6E-5104,Non-stop,9/26/2026,16:40,18:40,7540,7180.95,359.05,INR,8/27/2026 6:08,Cleartrip
BLR,HYD,Air India Express,IX-2819,Non-stop,8/28/2026,12:30,13:45,7554,7194.29,359.71,INR,8/27/2026 6:04,Cleartrip
BLR,HYD,Air India Express,IX-2051,Non-stop,8/28/2026,10:55,12:05,7554,7194.29,359.71,INR,8/27/2026 6:04,Cleartrip
HYD,BOM,Air India,AI-2626,Non-stop,8/28/2026,7:25,9:15,7562,7201.9,360.1,INR,8/27/2026 6:00,Cleartrip
HYD,BOM,IndiGo,6E-5099,Non-stop,8/28/2026,14:15,15:55,7567,7206.67,360.33,INR,8/27/2026 6:00,Cleartrip
HYD,BOM,IndiGo,6E-5174,Non-stop,8/28/2026,9:30,10:55,7567,7206.67,360.33,INR,8/27/2026 6:00,Cleartrip
HYD,BOM,IndiGo,6E-6196,Non-stop,8/28/2026,6:30,7:55,7567,7206.67,360.33,INR,8/27/2026 6:00,Cleartrip
AMD,BOM,IndiGo,6E-868,Non-stop,8/28/2026,21:25,23:00,7573,7212.38,360.62,INR,8/27/2026 6:08,Cleartrip
DEL,SXR,IndiGo,6E-5339,Non-stop,9/26/2026,9:45,11:20,7633,7269.52,363.48,INR,8/27/2026 6:03,Cleartrip
DEL,SXR,Air India Express,IX-1012,Non-stop,9/26/2026,6:35,8:00,7634,7270.48,363.52,INR,8/27/2026 6:03,Cleartrip
DEL,PNQ,Air India Express,IX-1257,Non-stop,10/11/2026,22:25,0:40,7650,7285.71,364.29,INR,8/27/2026 5:55,Cleartrip
DEL,SXR,IndiGo,6E-6010,1 stop,9/26/2026,11:40,14:20,7660,7295.24,364.76,INR,8/27/2026 6:03,Cleartrip
BLR,HYD,Alliance Air,9I-517,Non-stop,8/28/2026,21:50,23:35,7679,7313.33,365.67,INR,8/27/2026 6:04,Cleartrip
AMD,DEL,Air India,AI-2938,Non-stop,9/3/2026,18:55,20:40,7691,7324.76,366.24,INR,8/27/2026 5:57,Cleartrip
DEL,CCU,SpiceJet,SG-905,Non-stop,8/28/2026,20:10,22:30,7693,7326.67,366.33,INR,8/27/2026 5:56,Cleartrip
BLR,CCU,IndiGo,6E-442,Non-stop,9/26/2026,8:10,10:35,7710,7342.86,367.14,INR,8/27/2026 6:02,Cleartrip
BLR,CCU,IndiGo,6E-503,Non-stop,9/26/2026,10:00,12:35,7710,7342.86,367.14,INR,8/27/2026 6:02,Cleartrip
BLR,CCU,IndiGo,6.00E-172,Non-stop,9/26/2026,13:40,16:20,7710,7342.86,367.14,INR,8/27/2026 6:02,Cleartrip
BLR,CCU,IndiGo,6E-676,Non-stop,9/26/2026,18:30,21:10,7710,7342.86,367.14,INR,8/27/2026 6:02,Cleartrip
BLR,BOM,IndiGo,6E-5089,Non-stop,9/11/2026,5:30,7:15,7714,7346.67,367.33,INR,8/27/2026 5:52,Cleartrip
AMD,DEL,IndiGo,6E-7568,1 stop,8/28/2026,16:55,21:25,7788,7417.14,370.86,INR,8/27/2026 5:57,Cleartrip
DEL,PNQ,IndiGo,6E-2343,Non-stop,10/11/2026,2:20,4:25,7791,7420,371,INR,8/27/2026 5:55,Cleartrip
HYD,BOM,IndiGo,6E-2015,Non-stop,8/28/2026,16:40,18:10,7797,7425.71,371.29,INR,8/27/2026 6:00,Cleartrip
GOI,DEL,IndiGo,6E-6156,1 stop,9/26/2026,0:05,8:40,7849,7475.24,373.76,INR,8/27/2026 6:13,Cleartrip
DEL,PNQ,Akasa Air,QP-1608,Non-stop,9/11/2026,15:00,17:15,7858,7483.81,374.19,INR,8/27/2026 5:55,Cleartrip
MAA,DEL,IndiGo,6E-6081,1 stop,9/11/2026,7:05,12:10,7877,7501.9,375.1,INR,8/27/2026 5:59,Cleartrip
MAA,DEL,IndiGo,6E-6081,1 stop,9/3/2026,7:05,12:10,7877,7501.9,375.1,INR,8/27/2026 5:59,Cleartrip
DEL,CCU,Akasa Air,QP-1820,1 stop,8/28/2026,17:30,3:25,7889,7513.33,375.67,INR,8/27/2026 5:56,Cleartrip
DEL,CCU,Akasa Air,QP-1826,1 stop,8/28/2026,19:55,3:25,7889,7513.33,375.67,INR,8/27/2026 5:56,Cleartrip
DEL,CCU,Akasa Air,QP-1128,1 stop,8/28/2026,16:00,3:25,7889,7513.33,375.67,INR,8/27/2026 5:56,Cleartrip
BLR,BOM,IndiGo,6E-5218,Non-stop,8/28/2026,13:00,14:50,7907,7530.48,376.52,INR,8/27/2026 5:52,Cleartrip
BLR,BOM,IndiGo,6E-5069,Non-stop,8/28/2026,11:30,13:20,7907,7530.48,376.52,INR,8/27/2026 5:52,Cleartrip
BLR,BOM,IndiGo,6E-5351,Non-stop,8/28/2026,14:20,16:05,7907,7530.48,376.52,INR,8/27/2026 5:52,Cleartrip
BLR,BOM,IndiGo,6E-5237,Non-stop,8/28/2026,10:15,12:05,7907,7530.48,376.52,INR,8/27/2026 5:52,Cleartrip
BLR,CCU,IndiGo,6E-952,Non-stop,8/28/2026,22:20,1:00,7920,7542.86,377.14,INR,8/27/2026 6:01,Cleartrip
BLR,CCU,Air India Express,IX-1131,Non-stop,9/26/2026,7:05,9:45,7921,7543.81,377.19,INR,8/27/2026 6:02,Cleartrip
GOI,DEL,IndiGo,6E-6933,1 stop,9/26/2026,14:45,20:30,7936,7558.1,377.9,INR,8/27/2026 6:13,Cleartrip
BLR,BOM,Air India,AI-2402,Non-stop,8/28/2026,6:35,8:35,7957,7578.1,378.9,INR,8/27/2026 5:52,Cleartrip
MAA,BOM,IndiGo,6E-5093,Non-stop,9/26/2026,5:00,6:55,7958,7579.05,378.95,INR,8/27/2026 6:08,Cleartrip
MAA,BOM,IndiGo,6E-6348,Non-stop,9/11/2026,9:00,10:50,7958,7579.05,378.95,INR,8/27/2026 6:07,Cleartrip
MAA,BOM,IndiGo,6E-5214,Non-stop,9/11/2026,11:00,13:00,7958,7579.05,378.95,INR,8/27/2026 6:07,Cleartrip
CCU,BOM,Akasa Air,QP-1126,Non-stop,9/3/2026,23:00,1:40,7975,7595.24,379.76,INR,8/27/2026 6:06,Cleartrip
GOI,DEL,IndiGo,6E-985,1 stop,9/26/2026,21:40,8:55,7980,7600,380,INR,8/27/2026 6:13,Cleartrip
HYD,BOM,IndiGo,6E-5213,Non-stop,8/28/2026,8:00,9:30,7987,7606.67,380.33,INR,8/27/2026 6:00,Cleartrip
AMD,BOM,IndiGo,6E-6285,Non-stop,9/3/2026,4:00,5:30,7998,7617.14,380.86,INR,8/27/2026 6:08,Cleartrip
MAA,BOM,Air India,AI-2822,Non-stop,8/28/2026,9:35,11:55,8010,7628.57,381.43,INR,8/27/2026 6:07,Cleartrip
GOI,DEL,IndiGo,6E-6278,1 stop,9/26/2026,7:10,12:30,8015,7633.33,381.67,INR,8/27/2026 6:13,Cleartrip
BLR,CCU,IndiGo,6E-638,1 stop,9/26/2026,18:35,23:25,8016,7634.29,381.71,INR,8/27/2026 6:02,Cleartrip
DEL,SXR,IndiGo,6E-2747,Non-stop,9/26/2026,13:40,15:10,8053,7669.52,383.48,INR,8/27/2026 6:03,Cleartrip
DEL,SXR,IndiGo,6E-2044,Non-stop,9/26/2026,7:40,9:05,8053,7669.52,383.48,INR,8/27/2026 6:03,Cleartrip
DEL,SXR,IndiGo,6E-6050,1 stop,9/26/2026,8:15,14:10,8058,7674.29,383.71,INR,8/27/2026 6:03,Cleartrip
BLR,BOM,Air India,AI-2604,Non-stop,8/28/2026,9:15,11:15,8085,7700,385,INR,8/27/2026 5:52,Cleartrip
HYD,BOM,Star Air,S5-395,Non-stop,8/28/2026,18:00,19:20,8085,7700,385,INR,8/27/2026 6:00,Cleartrip
BLR,BOM,Air India,AI-2811,Non-stop,9/11/2026,23:40,1:45,8096,7710.48,385.52,INR,8/27/2026 5:52,Cleartrip
DEL,SXR,IndiGo,6E-2496,Non-stop,10/11/2026,12:40,14:05,8099,7713.33,385.67,INR,8/27/2026 6:04,Cleartrip
DEL,SXR,IndiGo,6E-5339,Non-stop,10/11/2026,9:45,11:20,8099,7713.33,385.67,INR,8/27/2026 6:04,Cleartrip
DEL,SXR,Air India Express,IX-1017,Non-stop,10/11/2026,14:30,16:00,8100,7714.29,385.71,INR,8/27/2026 6:04,Cleartrip
DEL,SXR,Air India Express,IX-1980,Non-stop,10/11/2026,9:55,11:30,8100,7714.29,385.71,INR,8/27/2026 6:04,Cleartrip
MAA,BOM,Akasa Air,QP-1146,Non-stop,8/28/2026,13:35,15:40,8110,7723.81,386.19,INR,8/27/2026 6:07,Cleartrip
CCU,BOM,Akasa Air,QP-1126,Non-stop,9/11/2026,23:00,1:40,8113,7726.67,386.33,INR,8/27/2026 6:06,Cleartrip
DEL,SXR,Air India Express,IX-1074,1 stop,9/26/2026,11:00,13:45,8139,7751.43,387.57,INR,8/27/2026 6:03,Cleartrip
BLR,BOM,Akasa Air,QP-1517,Non-stop,9/11/2026,7:40,9:25,8190,7800,390,INR,8/27/2026 5:52,Cleartrip
BLR,BOM,Akasa Air,QP-1528,Non-stop,8/28/2026,10:20,12:10,8190,7800,390,INR,8/27/2026 5:52,Cleartrip
DEL,SXR,IndiGo,6E-6092,1 stop,10/11/2026,8:00,10:35,8191,7800.95,390.05,INR,8/27/2026 6:04,Cleartrip
BLR,HYD,Air India Express,IX-1250,Non-stop,8/28/2026,19:15,20:35,8201,7810.48,390.52,INR,8/27/2026 6:04,Cleartrip
BLR,HYD,Air India Express,IX-2018,Non-stop,8/28/2026,6:00,7:25,8201,7810.48,390.52,INR,8/27/2026 6:04,Cleartrip
BLR,HYD,Air India Express,IX-2506,Non-stop,8/28/2026,17:20,18:40,8201,7810.48,390.52,INR,8/27/2026 6:04,Cleartrip
BLR,BOM,Air India,AI-2846,Non-stop,8/28/2026,8:05,10:05,8212,7820.95,391.05,INR,8/27/2026 5:52,Cleartrip
DEL,GAU,Air India Express,IX-1671,Non-stop,9/11/2026,20:00,22:30,8220,7828.57,391.43,INR,8/27/2026 6:14,Cleartrip
DEL,GAU,IndiGo,6E-5215,Non-stop,9/26/2026,7:45,10:10,8220,7828.57,391.43,INR,8/27/2026 6:14,Cleartrip
DEL,GAU,Air India Express,IX-1671,Non-stop,9/26/2026,20:00,22:30,8220,7828.57,391.43,INR,8/27/2026 6:14,Cleartrip
DEL,GAU,Air India Express,IX-1085,Non-stop,9/26/2026,12:55,15:35,8220,7828.57,391.43,INR,8/27/2026 6:14,Cleartrip
DEL,GAU,Air India Express,IX-1041,Non-stop,9/26/2026,18:10,20:40,8220,7828.57,391.43,INR,8/27/2026 6:14,Cleartrip
DEL,GAU,Air India Express,IX-1032,Non-stop,9/26/2026,5:45,8:35,8220,7828.57,391.43,INR,8/27/2026 6:14,Cleartrip
DEL,GAU,IndiGo,6E-2203,Non-stop,9/26/2026,4:45,7:10,8220,7828.57,391.43,INR,8/27/2026 6:14,Cleartrip
DEL,GAU,IndiGo,6E-6048,Non-stop,9/26/2026,20:00,22:25,8220,7828.57,391.43,INR,8/27/2026 6:14,Cleartrip
DEL,GAU,Air India Express,IX-1069,Non-stop,9/3/2026,10:40,13:25,8220,7828.57,391.43,INR,8/27/2026 6:14,Cleartrip
DEL,GAU,IndiGo,6E-6048,Non-stop,8/28/2026,20:00,22:25,8220,7828.57,391.43,INR,8/27/2026 6:14,Cleartrip
DEL,GAU,IndiGo,6E-6048,Non-stop,9/3/2026,20:00,22:25,8220,7828.57,391.43,INR,8/27/2026 6:14,Cleartrip
DEL,GAU,Air India Express,IX-1085,Non-stop,8/28/2026,12:55,15:35,8220,7828.57,391.43,INR,8/27/2026 6:14,Cleartrip
DEL,GAU,Air India Express,IX-1671,Non-stop,9/3/2026,20:00,22:30,8220,7828.57,391.43,INR,8/27/2026 6:14,Cleartrip
DEL,GAU,Air India Express,IX-1032,Non-stop,8/28/2026,5:45,8:35,8220,7828.57,391.43,INR,8/27/2026 6:14,Cleartrip
DEL,GAU,Air India Express,IX-1035,Non-stop,8/28/2026,7:25,10:00,8220,7828.57,391.43,INR,8/27/2026 6:14,Cleartrip
DEL,GAU,IndiGo,6E-5041,Non-stop,8/28/2026,15:10,17:35,8220,7828.57,391.43,INR,8/27/2026 6:14,Cleartrip
DEL,GAU,IndiGo,6E-5215,Non-stop,8/28/2026,7:45,10:10,8220,7828.57,391.43,INR,8/27/2026 6:14,Cleartrip
DEL,GAU,Air India Express,IX-1041,Non-stop,9/11/2026,18:10,20:40,8220,7828.57,391.43,INR,8/27/2026 6:14,Cleartrip
DEL,GAU,Air India Express,IX-1032,Non-stop,9/11/2026,5:45,8:35,8220,7828.57,391.43,INR,8/27/2026 6:14,Cleartrip
DEL,GAU,IndiGo,6E-6048,Non-stop,9/11/2026,20:00,22:25,8220,7828.57,391.43,INR,8/27/2026 6:14,Cleartrip
DEL,GAU,IndiGo,6E-5041,Non-stop,9/11/2026,15:10,17:35,8220,7828.57,391.43,INR,8/27/2026 6:14,Cleartrip
DEL,GAU,Air India Express,IX-1069,Non-stop,9/11/2026,10:40,13:25,8220,7828.57,391.43,INR,8/27/2026 6:14,Cleartrip
DEL,GAU,Air India Express,IX-1085,Non-stop,9/11/2026,12:55,15:35,8220,7828.57,391.43,INR,8/27/2026 6:14,Cleartrip
DEL,GAU,IndiGo,6E-2203,Non-stop,8/28/2026,4:45,7:10,8220,7828.57,391.43,INR,8/27/2026 6:14,Cleartrip
DEL,GAU,IndiGo,6E-2203,Non-stop,9/3/2026,4:45,7:10,8220,7828.57,391.43,INR,8/27/2026 6:14,Cleartrip
DEL,GAU,IndiGo,6E-5041,Non-stop,9/3/2026,15:10,17:35,8220,7828.57,391.43,INR,8/27/2026 6:14,Cleartrip
DEL,GAU,Air India Express,IX-1041,Non-stop,8/28/2026,18:10,20:40,8220,7828.57,391.43,INR,8/27/2026 6:14,Cleartrip
DEL,GAU,Air India Express,IX-1085,Non-stop,9/3/2026,12:55,15:35,8220,7828.57,391.43,INR,8/27/2026 6:14,Cleartrip
DEL,GAU,Air India Express,IX-1032,Non-stop,9/3/2026,5:45,8:35,8220,7828.57,391.43,INR,8/27/2026 6:14,Cleartrip
DEL,GAU,Air India Express,IX-1041,Non-stop,9/3/2026,18:10,20:40,8220,7828.57,391.43,INR,8/27/2026 6:14,Cleartrip
DEL,GAU,IndiGo,6E-5215,Non-stop,9/3/2026,7:45,10:10,8220,7828.57,391.43,INR,8/27/2026 6:14,Cleartrip
DEL,GAU,IndiGo,6E-2203,Non-stop,9/11/2026,4:45,7:10,8220,7828.57,391.43,INR,8/27/2026 6:14,Cleartrip
BLR,CCU,IndiGo,6E-975,Non-stop,8/28/2026,20:20,23:00,8235,7842.86,392.14,INR,8/27/2026 6:01,Cleartrip
BLR,CCU,IndiGo,6E-676,Non-stop,8/28/2026,18:30,21:10,8235,7842.86,392.14,INR,8/27/2026 6:01,Cleartrip
CCU,BOM,Akasa Air,QP-1108,Non-stop,9/26/2026,17:05,20:05,8252,7859.05,392.95,INR,8/27/2026 6:06,Cleartrip
CCU,BOM,Akasa Air,QP-1126,Non-stop,9/26/2026,23:00,1:40,8252,7859.05,392.95,INR,8/27/2026 6:06,Cleartrip
CCU,BOM,Akasa Air,QP-1136,Non-stop,9/3/2026,5:00,7:45,8252,7859.05,392.95,INR,8/27/2026 6:06,Cleartrip
MAA,BOM,IndiGo,6E-2133,Non-stop,9/3/2026,21:55,23:40,8253,7860,393,INR,8/27/2026 6:07,Cleartrip
AMD,DEL,Air India,AI-2906,Non-stop,8/28/2026,6:30,8:15,8253,7860,393,INR,8/27/2026 5:57,Cleartrip
BLR,BOM,IndiGo,6E-2086,Non-stop,8/28/2026,9:20,10:55,8277,7882.86,394.14,INR,8/27/2026 5:52,Cleartrip
DEL,SXR,IndiGo,6E-6474,1 stop,10/11/2026,7:20,10:35,8295,7900,395,INR,8/27/2026 6:04,Cleartrip
DEL,PNQ,IndiGo,6E-2132,Non-stop,10/11/2026,9:40,11:45,8316,7920,396,INR,8/27/2026 5:55,Cleartrip
MAA,DEL,Air India Express,IX-1354,1 stop,9/11/2026,14:40,22:10,8355,7957.14,397.86,INR,8/27/2026 5:59,Cleartrip
MAA,DEL,Air India Express,IX-1385,2 stop,8/28/2026,8:45,17:40,8355,7957.14,397.86,INR,8/27/2026 5:58,Cleartrip
MAA,DEL,IndiGo,6E-401,1 stop,9/11/2026,8:10,16:10,8381,7981.9,399.1,INR,8/27/2026 5:59,Cleartrip
CCU,BOM,Akasa Air,QP-1136,Non-stop,9/11/2026,5:00,7:45,8396,7996.19,399.81,INR,8/27/2026 6:06,Cleartrip
CCU,BOM,Akasa Air,QP-1136,Non-stop,8/28/2026,5:10,7:45,8396,7996.19,399.81,INR,8/27/2026 6:05,Cleartrip
CCU,BOM,Akasa Air,QP-1126,Non-stop,8/28/2026,23:00,1:40,8396,7996.19,399.81,INR,8/27/2026 6:05,Cleartrip
AMD,BOM,IndiGo,6E-7018,Non-stop,8/28/2026,19:10,20:50,8399,7999.05,399.95,INR,8/27/2026 6:08,Cleartrip
MAA,BOM,IndiGo,6E-5314,Non-stop,9/11/2026,6:45,8:45,8407,8006.67,400.33,INR,8/27/2026 6:07,Cleartrip
MAA,BOM,IndiGo,6E-5258,Non-stop,9/3/2026,12:45,14:45,8407,8006.67,400.33,INR,8/27/2026 6:07,Cleartrip
MAA,BOM,IndiGo,6E-6140,Non-stop,8/28/2026,2:30,4:35,8407,8006.67,400.33,INR,8/27/2026 6:07,Cleartrip
MAA,DEL,IndiGo,6E-6797,1 stop,10/11/2026,13:10,18:45,8420,8019.05,400.95,INR,8/27/2026 5:59,Cleartrip
DEL,GAU,Air India Express,IX-1035,Non-stop,9/26/2026,8:10,10:40,8420,8019.05,400.95,INR,8/27/2026 6:14,Cleartrip
DEL,GAU,Air India Express,IX-1069,Non-stop,9/26/2026,11:00,13:30,8420,8019.05,400.95,INR,8/27/2026 6:14,Cleartrip
DEL,GAU,Air India Express,IX-1035,Non-stop,9/11/2026,7:30,10:00,8420,8019.05,400.95,INR,8/27/2026 6:14,Cleartrip
GOI,BOM,IndiGo,6E-2175,Non-stop,10/11/2026,6:40,8:05,8427,8025.71,401.29,INR,8/27/2026 6:16,Cleartrip
MAA,BOM,Air India,AI-2828,Non-stop,9/11/2026,5:55,8:15,8430,8028.57,401.43,INR,8/27/2026 6:07,Cleartrip
MAA,BOM,Air India,AI-2779,Non-stop,8/28/2026,7:00,9:10,8430,8028.57,401.43,INR,8/27/2026 6:07,Cleartrip
BLR,CCU,Air India Express,IX-1871,Non-stop,8/28/2026,19:10,21:40,8445,8042.86,402.14,INR,8/27/2026 6:01,Cleartrip
GOI,BOM,IndiGo,6E-6360,Non-stop,10/11/2026,21:45,23:00,8447,8044.76,402.24,INR,8/27/2026 6:16,Cleartrip
GOI,BOM,IndiGo,6E-7078,Non-stop,10/11/2026,19:50,21:20,8447,8044.76,402.24,INR,8/27/2026 6:16,Cleartrip
MAA,DEL,IndiGo,6.00E-253,1 stop,9/11/2026,3:10,9:40,8447,8044.76,402.24,INR,8/27/2026 5:59,Cleartrip
MAA,DEL,IndiGo,6E-495,1 stop,9/11/2026,7:10,12:30,8447,8044.76,402.24,INR,8/27/2026 5:59,Cleartrip
MAA,DEL,IndiGo,6E-6925,1 stop,9/11/2026,12:00,16:55,8447,8044.76,402.24,INR,8/27/2026 5:59,Cleartrip
MAA,DEL,IndiGo,6E-607,1 stop,9/11/2026,5:40,11:05,8447,8044.76,402.24,INR,8/27/2026 5:59,Cleartrip
MAA,DEL,IndiGo,6E-834,1 stop,9/11/2026,9:05,13:55,8447,8044.76,402.24,INR,8/27/2026 5:59,Cleartrip
AMD,BOM,IndiGo,6E-6351,Non-stop,8/28/2026,23:15,0:30,8468,8064.76,403.24,INR,8/27/2026 6:08,Cleartrip
DEL,SXR,IndiGo,6E-5120,Non-stop,10/11/2026,8:25,9:45,8473,8069.52,403.48,INR,8/27/2026 6:04,Cleartrip
GOI,BOM,Akasa Air,QP-1176,Non-stop,10/11/2026,20:30,21:55,8516,8110.48,405.52,INR,8/27/2026 6:16,Cleartrip
CCU,BOM,Akasa Air,QP-1136,Non-stop,9/26/2026,5:00,7:45,8541,8134.29,406.71,INR,8/27/2026 6:06,Cleartrip
DEL,GAU,IndiGo,6E-5041,Non-stop,9/26/2026,15:10,17:35,8620,8209.52,410.48,INR,8/27/2026 6:14,Cleartrip
MAA,DEL,IndiGo,6E-561,1 stop,10/11/2026,22:20,4:00,8630,8219.05,410.95,INR,8/27/2026 5:59,Cleartrip
MAA,DEL,IndiGo,6E-607,1 stop,10/11/2026,5:40,11:05,8630,8219.05,410.95,INR,8/27/2026 5:59,Cleartrip
MAA,DEL,IndiGo,6E-6158,1 stop,10/11/2026,16:10,21:40,8630,8219.05,410.95,INR,8/27/2026 5:59,Cleartrip
MAA,DEL,IndiGo,6E-916,1 stop,10/11/2026,1:10,7:15,8630,8219.05,410.95,INR,8/27/2026 5:59,Cleartrip
MAA,DEL,IndiGo,6E-834,1 stop,10/11/2026,9:05,13:55,8630,8219.05,410.95,INR,8/27/2026 5:59,Cleartrip
MAA,DEL,IndiGo,6E-6487,1 stop,10/11/2026,21:25,2:05,8630,8219.05,410.95,INR,8/27/2026 5:59,Cleartrip
MAA,DEL,IndiGo,6E-6079,1 stop,10/11/2026,10:15,16:20,8630,8219.05,410.95,INR,8/27/2026 5:59,Cleartrip
MAA,DEL,IndiGo,6E-848,1 stop,10/11/2026,17:50,23:30,8630,8219.05,410.95,INR,8/27/2026 5:59,Cleartrip
MAA,DEL,IndiGo,6E-495,1 stop,10/11/2026,7:10,12:30,8630,8219.05,410.95,INR,8/27/2026 5:59,Cleartrip
MAA,DEL,IndiGo,6E-562,1 stop,10/11/2026,18:20,23:25,8630,8219.05,410.95,INR,8/27/2026 5:59,Cleartrip
GOI,BOM,IndiGo,6E-5231,Non-stop,10/11/2026,16:30,17:50,8637,8225.71,411.29,INR,8/27/2026 6:16,Cleartrip
AMD,BOM,Air India,AI-2918,Non-stop,9/3/2026,6:00,7:45,8649,8237.14,411.86,INR,8/27/2026 6:08,Cleartrip
BLR,DEL,IndiGo,6E-2518,Non-stop,9/3/2026,9:20,12:10,8659,8246.67,412.33,INR,8/27/2026 5:51,Cleartrip
BLR,DEL,IndiGo,6E-849,Non-stop,9/3/2026,8:15,11:05,8659,8246.67,412.33,INR,8/27/2026 5:51,Cleartrip
BLR,DEL,IndiGo,6E-836,Non-stop,9/3/2026,5:05,7:55,8659,8246.67,412.33,INR,8/27/2026 5:51,Cleartrip
BLR,DEL,IndiGo,6.00E-175,Non-stop,9/3/2026,10:45,13:35,8659,8246.67,412.33,INR,8/27/2026 5:51,Cleartrip
BLR,DEL,Akasa Air,QP-1359,Non-stop,9/3/2026,5:00,7:50,8659,8246.67,412.33,INR,8/27/2026 5:51,Cleartrip
BLR,DEL,IndiGo,6E-2518,Non-stop,9/26/2026,9:20,12:10,8659,8246.67,412.33,INR,8/27/2026 5:51,Cleartrip
BLR,DEL,IndiGo,6E-869,Non-stop,9/26/2026,13:10,16:05,8659,8246.67,412.33,INR,8/27/2026 5:51,Cleartrip
BLR,DEL,IndiGo,6E-2313,Non-stop,8/28/2026,23:30,2:20,8659,8246.67,412.33,INR,8/27/2026 5:50,Cleartrip
BLR,DEL,Akasa Air,QP-1823,Non-stop,9/3/2026,6:05,8:50,8659,8246.67,412.33,INR,8/27/2026 5:51,Cleartrip
BLR,DEL,IndiGo,6E-817,Non-stop,9/26/2026,20:40,23:30,8659,8246.67,412.33,INR,8/27/2026 5:51,Cleartrip
BLR,DEL,IndiGo,6E-2313,Non-stop,9/26/2026,23:30,2:20,8659,8246.67,412.33,INR,8/27/2026 5:51,Cleartrip
BLR,DEL,IndiGo,6E-849,Non-stop,9/26/2026,8:15,11:05,8659,8246.67,412.33,INR,8/27/2026 5:51,Cleartrip
BLR,DEL,Air India Express,IX-2410,Non-stop,8/28/2026,22:15,1:05,8659,8246.67,412.33,INR,8/27/2026 5:50,Cleartrip
BLR,DEL,IndiGo,6E-804,Non-stop,9/3/2026,3:00,5:50,8659,8246.67,412.33,INR,8/27/2026 5:51,Cleartrip
BLR,DEL,IndiGo,6E-869,Non-stop,9/11/2026,13:10,16:05,8659,8246.67,412.33,INR,8/27/2026 5:51,Cleartrip
BLR,DEL,IndiGo,6E-840,Non-stop,9/11/2026,13:55,16:45,8659,8246.67,412.33,INR,8/27/2026 5:51,Cleartrip
BLR,DEL,Air India Express,IX-1040,Non-stop,9/11/2026,14:40,17:30,8659,8246.67,412.33,INR,8/27/2026 5:51,Cleartrip
BLR,DEL,IndiGo,6E-870,Non-stop,9/26/2026,19:30,22:15,8659,8246.67,412.33,INR,8/27/2026 5:51,Cleartrip
BLR,DEL,IndiGo,6E-2518,Non-stop,9/11/2026,9:20,12:10,8659,8246.67,412.33,INR,8/27/2026 5:51,Cleartrip
BLR,DEL,Akasa Air,QP-1821,Non-stop,9/11/2026,13:05,16:00,8659,8246.67,412.33,INR,8/27/2026 5:51,Cleartrip
BLR,DEL,IndiGo,6E-840,Non-stop,9/3/2026,13:55,16:45,8659,8246.67,412.33,INR,8/27/2026 5:51,Cleartrip
BLR,DEL,IndiGo,6E-840,Non-stop,9/26/2026,13:55,16:45,8659,8246.67,412.33,INR,8/27/2026 5:51,Cleartrip
BLR,DEL,IndiGo,6E-2455,Non-stop,9/3/2026,6:25,8:45,8659,8246.67,412.33,INR,8/27/2026 5:51,Cleartrip
BLR,DEL,IndiGo,6E-6034,Non-stop,9/26/2026,18:15,21:05,8659,8246.67,412.33,INR,8/27/2026 5:51,Cleartrip
BLR,DEL,IndiGo,6E-860,Non-stop,9/26/2026,15:45,18:35,8659,8246.67,412.33,INR,8/27/2026 5:51,Cleartrip
BLR,DEL,IndiGo,6E-836,Non-stop,9/26/2026,5:05,7:55,8659,8246.67,412.33,INR,8/27/2026 5:51,Cleartrip
BLR,DEL,Air India Express,IX-1040,Non-stop,9/3/2026,14:40,17:30,8659,8246.67,412.33,INR,8/27/2026 5:51,Cleartrip
BLR,DEL,IndiGo,6E-809,Non-stop,9/3/2026,12:00,14:50,8659,8246.67,412.33,INR,8/27/2026 5:51,Cleartrip
BLR,DEL,IndiGo,6E-809,Non-stop,9/26/2026,12:00,14:50,8659,8246.67,412.33,INR,8/27/2026 5:51,Cleartrip
BLR,DEL,IndiGo,6E-6406,Non-stop,8/28/2026,22:00,0:50,8659,8246.67,412.33,INR,8/27/2026 5:50,Cleartrip
DEL,GAU,Air India,AI-2947,Non-stop,8/28/2026,14:30,17:05,8670,8257.14,412.86,INR,8/27/2026 6:14,Cleartrip
DEL,GAU,Air India,AI-879,Non-stop,8/28/2026,6:40,9:15,8670,8257.14,412.86,INR,8/27/2026 6:14,Cleartrip
DEL,GAU,Air India,AI-879,Non-stop,9/26/2026,6:40,9:15,8670,8257.14,412.86,INR,8/27/2026 6:14,Cleartrip
DEL,GAU,Air India,AI-1755,Non-stop,9/3/2026,14:30,17:00,8670,8257.14,412.86,INR,8/27/2026 6:14,Cleartrip
DEL,GAU,Air India,AI-1755,Non-stop,9/11/2026,14:30,17:00,8670,8257.14,412.86,INR,8/27/2026 6:14,Cleartrip
DEL,GAU,Air India,AI-879,Non-stop,9/3/2026,6:40,9:15,8670,8257.14,412.86,INR,8/27/2026 6:14,Cleartrip
CCU,BOM,Akasa Air,QP-1108,Non-stop,8/28/2026,17:05,19:50,8691,8277.14,413.86,INR,8/27/2026 6:05,Cleartrip
MAA,BOM,IndiGo,6E-2133,Non-stop,8/28/2026,21:55,23:40,8732,8316.19,415.81,INR,8/27/2026 6:07,Cleartrip
MAA,DEL,Air India Express,IX-1354,1 stop,9/3/2026,14:40,0:05,8756,8339.05,416.95,INR,8/27/2026 5:59,Cleartrip
AMD,BOM,Air India,AI-2494,Non-stop,8/28/2026,21:30,23:15,8792,8373.33,418.67,INR,8/27/2026 6:08,Cleartrip
BLR,DEL,Akasa Air,QP-1823,Non-stop,9/11/2026,6:05,8:50,8800,8380.95,419.05,INR,8/27/2026 5:51,Cleartrip
GOI,BOM,Air India,AI-604,Non-stop,10/11/2026,7:05,8:30,8831,8410.48,420.52,INR,8/27/2026 6:16,Cleartrip
AMD,BOM,IndiGo,6E-868,Non-stop,9/3/2026,21:25,23:00,8833,8412.38,420.62,INR,8/27/2026 6:08,Cleartrip
CCU,BOM,IndiGo,6E-2122,Non-stop,9/3/2026,7:40,10:15,8855,8433.33,421.67,INR,8/27/2026 6:06,Cleartrip
CCU,BOM,IndiGo,6E-2122,Non-stop,9/11/2026,7:40,10:15,8855,8433.33,421.67,INR,8/27/2026 6:06,Cleartrip
CCU,BOM,IndiGo,6E-2122,Non-stop,8/28/2026,7:40,10:15,8855,8433.33,421.67,INR,8/27/2026 6:05,Cleartrip
CCU,BOM,IndiGo,6E-2122,Non-stop,9/26/2026,7:40,10:15,8855,8433.33,421.67,INR,8/27/2026 6:06,Cleartrip
MAA,BOM,IndiGo,6E-5214,Non-stop,9/3/2026,11:00,13:00,8887,8463.81,423.19,INR,8/27/2026 6:07,Cleartrip
MAA,BOM,IndiGo,6E-5258,Non-stop,8/28/2026,12:45,14:45,8887,8463.81,423.19,INR,8/27/2026 6:07,Cleartrip
MAA,BOM,IndiGo,6E-5371,Non-stop,9/3/2026,14:45,16:40,8887,8463.81,423.19,INR,8/27/2026 6:07,Cleartrip
MAA,BOM,IndiGo,6E-5314,Non-stop,8/28/2026,6:45,8:45,8887,8463.81,423.19,INR,8/27/2026 6:07,Cleartrip
MAA,BOM,IndiGo,6E-5214,Non-stop,8/28/2026,11:00,13:00,8887,8463.81,423.19,INR,8/27/2026 6:07,Cleartrip
BLR,HYD,Air India Express,IX-2935,Non-stop,8/28/2026,8:55,10:20,8919,8494.29,424.71,INR,8/27/2026 6:04,Cleartrip
DEL,GAU,IndiGo,6E-5215,Non-stop,9/11/2026,7:45,10:10,8920,8495.24,424.76,INR,8/27/2026 6:14,Cleartrip
DEL,PNQ,IndiGo,6E-6673,Non-stop,10/11/2026,21:15,23:20,8946,8520,426,INR,8/27/2026 5:55,Cleartrip
CCU,BOM,IndiGo,6E-5227,Non-stop,9/26/2026,13:45,16:30,8955,8528.57,426.43,INR,8/27/2026 6:06,Cleartrip
CCU,BOM,IndiGo,6E-5183,Non-stop,9/26/2026,9:15,11:45,8955,8528.57,426.43,INR,8/27/2026 6:06,Cleartrip
CCU,BOM,IndiGo,6E-6206,Non-stop,8/28/2026,16:15,19:05,8955,8528.57,426.43,INR,8/27/2026 6:05,Cleartrip
CCU,BOM,IndiGo,6E-5288,Non-stop,8/28/2026,11:35,14:35,8955,8528.57,426.43,INR,8/27/2026 6:05,Cleartrip
CCU,BOM,IndiGo,6.00E-115,Non-stop,8/28/2026,21:40,0:25,8955,8528.57,426.43,INR,8/27/2026 6:05,Cleartrip
CCU,BOM,IndiGo,6E-5128,Non-stop,8/28/2026,18:45,21:30,8955,8528.57,426.43,INR,8/27/2026 6:05,Cleartrip
CCU,BOM,IndiGo,6E-5227,Non-stop,8/28/2026,13:45,16:30,8955,8528.57,426.43,INR,8/27/2026 6:05,Cleartrip
CCU,BOM,IndiGo,6E-5227,Non-stop,9/3/2026,13:45,16:30,8955,8528.57,426.43,INR,8/27/2026 6:06,Cleartrip
CCU,BOM,IndiGo,6E-5183,Non-stop,9/3/2026,9:15,11:45,8955,8528.57,426.43,INR,8/27/2026 6:06,Cleartrip
CCU,BOM,IndiGo,6E-5194,Non-stop,8/28/2026,6:25,9:15,8955,8528.57,426.43,INR,8/27/2026 6:05,Cleartrip
CCU,BOM,IndiGo,6E-5194,Non-stop,9/11/2026,6:25,9:15,8955,8528.57,426.43,INR,8/27/2026 6:06,Cleartrip
CCU,BOM,IndiGo,6.00E-115,Non-stop,9/11/2026,21:40,0:25,8955,8528.57,426.43,INR,8/27/2026 6:06,Cleartrip
CCU,BOM,IndiGo,6.00E-115,Non-stop,9/26/2026,21:40,0:25,8955,8528.57,426.43,INR,8/27/2026 6:06,Cleartrip
CCU,BOM,IndiGo,6E-6206,Non-stop,9/26/2026,16:15,19:05,8955,8528.57,426.43,INR,8/27/2026 6:06,Cleartrip
CCU,BOM,IndiGo,6E-5288,Non-stop,9/3/2026,11:35,14:35,8955,8528.57,426.43,INR,8/27/2026 6:06,Cleartrip
CCU,BOM,IndiGo,6.00E-115,Non-stop,9/3/2026,21:40,0:25,8955,8528.57,426.43,INR,8/27/2026 6:06,Cleartrip
CCU,BOM,IndiGo,6E-5194,Non-stop,9/3/2026,6:25,9:15,8955,8528.57,426.43,INR,8/27/2026 6:06,Cleartrip
CCU,BOM,IndiGo,6E-5183,Non-stop,8/28/2026,9:15,11:45,8955,8528.57,426.43,INR,8/27/2026 6:05,Cleartrip
CCU,BOM,IndiGo,6E-5194,Non-stop,9/26/2026,6:25,9:15,8955,8528.57,426.43,INR,8/27/2026 6:06,Cleartrip
MAA,DEL,Air India Express,IX-2975,1 stop,9/3/2026,6:30,17:30,8966,8539.05,426.95,INR,8/27/2026 5:59,Cleartrip
MAA,DEL,Air India Express,IX-2507,1 stop,8/28/2026,16:30,7:40,8966,8539.05,426.95,INR,8/27/2026 5:58,Cleartrip
MAA,DEL,Air India Express,IX-2786,1 stop,9/3/2026,7:25,17:30,8966,8539.05,426.95,INR,8/27/2026 5:59,Cleartrip
MAA,DEL,Air India Express,IX-1385,1 stop,9/3/2026,8:55,17:30,8966,8539.05,426.95,INR,8/27/2026 5:59,Cleartrip
MAA,DEL,IndiGo,6E-6081,1 stop,9/26/2026,7:05,12:10,9017,8587.62,429.38,INR,8/27/2026 5:59,Cleartrip
BLR,CCU,Air India Express,IX-1131,Non-stop,8/28/2026,7:05,9:35,9075,8642.86,432.14,INR,8/27/2026 6:01,Cleartrip
BLR,DEL,Akasa Air,QP-1307,Non-stop,8/28/2026,17:20,20:15,9086,8653.33,432.67,INR,8/27/2026 5:50,Cleartrip
BLR,DEL,Akasa Air,QP-1359,Non-stop,9/11/2026,5:00,7:50,9086,8653.33,432.67,INR,8/27/2026 5:51,Cleartrip
MAA,DEL,IndiGo,6E-991,1 stop,9/3/2026,9:30,14:55,9087,8654.29,432.71,INR,8/27/2026 5:59,Cleartrip
MAA,DEL,IndiGo,6E-495,1 stop,9/3/2026,7:10,12:30,9087,8654.29,432.71,INR,8/27/2026 5:59,Cleartrip
MAA,DEL,IndiGo,6E-607,1 stop,9/3/2026,5:40,11:05,9087,8654.29,432.71,INR,8/27/2026 5:59,Cleartrip
MAA,DEL,IndiGo,6E-502,1 stop,9/3/2026,11:10,17:00,9087,8654.29,432.71,INR,8/27/2026 5:59,Cleartrip
MAA,DEL,IndiGo,6E-6487,1 stop,9/3/2026,21:25,2:05,9087,8654.29,432.71,INR,8/27/2026 5:59,Cleartrip
GOI,DEL,IndiGo,6E-2413,Non-stop,10/11/2026,22:00,0:25,9094,8660.95,433.05,INR,8/27/2026 6:13,Cleartrip
GOI,BOM,IndiGo,6E-6278,Non-stop,10/11/2026,7:10,8:35,9113,8679.05,433.95,INR,8/27/2026 6:16,Cleartrip
GOI,BOM,Air India Express,IX-1209,Non-stop,10/11/2026,22:35,0:05,9114,8680,434,INR,8/27/2026 6:16,Cleartrip
BLR,DEL,IndiGo,6E-817,Non-stop,8/28/2026,20:40,23:30,9115,8680.95,434.05,INR,8/27/2026 5:50,Cleartrip
BLR,DEL,IndiGo,6E-6039,Non-stop,8/28/2026,17:00,19:50,9115,8680.95,434.05,INR,8/27/2026 5:50,Cleartrip
BLR,DEL,IndiGo,6E-870,Non-stop,8/28/2026,19:30,22:15,9115,8680.95,434.05,INR,8/27/2026 5:50,Cleartrip
BLR,DEL,IndiGo,6.00E-175,Non-stop,9/11/2026,10:45,13:35,9115,8680.95,434.05,INR,8/27/2026 5:51,Cleartrip
BLR,DEL,IndiGo,6E-830,Non-stop,9/11/2026,9:30,12:30,9115,8680.95,434.05,INR,8/27/2026 5:51,Cleartrip
BLR,DEL,Air India,AI-2511,Non-stop,9/11/2026,15:00,18:00,9130,8695.24,434.76,INR,8/27/2026 5:51,Cleartrip
BLR,DEL,Air India,AI-2501,Non-stop,8/28/2026,23:30,2:25,9130,8695.24,434.76,INR,8/27/2026 5:50,Cleartrip
BLR,DEL,Air India,AI-2418,Non-stop,8/28/2026,16:30,19:25,9130,8695.24,434.76,INR,8/27/2026 5:50,Cleartrip
BLR,DEL,Air India,AI-2488,Non-stop,8/28/2026,22:30,1:25,9130,8695.24,434.76,INR,8/27/2026 5:50,Cleartrip
BLR,DEL,Air India,AI-2798,Non-stop,8/28/2026,20:25,23:25,9130,8695.24,434.76,INR,8/27/2026 5:50,Cleartrip
MAA,BOM,Air India,AI-2740,Non-stop,9/11/2026,16:00,18:20,9174,8737.14,436.86,INR,8/27/2026 6:07,Cleartrip
BLR,CCU,IndiGo,6E-6039,1 stop,10/11/2026,17:00,0:05,9193,8755.24,437.76,INR,8/27/2026 6:02,Cleartrip
BLR,DEL,Star Air,S5-183,1 stop,9/11/2026,8:00,11:50,9200,8761.9,438.1,INR,8/27/2026 5:51,Cleartrip
CCU,BOM,Akasa Air,QP-2028,Non-stop,10/11/2026,8:30,11:15,9241,8800.95,440.05,INR,8/27/2026 6:06,Cleartrip
GOI,BOM,IndiGo,6E-6156,Non-stop,10/11/2026,0:05,1:25,9267,8825.71,441.29,INR,8/27/2026 6:16,Cleartrip
GOI,DEL,IndiGo,6E-5008,Non-stop,10/11/2026,22:30,1:10,9270,8828.57,441.43,INR,8/27/2026 6:13,Cleartrip
MAA,DEL,IndiGo,6E-607,1 stop,8/28/2026,5:40,11:05,9288,8845.71,442.29,INR,8/27/2026 5:58,Cleartrip
MAA,DEL,IndiGo,6E-973,1 stop,8/28/2026,11:55,18:05,9288,8845.71,442.29,INR,8/27/2026 5:58,Cleartrip
MAA,DEL,IndiGo,6E-502,1 stop,8/28/2026,11:10,17:00,9288,8845.71,442.29,INR,8/27/2026 5:58,Cleartrip
MAA,DEL,IndiGo,6.00E-183,1 stop,8/28/2026,16:35,23:15,9288,8845.71,442.29,INR,8/27/2026 5:58,Cleartrip
MAA,DEL,IndiGo,6E-489,1 stop,8/28/2026,18:15,0:45,9288,8845.71,442.29,INR,8/27/2026 5:58,Cleartrip
BLR,CCU,IndiGo,6E-6208,1 stop,8/28/2026,12:45,20:35,9305,8861.9,443.1,INR,8/27/2026 6:01,Cleartrip
BLR,CCU,IndiGo,6E-537,1 stop,8/28/2026,10:15,16:20,9305,8861.9,443.1,INR,8/27/2026 6:01,Cleartrip
BLR,CCU,IndiGo,6E-356,1 stop,8/28/2026,17:15,23:30,9305,8861.9,443.1,INR,8/27/2026 6:01,Cleartrip
BLR,CCU,IndiGo,6E-312,1 stop,8/28/2026,9:15,16:20,9305,8861.9,443.1,INR,8/27/2026 6:01,Cleartrip
BLR,CCU,IndiGo,6E-6404,1 stop,8/28/2026,11:35,16:20,9305,8861.9,443.1,INR,8/27/2026 6:01,Cleartrip
GOI,DEL,Air India Express,IX-1818,Non-stop,10/11/2026,22:35,1:20,9312,8868.57,443.43,INR,8/27/2026 6:13,Cleartrip
GOI,DEL,Air India Express,IX-2762,Non-stop,10/11/2026,0:35,3:20,9312,8868.57,443.43,INR,8/27/2026 6:13,Cleartrip
GOI,DEL,Air India Express,IX-2764,Non-stop,10/11/2026,21:45,0:30,9312,8868.57,443.43,INR,8/27/2026 6:13,Cleartrip
DEL,GAU,Air India Express,IX-1041,Non-stop,10/11/2026,18:15,20:45,9320,8876.19,443.81,INR,8/27/2026 6:15,Cleartrip
DEL,GAU,Air India Express,IX-1032,Non-stop,10/11/2026,5:45,8:35,9320,8876.19,443.81,INR,8/27/2026 6:15,Cleartrip
DEL,GAU,IndiGo,6E-6048,Non-stop,10/11/2026,20:00,22:25,9320,8876.19,443.81,INR,8/27/2026 6:15,Cleartrip
DEL,GAU,Air India Express,IX-1069,Non-stop,10/11/2026,10:45,13:25,9320,8876.19,443.81,INR,8/27/2026 6:15,Cleartrip
DEL,GAU,Air India Express,IX-1035,Non-stop,10/11/2026,8:10,10:40,9320,8876.19,443.81,INR,8/27/2026 6:15,Cleartrip
DEL,GAU,Air India Express,IX-1085,Non-stop,10/11/2026,12:55,15:35,9320,8876.19,443.81,INR,8/27/2026 6:15,Cleartrip
DEL,GAU,Air India Express,IX-1671,Non-stop,10/11/2026,19:55,22:30,9320,8876.19,443.81,INR,8/27/2026 6:15,Cleartrip
GOI,BOM,IndiGo,6E-5176,Non-stop,10/11/2026,20:55,22:15,9323,8879.05,443.95,INR,8/27/2026 6:16,Cleartrip
MAA,BOM,Air India,AI-2779,Non-stop,9/11/2026,7:00,9:10,9361,8915.24,445.76,INR,8/27/2026 6:07,Cleartrip
MAA,DEL,IndiGo,6E-6005,1 stop,8/28/2026,15:45,22:45,9367,8920.95,446.05,INR,8/27/2026 5:58,Cleartrip
MAA,DEL,IndiGo,6E-726,1 stop,8/28/2026,18:20,0:55,9367,8920.95,446.05,INR,8/27/2026 5:58,Cleartrip
MAA,DEL,IndiGo,6E-6892,1 stop,8/28/2026,10:55,16:05,9367,8920.95,446.05,INR,8/27/2026 5:58,Cleartrip
MAA,BOM,IndiGo,6E-6140,Non-stop,9/3/2026,2:30,4:45,9400,8952.38,447.62,INR,8/27/2026 6:07,Cleartrip
MAA,BOM,IndiGo,6E-5371,Non-stop,8/28/2026,14:45,16:40,9400,8952.38,447.62,INR,8/27/2026 6:07,Cleartrip
MAA,BOM,IndiGo,6E-6225,Non-stop,8/28/2026,22:30,0:30,9400,8952.38,447.62,INR,8/27/2026 6:07,Cleartrip
MAA,BOM,IndiGo,6E-6348,Non-stop,8/28/2026,9:00,10:50,9400,8952.38,447.62,INR,8/27/2026 6:07,Cleartrip
MAA,BOM,IndiGo,6E-6348,Non-stop,9/3/2026,9:00,10:50,9400,8952.38,447.62,INR,8/27/2026 6:07,Cleartrip
MAA,BOM,IndiGo,6E-6225,Non-stop,9/11/2026,22:30,0:30,9400,8952.38,447.62,INR,8/27/2026 6:07,Cleartrip
GOI,BOM,Air India Express,IX-2004,1 stop,10/11/2026,19:00,7:45,9423,8974.29,448.71,INR,8/27/2026 6:16,Cleartrip
CCU,BOM,Air India,AI-2644,Non-stop,9/3/2026,6:55,9:55,9425,8976.19,448.81,INR,8/27/2026 6:06,Cleartrip
CCU,BOM,Air India,AI-2472,Non-stop,9/26/2026,15:10,18:15,9425,8976.19,448.81,INR,8/27/2026 6:06,Cleartrip
CCU,BOM,Air India,AI-2772,Non-stop,9/3/2026,10:30,13:35,9425,8976.19,448.81,INR,8/27/2026 6:06,Cleartrip
CCU,BOM,Air India,AI-2644,Non-stop,9/26/2026,6:55,9:55,9425,8976.19,448.81,INR,8/27/2026 6:06,Cleartrip
CCU,BOM,Air India,AI-2644,Non-stop,9/11/2026,6:55,9:55,9425,8976.19,448.81,INR,8/27/2026 6:06,Cleartrip
CCU,BOM,Akasa Air,QP-1136,Non-stop,10/11/2026,5:00,7:45,9482,9030.48,451.52,INR,8/27/2026 6:06,Cleartrip
DEL,PNQ,Air India,AI-2609,Non-stop,10/11/2026,23:50,2:05,9497,9044.76,452.24,INR,8/27/2026 5:55,Cleartrip
DEL,PNQ,Air India,AI-2469,Non-stop,10/11/2026,4:45,6:55,9497,9044.76,452.24,INR,8/27/2026 5:55,Cleartrip
DEL,PNQ,Air India,AI-2711,Non-stop,10/11/2026,2:00,4:15,9497,9044.76,452.24,INR,8/27/2026 5:55,Cleartrip
AMD,BOM,IndiGo,6E-5139,Non-stop,9/3/2026,17:05,18:25,9568,9112.38,455.62,INR,8/27/2026 6:08,Cleartrip
AMD,BOM,IndiGo,6E-5078,Non-stop,9/3/2026,10:55,12:20,9568,9112.38,455.62,INR,8/27/2026 6:08,Cleartrip
CCU,BOM,IndiGo,6E-6206,Non-stop,9/3/2026,16:15,19:05,9585,9128.57,456.43,INR,8/27/2026 6:06,Cleartrip
CCU,BOM,IndiGo,6E-6206,Non-stop,9/11/2026,16:15,19:05,9585,9128.57,456.43,INR,8/27/2026 6:06,Cleartrip
CCU,BOM,IndiGo,6E-5227,Non-stop,9/11/2026,13:45,16:30,9585,9128.57,456.43,INR,8/27/2026 6:06,Cleartrip
BLR,CCU,IndiGo,6.00E-223,Non-stop,8/28/2026,17:05,19:55,9600,9142.86,457.14,INR,8/27/2026 6:01,Cleartrip
BLR,HYD,IndiGo,6E-312,Non-stop,8/28/2026,9:15,10:30,9710,9247.62,462.38,INR,8/27/2026 6:04,Cleartrip
CCU,BOM,Air India,AI-2482,Non-stop,9/11/2026,20:35,23:45,9724,9260.95,463.05,INR,8/27/2026 6:06,Cleartrip
CCU,BOM,IndiGo,6E-2122,Non-stop,10/11/2026,7:40,10:15,9815,9347.62,467.38,INR,8/27/2026 6:06,Cleartrip
DEL,GAU,IndiGo,6E-5041,Non-stop,10/11/2026,15:10,17:35,9820,9352.38,467.62,INR,8/27/2026 6:15,Cleartrip
CCU,BOM,Akasa Air,QP-1251,Non-stop,10/11/2026,6:00,8:45,9820,9352.38,467.62,INR,8/27/2026 6:06,Cleartrip
MAA,DEL,Air India Express,IX-1385,2 stop,9/26/2026,8:55,18:15,9856,9386.67,469.33,INR,8/27/2026 5:59,Cleartrip
DEL,GAU,Air India Express,IX-1461,1 stop,10/11/2026,5:35,18:55,9867,9397.14,469.86,INR,8/27/2026 6:15,Cleartrip
MAA,DEL,IndiGo,6E-613,Non-stop,9/26/2026,19:00,21:55,9879,9408.57,470.43,INR,8/27/2026 5:59,Cleartrip
BLR,DEL,IndiGo,6E-2518,Non-stop,10/11/2026,9:20,12:10,9900,9428.57,471.43,INR,8/27/2026 5:51,Cleartrip
BLR,DEL,IndiGo,6E-2313,Non-stop,10/11/2026,23:30,2:20,9900,9428.57,471.43,INR,8/27/2026 5:51,Cleartrip
MAA,DEL,IndiGo,6E-2578,Non-stop,9/26/2026,10:25,13:20,9918,9445.71,472.29,INR,8/27/2026 5:59,Cleartrip
MAA,BOM,IndiGo,6E-6225,Non-stop,9/3/2026,22:30,0:30,9949,9475.24,473.76,INR,8/27/2026 6:07,Cleartrip
MAA,BOM,IndiGo,6E-5104,Non-stop,9/3/2026,16:40,18:40,9949,9475.24,473.76,INR,8/27/2026 6:07,Cleartrip
BLR,DEL,Air India Express,IX-1581,1 stop,10/11/2026,18:40,0:10,10005,9528.57,476.43,INR,8/27/2026 5:51,Cleartrip
AMD,BOM,Air India,AI-2848,Non-stop,9/3/2026,12:00,13:40,10010,9533.33,476.67,INR,8/27/2026 6:08,Cleartrip
AMD,BOM,Air India,AI-494,Non-stop,9/3/2026,8:45,10:30,10010,9533.33,476.67,INR,8/27/2026 6:08,Cleartrip
AMD,BOM,Air India,AI-2504,Non-stop,9/3/2026,14:55,16:35,10010,9533.33,476.67,INR,8/27/2026 6:08,Cleartrip
BLR,CCU,IndiGo,6E-6269,1 stop,10/11/2026,7:15,14:10,10035,9557.14,477.86,INR,8/27/2026 6:02,Cleartrip
BLR,CCU,IndiGo,6E-6017,1 stop,10/11/2026,18:15,23:30,10035,9557.14,477.86,INR,8/27/2026 6:02,Cleartrip
BLR,CCU,IndiGo,6E-356,1 stop,10/11/2026,17:15,23:30,10035,9557.14,477.86,INR,8/27/2026 6:02,Cleartrip
BLR,CCU,IndiGo,6E-904,1 stop,10/11/2026,10:50,17:30,10035,9557.14,477.86,INR,8/27/2026 6:02,Cleartrip
BLR,CCU,Akasa Air,QP-1262,Non-stop,10/11/2026,19:40,22:25,10060,9580.95,479.05,INR,8/27/2026 6:02,Cleartrip
MAA,DEL,Air India Express,IX-2975,1 stop,9/26/2026,6:30,17:30,10066,9586.67,479.33,INR,8/27/2026 5:59,Cleartrip
MAA,DEL,Air India Express,IX-2971,1 stop,9/26/2026,10:45,17:30,10066,9586.67,479.33,INR,8/27/2026 5:59,Cleartrip
MAA,DEL,Air India Express,IX-2786,1 stop,9/26/2026,7:25,17:30,10066,9586.67,479.33,INR,8/27/2026 5:59,Cleartrip
BLR,DEL,Air India Express,IX-2052,1 stop,10/11/2026,16:10,23:35,10096,9615.24,480.76,INR,8/27/2026 5:51,Cleartrip
MAA,DEL,IndiGo,6E-6797,1 stop,9/26/2026,13:10,18:45,10124,9641.9,482.1,INR,8/27/2026 5:59,Cleartrip
AMD,BOM,IndiGo,6E-7018,Non-stop,9/3/2026,19:10,20:50,10184,9699.05,484.95,INR,8/27/2026 6:08,Cleartrip
BLR,DEL,Akasa Air,QP-1525,Non-stop,10/11/2026,7:00,9:45,10190,9704.76,485.24,INR,8/27/2026 5:51,Cleartrip
BLR,DEL,IndiGo,6E-836,Non-stop,10/11/2026,5:05,7:55,10202,9716.19,485.81,INR,8/27/2026 5:51,Cleartrip
BLR,DEL,IndiGo,6E-860,Non-stop,10/11/2026,15:45,18:35,10202,9716.19,485.81,INR,8/27/2026 5:51,Cleartrip
BLR,DEL,IndiGo,6E-870,Non-stop,10/11/2026,19:30,22:15,10202,9716.19,485.81,INR,8/27/2026 5:51,Cleartrip
BLR,DEL,IndiGo,6E-839,Non-stop,10/11/2026,1:00,3:50,10202,9716.19,485.81,INR,8/27/2026 5:51,Cleartrip
BLR,DEL,IndiGo,6E-6039,Non-stop,10/11/2026,17:00,19:50,10202,9716.19,485.81,INR,8/27/2026 5:51,Cleartrip
BLR,DEL,IndiGo,6E-6034,Non-stop,10/11/2026,18:15,21:05,10202,9716.19,485.81,INR,8/27/2026 5:51,Cleartrip
CCU,BOM,IndiGo,6E-6366,Non-stop,10/11/2026,2:00,4:45,10215,9728.57,486.43,INR,8/27/2026 6:06,Cleartrip
CCU,BOM,IndiGo,6E-5183,Non-stop,9/11/2026,9:15,11:45,10215,9728.57,486.43,INR,8/27/2026 6:06,Cleartrip
CCU,BOM,IndiGo,6E-5194,Non-stop,10/11/2026,6:25,9:15,10215,9728.57,486.43,INR,8/27/2026 6:06,Cleartrip
CCU,BOM,Akasa Air,QP-2030,Non-stop,10/11/2026,22:05,0:50,10251,9762.86,488.14,INR,8/27/2026 6:06,Cleartrip
AMD,BOM,IndiGo,6E-5160,Non-stop,8/28/2026,19:35,21:05,10303,9812.38,490.62,INR,8/27/2026 6:08,Cleartrip
MAA,DEL,IndiGo,6E-6925,1 stop,9/26/2026,12:00,16:55,10334,9841.9,492.1,INR,8/27/2026 5:59,Cleartrip
MAA,DEL,IndiGo,6E-6487,1 stop,9/26/2026,21:25,2:05,10334,9841.9,492.1,INR,8/27/2026 5:59,Cleartrip
BLR,CCU,IndiGo,6E-676,Non-stop,10/11/2026,18:30,21:10,10335,9842.86,492.14,INR,8/27/2026 6:02,Cleartrip
DEL,GAU,IndiGo,6E-2316,Non-stop,10/11/2026,17:30,19:55,10370,9876.19,493.81,INR,8/27/2026 6:15,Cleartrip
BLR,CCU,Akasa Air,QP-1264,Non-stop,10/11/2026,21:10,23:35,10395,9900,495,INR,8/27/2026 6:02,Cleartrip
CCU,BOM,Air India,AI-2472,Non-stop,9/11/2026,15:10,18:15,10526,10024.76,501.24,INR,8/27/2026 6:06,Cleartrip
MAA,BOM,IndiGo,6E-5314,Non-stop,9/3/2026,6:45,8:45,10536,10034.29,501.71,INR,8/27/2026 6:07,Cleartrip
CCU,BOM,Akasa Air,QP-1253,Non-stop,10/11/2026,17:05,20:00,10538,10036.19,501.81,INR,8/27/2026 6:06,Cleartrip
BLR,HYD,IndiGo,6E-484,Non-stop,8/28/2026,8:15,9:30,10583,10079.05,503.95,INR,8/27/2026 6:04,Cleartrip
BLR,HYD,IndiGo,6E-537,Non-stop,8/28/2026,10:15,11:30,10583,10079.05,503.95,INR,8/27/2026 6:04,Cleartrip
BLR,CCU,IndiGo,6E-465,1 stop,10/11/2026,12:55,20:00,10586,10081.9,504.1,INR,8/27/2026 6:02,Cleartrip
BLR,CCU,IndiGo,6E-952,Non-stop,10/11/2026,22:20,1:00,10650,10142.86,507.14,INR,8/27/2026 6:02,Cleartrip
GOI,DEL,IndiGo,6E-2102,Non-stop,10/11/2026,9:10,11:45,10669,10160.95,508.05,INR,8/27/2026 6:13,Cleartrip
GOI,DEL,IndiGo,6E-2071,1 stop,10/11/2026,21:55,8:35,10696,10186.67,509.33,INR,8/27/2026 6:13,Cleartrip
CCU,BOM,Akasa Air,QP-1126,Non-stop,10/11/2026,23:00,1:40,10725,10214.29,510.71,INR,8/27/2026 6:06,Cleartrip
AMD,BOM,IndiGo,6E-6205,Non-stop,8/28/2026,1:15,2:55,10728,10217.14,510.86,INR,8/27/2026 6:08,Cleartrip
BLR,CCU,IndiGo,6E-855,1 stop,10/11/2026,19:45,0:25,10836,10320,516,INR,8/27/2026 6:02,Cleartrip
CCU,BOM,IndiGo,6E-5227,Non-stop,10/11/2026,13:45,16:30,10845,10328.57,516.43,INR,8/27/2026 6:06,Cleartrip
CCU,BOM,IndiGo,6E-5183,Non-stop,10/11/2026,9:15,11:45,10845,10328.57,516.43,INR,8/27/2026 6:06,Cleartrip
MAA,BOM,Air India,AI-2822,Non-stop,9/3/2026,9:35,11:55,11010,10485.71,524.29,INR,8/27/2026 6:07,Cleartrip
MAA,BOM,Air India,AI-2828,Non-stop,9/3/2026,5:55,8:15,11010,10485.71,524.29,INR,8/27/2026 6:07,Cleartrip
GOI,DEL,Air India Express,IX-1582,Non-stop,10/11/2026,7:55,10:40,11158,10626.67,531.33,INR,8/27/2026 6:13,Cleartrip
GOI,DEL,IndiGo,6E-6243,Non-stop,10/11/2026,8:10,10:45,11265,10728.57,536.43,INR,8/27/2026 6:13,Cleartrip
GOI,DEL,IndiGo,6E-2175,1 stop,10/11/2026,6:40,16:15,11321,10781.9,539.1,INR,8/27/2026 6:13,Cleartrip
GOI,DEL,IndiGo,6E-6278,1 stop,10/11/2026,7:10,16:15,11343,10802.86,540.14,INR,8/27/2026 6:13,Cleartrip
AMD,BOM,Air India,AI-882,1 stop,8/28/2026,15:55,8:10,12238,11655.24,582.76,INR,8/27/2026 6:08,Cleartrip
GOI,DEL,Overland Airways,OF-220,"849

stop",8/28/2026,18:35,21:15,13972,13306.67,665.33,INR,8/27/2026 6:12,Cleartrip
AMD,BOM,Overland Airways,OF-153,"498

stop",9/26/2026,14:00,15:20,15091,14372.38,718.62,INR,8/27/2026 6:09,Cleartrip
AMD,BOM,Overland Airways,OF-155,"172

stop",10/11/2026,8:55,10:00,15684,14937.14,746.86,INR,8/27/2026 6:09,Cleartrip
AMD,DEL,Overland Airways,OF-108,"054

stop",9/26/2026,9:50,11:35,15982,15220.95,761.05,INR,8/27/2026 5:58,Cleartrip
DEL,PNQ,Unknown,16-111,Non-stop,8/28/2026,4:25,6:40,16111,15343.81,767.19,INR,8/27/2026 5:54,Cleartrip
BLR,HYD,Overland Airways,OF-106,Non-stop,9/3/2026,6:25,7:35,16121,15353.33,767.67,INR,8/27/2026 6:04,Cleartrip
MAA,HYD,Unknown,16-224,1 stop,9/26/2026,17:45,21:00,16224,15451.43,772.57,INR,8/27/2026 6:12,Cleartrip
DEL,SXR,Unknown,16-471,"373

stop",8/28/2026,9:55,11:25,16471,15686.67,784.33,INR,8/27/2026 6:02,Cleartrip
BLR,HYD,Overland Airways,OF-118,Non-stop,9/26/2026,20:50,22:35,17249,16427.62,821.38,INR,8/27/2026 6:05,Cleartrip
AMD,BOM,Overland Airways,OF-138,"399

stop",8/28/2026,6:40,9:15,17297,16473.33,823.67,INR,8/27/2026 6:08,Cleartrip
AMD,BOM,Overland Airways,OF-149,"459

stop",9/11/2026,4:45,6:15,17362,16535.24,826.76,INR,8/27/2026 6:09,Cleartrip
MAA,HYD,Overland Airways,OF-100,1 stop,10/11/2026,7:05,10:30,17947,17092.38,854.62,INR,8/27/2026 6:12,Cleartrip
AMD,BOM,Overland Airways,OF-123,"184

stop",9/3/2026,4:45,6:15,18070,17209.52,860.48,INR,8/27/2026 6:08,Cleartrip
HYD,BOM,Overland Airways,OF-215,Non-stop,9/26/2026,22:15,0:30,18077,17216.19,860.81,INR,8/27/2026 6:01,Cleartrip
GOI,BOM,Overland Airways,OF-146,"057

stop",8/28/2026,20:25,21:45,18151,17286.67,864.33,INR,8/27/2026 6:15,Cleartrip
DEL,GAU,Unknown,18-317,Non-stop,8/28/2026,4:45,7:10,18317,17444.76,872.24,INR,8/27/2026 6:14,Cleartrip
DEL,CCU,Overland Airways,OF-177,"310

stop",9/3/2026,12:20,18:15,18840,17942.86,897.14,INR,8/27/2026 5:56,Cleartrip
DEL,GAU,Unknown,18-847,Non-stop,9/3/2026,4:45,7:10,18847,17949.52,897.48,INR,8/27/2026 6:14,Cleartrip
DEL,GAU,Unknown,19-133,Non-stop,9/11/2026,4:45,7:10,19133,18221.9,911.1,INR,8/27/2026 6:14,Cleartrip
BLR,PNQ,Unknown,19-564,Non-stop,8/28/2026,21:50,23:30,19564,18632.38,931.62,INR,8/27/2026 6:09,Cleartrip
HYD,BOM,Overland Airways,OF-200,Non-stop,9/11/2026,5:00,6:25,19693,18755.24,937.76,INR,8/27/2026 6:00,Cleartrip
BLR,PNQ,Overland Airways,OF-107,Non-stop,9/3/2026,4:00,5:35,20115,19157.14,957.86,INR,8/27/2026 6:10,Cleartrip
BLR,PNQ,Overland Airways,OF-108,1 stop,9/26/2026,8:00,20:05,20145,19185.71,959.29,INR,8/27/2026 6:10,Cleartrip
DEL,PNQ,Unknown,20-325,Non-stop,10/11/2026,4:40,6:45,20325,19357.14,967.86,INR,8/27/2026 5:55,Cleartrip
DEL,HYD,Overland Airways,OF-169,"688

stop",9/11/2026,12:20,20:45,20427,19454.29,972.71,INR,8/27/2026 5:54,Cleartrip
HYD,BOM,Overland Airways,OF-213,Non-stop,9/3/2026,0:55,3:10,20713,19726.67,986.33,INR,8/27/2026 6:00,Cleartrip
BLR,HYD,Overland Airways,OF-164,Non-stop,10/11/2026,8:15,9:30,20737,19749.52,987.48,INR,8/27/2026 6:05,Cleartrip
HYD,BOM,Overland Airways,OF-222,Non-stop,10/11/2026,3:00,4:35,20777,19787.62,989.38,INR,8/27/2026 6:01,Cleartrip
DEL,CCU,Overland Airways,OF-185,"629

stop",8/28/2026,9:00,18:25,20906,19910.48,995.52,INR,8/27/2026 5:56,Cleartrip
BLR,HYD,Overland Airways,OF-144,Non-stop,9/11/2026,6:25,7:35,21004,20003.81,1000.19,INR,8/27/2026 6:04,Cleartrip
MAA,HYD,Overland Airways,OF-106,1 stop,9/3/2026,9:55,13:35,21294,20280,1014,INR,8/27/2026 6:11,Cleartrip
GOI,BOM,Unknown,21-481,"057

stop",9/11/2026,20:55,22:15,21481,20458.1,1022.9,INR,8/27/2026 6:15,Cleartrip
BLR,PNQ,Overland Airways,OF-119,Non-stop,9/11/2026,4:00,5:35,21939,20894.29,1044.71,INR,8/27/2026 6:10,Cleartrip
BLR,CCU,Overland Airways,OF-120,1 stop,9/11/2026,6:25,14:10,22230,21171.43,1058.57,INR,8/27/2026 6:02,Cleartrip
BLR,BOM,Overland Airways,OF-232,Non-stop,9/11/2026,15:00,16:40,22372,21306.67,1065.33,INR,8/27/2026 5:52,Cleartrip
HYD,BOM,Overland Airways,OF-228,Non-stop,8/28/2026,5:00,6:25,22444,21375.24,1068.76,INR,8/27/2026 6:00,Cleartrip
AMD,DEL,Unknown,22-681,"372

stop",9/11/2026,0:05,2:00,22681,21600.95,1080.05,INR,8/27/2026 5:58,Cleartrip
DEL,CCU,Overland Airways,OF-175,"318

stop",9/26/2026,16:40,22:05,22788,21702.86,1085.14,INR,8/27/2026 5:56,Cleartrip
AMD,DEL,Overland Airways,OF-107,"305

stop",10/11/2026,6:15,10:10,22817,21730.48,1086.52,INR,8/27/2026 5:58,Cleartrip
BLR,CCU,Overland Airways,OF-145,1 stop,9/3/2026,6:30,9:10,22834,21746.67,1087.33,INR,8/27/2026 6:01,Cleartrip
GOI,DEL,Overland Airways,OF-166,"849

stop",9/26/2026,0:05,8:40,22874,21784.76,1089.24,INR,8/27/2026 6:13,Cleartrip
BLR,PNQ,Overland Airways,OF-122,1 stop,10/11/2026,19:55,21:35,22922,21830.48,1091.52,INR,8/27/2026 6:10,Cleartrip
DEL,CCU,Overland Airways,OF-171,"481

stop",9/11/2026,12:20,18:15,23011,21915.24,1095.76,INR,8/27/2026 5:56,Cleartrip
MAA,BOM,Overland Airways,OF-121,Non-stop,10/11/2026,13:35,15:40,23123,22021.9,1101.1,INR,8/27/2026 6:08,Cleartrip
GOI,BOM,Overland Airways,OF-145,"447

stop",10/11/2026,6:40,8:05,23359,22246.67,1112.33,INR,8/27/2026 6:16,Cleartrip
DEL,HYD,Overland Airways,OF-172,"390

stop",10/11/2026,5:55,10:50,23467,22349.52,1117.48,INR,8/27/2026 5:54,Cleartrip
MAA,DEL,Overland Airways,OF-141,"989

stop",8/28/2026,8:45,17:40,23513,22393.33,1119.67,INR,8/27/2026 5:58,Cleartrip
AMD,DEL,Unknown,23-896,"788

stop",8/28/2026,15:55,17:45,23896,22758.1,1137.9,INR,8/27/2026 5:57,Cleartrip
MAA,DEL,Overland Airways,OF-175,"856

stop",9/26/2026,7:05,12:10,23903,22764.76,1138.24,INR,8/27/2026 5:59,Cleartrip
DEL,PNQ,Unknown,24-064,Non-stop,9/3/2026,21:45,23:55,24064,22918.1,1145.9,INR,8/27/2026 5:55,Cleartrip
DEL,GAU,Unknown,24-317,Non-stop,9/26/2026,4:45,7:10,24317,23159.05,1157.95,INR,8/27/2026 6:14,Cleartrip
DEL,BOM,Overland Airways,OF-229,Non-stop,8/28/2026,21:00,23:10,24587,23416.19,1170.81,INR,8/27/2026 5:48,Cleartrip
DEL,HYD,Overland Airways,OF-192,"404

stop",9/26/2026,16:30,21:45,24599,23427.62,1171.38,INR,8/27/2026 5:54,Cleartrip
DEL,BOM,Overland Airways,OF-242,Non-stop,10/11/2026,8:55,11:15,24699,23522.86,1176.14,INR,8/27/2026 5:50,Cleartrip
MAA,HYD,Overland Airways,OF-149,1 stop,8/28/2026,17:15,19:00,24910,23723.81,1186.19,INR,8/27/2026 6:11,Cleartrip
BLR,BOM,Overland Airways,OF-259,Non-stop,9/3/2026,6:20,8:00,24979,23789.52,1189.48,INR,8/27/2026 5:52,Cleartrip
DEL,SXR,Unknown,25-379,"721

stop",10/11/2026,8:35,10:05,25379,24170.48,1208.52,INR,8/27/2026 6:04,Cleartrip
MAA,HYD,Overland Airways,OF-104,1 stop,9/11/2026,2:30,7:20,25435,24223.81,1211.19,INR,8/27/2026 6:11,Cleartrip
AMD,DEL,Unknown,25-915,"814

stop",9/3/2026,12:15,14:10,25915,24680.95,1234.05,INR,8/27/2026 5:57,Cleartrip
GOI,BOM,Unknown,25-946,"402

stop",9/26/2026,22:35,0:05,25946,24710.48,1235.52,INR,8/27/2026 6:16,Cleartrip
GOI,BOM,Unknown,25-946,"057

stop",9/3/2026,22:35,0:05,25946,24710.48,1235.52,INR,8/27/2026 6:15,Cleartrip
BLR,CCU,Overland Airways,OF-148,1 stop,9/26/2026,22:15,0:50,26035,24795.24,1239.76,INR,8/27/2026 6:02,Cleartrip
BLR,DEL,Overland Airways,OF-247,"114

stop",9/26/2026,19:30,22:15,26320,25066.67,1253.33,INR,8/27/2026 5:51,Cleartrip
CCU,BOM,Overland Airways,OF-208,Non-stop,9/26/2026,23:00,1:40,26418,25160,1258,INR,8/27/2026 6:06,Cleartrip
DEL,SXR,Unknown,26-566,"540

stop",9/11/2026,10:05,14:20,26566,25300.95,1265.05,INR,8/27/2026 6:03,Cleartrip
BLR,DEL,Overland Airways,OF-233,"902

stop",8/28/2026,22:00,0:50,26607,25340,1267,INR,8/27/2026 5:50,Cleartrip
DEL,SXR,Unknown,26-765,"540

stop",9/3/2026,7:20,10:35,26765,25490.48,1274.52,INR,8/27/2026 6:03,Cleartrip
CCU,BOM,Overland Airways,OF-189,Non-stop,9/11/2026,23:00,1:40,26827,25549.52,1277.48,INR,8/27/2026 6:06,Cleartrip
BLR,BOM,Overland Airways,OF-226,Non-stop,8/28/2026,18:25,20:10,27390,26085.71,1304.29,INR,8/27/2026 5:52,Cleartrip
GOI,DEL,Overland Airways,OF-149,"297

stop",9/3/2026,14:50,20:55,27468,26160,1308,INR,8/27/2026 6:12,Cleartrip
GOI,DEL,Overland Airways,OF-141,"542

stop",10/11/2026,22:00,0:25,27610,26295.24,1314.76,INR,8/27/2026 6:13,Cleartrip
MAA,BOM,Overland Airways,OF-124,Non-stop,9/3/2026,21:55,23:40,27836,26510.48,1325.52,INR,8/27/2026 6:07,Cleartrip
DEL,HYD,Overland Airways,OF-177,"999

stop",9/3/2026,12:20,20:45,27864,26537.14,1326.86,INR,8/27/2026 5:53,Cleartrip
CCU,BOM,Overland Airways,OF-213,Non-stop,9/3/2026,23:00,1:40,27982,26649.52,1332.48,INR,8/27/2026 6:06,Cleartrip
DEL,SXR,Unknown,28-237,"368

stop",9/26/2026,10:20,12:00,28237,26892.38,1344.62,INR,8/27/2026 6:03,Cleartrip
MAA,DEL,Overland Airways,OF-161,"756

stop",9/3/2026,7:05,12:10,28543,27183.81,1359.19,INR,8/27/2026 5:59,Cleartrip
MAA,BOM,Overland Airways,OF-123,Non-stop,8/28/2026,9:35,11:55,28979,27599.05,1379.95,INR,8/27/2026 6:07,Cleartrip
MAA,BOM,Overland Airways,OF-129,Non-stop,9/26/2026,21:55,23:40,28991,27610.48,1380.52,INR,8/27/2026 6:08,Cleartrip
DEL,CCU,Overland Airways,OF-132,"880

stop",10/11/2026,13:35,17:40,29870,28447.62,1422.38,INR,8/27/2026 5:57,Cleartrip
BLR,HYD,Overland Airways,OF-129,Non-stop,8/28/2026,19:45,21:00,30128,28693.33,1434.67,INR,8/27/2026 6:04,Cleartrip
DEL,GAU,Unknown,30-392,1 stop,10/11/2026,20:00,22:25,30392,28944.76,1447.24,INR,8/27/2026 6:15,Cleartrip
CCU,BOM,Overland Airways,OF-132,Non-stop,8/28/2026,5:10,7:45,30397,28949.52,1447.48,INR,8/27/2026 6:05,Cleartrip
BLR,CCU,Overland Airways,OF-122,1 stop,10/11/2026,17:00,0:05,30675,29214.29,1460.71,INR,8/27/2026 6:02,Cleartrip
CCU,BOM,Overland Airways,OF-204,Non-stop,10/11/2026,8:30,11:15,30801,29334.29,1466.71,INR,8/27/2026 6:06,Cleartrip
BLR,DEL,Overland Airways,OF-236,"659

stop",9/3/2026,6:25,8:45,31270,29780.95,1489.05,INR,8/27/2026 5:50,Cleartrip
BLR,DEL,Overland Airways,OF-261,"190

stop",10/11/2026,9:20,12:10,31940,30419.05,1520.95,INR,8/27/2026 5:51,Cleartrip
DEL,PNQ,Unknown,33-696,Non-stop,9/11/2026,4:40,6:55,33696,32091.43,1604.57,INR,8/27/2026 5:55,Cleartrip
BLR,BOM,Overland Airways,OF-214,Non-stop,10/11/2026,20:00,21:50,35727,34025.71,1701.29,INR,8/27/2026 5:53,Cleartrip
GOI,DEL,Overland Airways,OF-158,"297

stop",9/11/2026,18:25,23:30,35818,34112.38,1705.62,INR,8/27/2026 6:13,Cleartrip
DEL,BOM,Overland Airways,OF-244,Non-stop,9/26/2026,18:35,20:45,36671,34924.76,1746.24,INR,8/27/2026 5:50,Cleartrip
MAA,DEL,Overland Airways,OF-170,"678

stop",9/11/2026,7:05,12:10,36851,35096.19,1754.81,INR,8/27/2026 5:59,Cleartrip
MAA,BOM,Overland Airways,OF-134,Non-stop,9/11/2026,13:35,15:40,38390,36561.9,1828.1,INR,8/27/2026 6:07,Cleartrip
DEL,BOM,Overland Airways,OF-221,Non-stop,9/3/2026,22:30,0:50,40141,38229.52,1911.48,INR,8/27/2026 5:49,Cleartrip
DEL,BOM,Overland Airways,OF-191,Non-stop,9/11/2026,9:15,11:25,42557,40530.48,2026.52,INR,8/27/2026 5:49,Cleartrip
BLR,BOM,Overland Airways,OF-156,Non-stop,9/26/2026,6:20,8:00,42741,40705.71,2035.29,INR,8/27/2026 5:52,Cleartrip
DEL,HYD,Overland Airways,OF-150,"999

stop",8/28/2026,20:45,2:10,42966,40920,2046,INR,8/27/2026 5:53,Cleartrip
MAA,DEL,Overland Airways,OF-206,"890

stop",10/11/2026,13:10,18:45,44169,42065.71,2103.29,INR,8/27/2026 5:59,Cleartrip
BLR,DEL,Overland Airways,OF-219,"599

stop",9/11/2026,9:20,12:10,44220,42114.29,2105.71,INR,8/27/2026 5:51,Cleartrip
BLR,CCU,Overland Airways,OF-111,1 stop,8/28/2026,22:20,1:00,44416,42300.95,2115.05,INR,8/27/2026 6:01,Cleartrip
