Origin,Destination,Airline_name1,Flight_code,Stops,Travel_date,Departure_time,Arrival_time,Fare,Base price,GST,Currency,Scraped_at time,Source
BLR,HYD,Alliance Air,9I-517,Non-stop,9/8/2026,20:50,22:35,3759,3580,179,INR,9/1/2026 6:39,Cleartrip
AMD,BOM,Akasa Air,QP-1194,Non-stop,9/8/2026,4:50,6:15,3883,3698.1,184.9,INR,9/1/2026 6:43,Cleartrip
AMD,BOM,Akasa Air,QP-1194,Non-stop,9/16/2026,4:50,6:15,3883,3698.1,184.9,INR,9/1/2026 6:43,Cleartrip
GOI,BOM,Star Air,S5-622,1 stop,10/1/2026,5:45,9:15,3998,3807.62,190.38,INR,9/1/2026 6:52,Cleartrip
BLR,PNQ,Akasa Air,QP-1313,Non-stop,10/1/2026,10:00,11:40,4022,3830.48,191.52,INR,9/1/2026 6:45,Cleartrip
BLR,PNQ,Air India Express,IX-2873,Non-stop,10/1/2026,4:00,5:35,4023,3831.43,191.57,INR,9/1/2026 6:45,Cleartrip
AMD,BOM,Akasa Air,QP-1194,Non-stop,10/1/2026,4:35,6:00,4051,3858.1,192.9,INR,9/1/2026 6:44,Cleartrip
AMD,BOM,Akasa Air,QP-1104,Non-stop,10/1/2026,22:30,0:05,4051,3858.1,192.9,INR,9/1/2026 6:44,Cleartrip
BLR,HYD,Alliance Air,9I-517,Non-stop,9/16/2026,17:55,19:40,4074,3880,194,INR,9/1/2026 6:39,Cleartrip
BLR,PNQ,Akasa Air,QP-1311,Non-stop,10/1/2026,5:10,6:50,4164,3965.71,198.29,INR,9/1/2026 6:45,Cleartrip
BLR,PNQ,Akasa Air,QP-1315,Non-stop,10/1/2026,15:15,16:55,4164,3965.71,198.29,INR,9/1/2026 6:45,Cleartrip
AMD,BOM,IndiGo,6E-6205,Non-stop,9/16/2026,1:15,2:55,4218,4017.14,200.86,INR,9/1/2026 6:43,Cleartrip
AMD,BOM,IndiGo,6E-6205,Non-stop,9/8/2026,1:15,2:55,4218,4017.14,200.86,INR,9/1/2026 6:43,Cleartrip
AMD,BOM,Akasa Air,QP-1102,Non-stop,10/1/2026,10:35,12:00,4225,4023.81,201.19,INR,9/1/2026 6:44,Cleartrip
AMD,BOM,IndiGo,6E-5146,Non-stop,10/1/2026,8:05,9:35,4268,4064.76,203.24,INR,9/1/2026 6:44,Cleartrip
AMD,BOM,IndiGo,6E-6285,Non-stop,10/1/2026,4:00,5:30,4268,4064.76,203.24,INR,9/1/2026 6:44,Cleartrip
AMD,BOM,IndiGo,6E-6205,Non-stop,10/1/2026,1:15,2:55,4268,4064.76,203.24,INR,9/1/2026 6:44,Cleartrip
BLR,BOM,IndiGo,6E-5205,Non-stop,9/8/2026,3:45,5:30,4269,4065.71,203.29,INR,9/1/2026 6:23,Cleartrip
BLR,BOM,IndiGo,6E-5293,Non-stop,9/8/2026,1:00,2:50,4269,4065.71,203.29,INR,9/1/2026 6:23,Cleartrip
BLR,HYD,Air India Express,IX-1250,Non-stop,9/16/2026,19:15,20:25,4392,4182.86,209.14,INR,9/1/2026 6:39,Cleartrip
BLR,HYD,IndiGo,6E-6784,Non-stop,9/8/2026,21:30,22:45,4393,4183.81,209.19,INR,9/1/2026 6:39,Cleartrip
BLR,HYD,IndiGo,6E-312,Non-stop,9/8/2026,9:15,10:30,4393,4183.81,209.19,INR,9/1/2026 6:39,Cleartrip
BLR,HYD,IndiGo,6E-6404,Non-stop,9/8/2026,11:35,12:50,4393,4183.81,209.19,INR,9/1/2026 6:39,Cleartrip
BLR,HYD,IndiGo,6E-6178,Non-stop,9/16/2026,6:25,7:35,4393,4183.81,209.19,INR,9/1/2026 6:39,Cleartrip
BLR,HYD,IndiGo,6E-6067,Non-stop,9/16/2026,16:30,17:45,4393,4183.81,209.19,INR,9/1/2026 6:39,Cleartrip
BLR,HYD,IndiGo,6E-6067,Non-stop,10/1/2026,16:30,17:45,4393,4183.81,209.19,INR,9/1/2026 6:39,Cleartrip
BLR,HYD,IndiGo,6E-6784,Non-stop,9/16/2026,21:30,22:45,4393,4183.81,209.19,INR,9/1/2026 6:39,Cleartrip
BLR,HYD,IndiGo,6E-855,Non-stop,9/16/2026,19:45,21:00,4393,4183.81,209.19,INR,9/1/2026 6:39,Cleartrip
BLR,HYD,IndiGo,6E-6178,Non-stop,9/8/2026,6:25,7:35,4393,4183.81,209.19,INR,9/1/2026 6:39,Cleartrip
BLR,HYD,IndiGo,6E-312,Non-stop,9/16/2026,9:15,10:30,4393,4183.81,209.19,INR,9/1/2026 6:39,Cleartrip
BLR,HYD,IndiGo,6E-484,Non-stop,9/16/2026,8:15,9:30,4393,4183.81,209.19,INR,9/1/2026 6:39,Cleartrip
BLR,HYD,IndiGo,6E-537,Non-stop,9/16/2026,10:15,11:30,4393,4183.81,209.19,INR,9/1/2026 6:39,Cleartrip
BLR,HYD,IndiGo,6E-638,Non-stop,9/16/2026,18:35,19:45,4393,4183.81,209.19,INR,9/1/2026 6:39,Cleartrip
BLR,PNQ,Star Air,S5-183,1 stop,9/16/2026,7:30,20:05,4395,4185.71,209.29,INR,9/1/2026 6:45,Cleartrip
BLR,BOM,Akasa Air,QP-1515,Non-stop,9/8/2026,6:20,8:00,4428,4217.14,210.86,INR,9/1/2026 6:23,Cleartrip
BLR,BOM,Akasa Air,QP-1381,Non-stop,9/8/2026,4:50,6:45,4428,4217.14,210.86,INR,9/1/2026 6:23,Cleartrip
BLR,PNQ,Air India Express,IX-2873,Non-stop,9/8/2026,4:00,5:35,4467,4254.29,212.71,INR,9/1/2026 6:45,Cleartrip
BLR,PNQ,Air India Express,IX-2913,Non-stop,9/16/2026,17:25,19:00,4467,4254.29,212.71,INR,9/1/2026 6:45,Cleartrip
BLR,PNQ,Air India Express,IX-1971,Non-stop,9/16/2026,12:45,14:20,4467,4254.29,212.71,INR,9/1/2026 6:45,Cleartrip
BLR,PNQ,Air India Express,IX-2680,Non-stop,9/8/2026,21:50,23:30,4467,4254.29,212.71,INR,9/1/2026 6:45,Cleartrip
BLR,PNQ,Air India Express,IX-2913,Non-stop,9/2/2026,17:25,19:00,4467,4254.29,212.71,INR,9/1/2026 6:44,Cleartrip
BLR,PNQ,Air India Express,IX-1971,Non-stop,9/2/2026,12:45,14:20,4467,4254.29,212.71,INR,9/1/2026 6:44,Cleartrip
BLR,PNQ,Air India Express,IX-2680,Non-stop,9/2/2026,21:50,23:30,4467,4254.29,212.71,INR,9/1/2026 6:44,Cleartrip
BLR,PNQ,Air India Express,IX-2873,Non-stop,9/2/2026,4:00,5:35,4467,4254.29,212.71,INR,9/1/2026 6:44,Cleartrip
BLR,PNQ,IndiGo,6E-6876,Non-stop,9/2/2026,2:40,4:05,4468,4255.24,212.76,INR,9/1/2026 6:44,Cleartrip
BLR,PNQ,IndiGo,6.00E-173,Non-stop,9/2/2026,15:30,17:00,4468,4255.24,212.76,INR,9/1/2026 6:44,Cleartrip
BLR,PNQ,IndiGo,6E-6563,Non-stop,9/2/2026,1:05,2:35,4468,4255.24,212.76,INR,9/1/2026 6:44,Cleartrip
BLR,PNQ,IndiGo,6E-408,Non-stop,9/2/2026,4:30,6:00,4468,4255.24,212.76,INR,9/1/2026 6:44,Cleartrip
BLR,PNQ,IndiGo,6E-6563,Non-stop,9/16/2026,1:05,2:35,4468,4255.24,212.76,INR,9/1/2026 6:45,Cleartrip
BLR,PNQ,IndiGo,6E-408,Non-stop,9/16/2026,4:30,6:00,4468,4255.24,212.76,INR,9/1/2026 6:45,Cleartrip
BLR,PNQ,IndiGo,6E-528,Non-stop,9/2/2026,21:40,23:10,4468,4255.24,212.76,INR,9/1/2026 6:44,Cleartrip
BLR,PNQ,IndiGo,6.00E-116,Non-stop,9/2/2026,23:05,0:45,4468,4255.24,212.76,INR,9/1/2026 6:44,Cleartrip
BLR,PNQ,IndiGo,6E-408,Non-stop,9/8/2026,4:30,6:00,4468,4255.24,212.76,INR,9/1/2026 6:45,Cleartrip
BLR,PNQ,IndiGo,6E-528,Non-stop,9/8/2026,21:40,23:10,4468,4255.24,212.76,INR,9/1/2026 6:45,Cleartrip
BLR,PNQ,IndiGo,6.00E-116,Non-stop,9/8/2026,23:05,0:45,4468,4255.24,212.76,INR,9/1/2026 6:45,Cleartrip
BLR,PNQ,IndiGo,6E-6563,Non-stop,9/8/2026,1:05,2:35,4468,4255.24,212.76,INR,9/1/2026 6:45,Cleartrip
BLR,PNQ,IndiGo,6E-6876,Non-stop,9/16/2026,2:40,4:05,4468,4255.24,212.76,INR,9/1/2026 6:45,Cleartrip
BLR,PNQ,IndiGo,6E-6563,Non-stop,10/1/2026,1:05,2:35,4468,4255.24,212.76,INR,9/1/2026 6:45,Cleartrip
BLR,PNQ,IndiGo,6.00E-173,Non-stop,9/16/2026,15:30,17:00,4468,4255.24,212.76,INR,9/1/2026 6:45,Cleartrip
BLR,PNQ,IndiGo,6.00E-116,Non-stop,9/16/2026,23:05,0:45,4468,4255.24,212.76,INR,9/1/2026 6:45,Cleartrip
BLR,PNQ,IndiGo,6E-6876,Non-stop,9/8/2026,2:40,4:05,4468,4255.24,212.76,INR,9/1/2026 6:45,Cleartrip
BLR,PNQ,IndiGo,6E-6876,Non-stop,10/1/2026,2:40,4:05,4468,4255.24,212.76,INR,9/1/2026 6:45,Cleartrip
AMD,BOM,IndiGo,6E-6351,Non-stop,9/8/2026,23:15,0:30,4478,4264.76,213.24,INR,9/1/2026 6:43,Cleartrip
AMD,BOM,IndiGo,6E-6351,Non-stop,9/16/2026,23:15,0:30,4478,4264.76,213.24,INR,9/1/2026 6:43,Cleartrip
AMD,BOM,Star Air,S5-628,1 stop,10/16/2026,6:40,9:15,4499,4284.76,214.24,INR,9/1/2026 6:44,Cleartrip
BLR,HYD,IndiGo,6E-6208,1 stop,9/8/2026,12:50,17:25,4553,4336.19,216.81,INR,9/1/2026 6:39,Cleartrip
BLR,HYD,IndiGo,6.00E-182,1 stop,9/8/2026,15:00,19:35,4553,4336.19,216.81,INR,9/1/2026 6:39,Cleartrip
BLR,HYD,IndiGo,6E-6168,1 stop,9/8/2026,17:40,21:15,4553,4336.19,216.81,INR,9/1/2026 6:39,Cleartrip
BLR,HYD,IndiGo,6E-6017,1 stop,9/8/2026,18:15,22:40,4553,4336.19,216.81,INR,9/1/2026 6:39,Cleartrip
BLR,HYD,IndiGo,6.00E-116,1 stop,9/8/2026,23:05,3:10,4553,4336.19,216.81,INR,9/1/2026 6:39,Cleartrip
BLR,HYD,IndiGo,6E-356,1 stop,9/8/2026,17:15,21:25,4553,4336.19,216.81,INR,9/1/2026 6:39,Cleartrip
GOI,BOM,Akasa Air,QP-1176,Non-stop,10/16/2026,20:30,21:55,4586,4367.62,218.38,INR,9/1/2026 6:52,Cleartrip
GOI,BOM,Akasa Air,QP-1176,Non-stop,10/1/2026,20:30,21:55,4586,4367.62,218.38,INR,9/1/2026 6:52,Cleartrip
GOI,BOM,Akasa Air,QP-1106,Non-stop,10/1/2026,15:25,16:50,4586,4367.62,218.38,INR,9/1/2026 6:52,Cleartrip
BLR,HYD,Air India Express,IX-1250,Non-stop,10/1/2026,19:05,20:15,4592,4373.33,218.67,INR,9/1/2026 6:39,Cleartrip
BLR,HYD,Air India Express,IX-2506,Non-stop,10/1/2026,17:15,18:40,4592,4373.33,218.67,INR,9/1/2026 6:39,Cleartrip
BLR,HYD,Air India Express,IX-2051,Non-stop,10/1/2026,14:55,16:05,4592,4373.33,218.67,INR,9/1/2026 6:39,Cleartrip
BLR,HYD,Air India Express,IX-2018,Non-stop,10/1/2026,6:05,7:25,4592,4373.33,218.67,INR,9/1/2026 6:39,Cleartrip
BLR,HYD,Air India Express,IX-2506,Non-stop,9/16/2026,17:15,18:40,4592,4373.33,218.67,INR,9/1/2026 6:39,Cleartrip
BLR,HYD,Air India Express,IX-2819,Non-stop,10/1/2026,12:30,13:50,4592,4373.33,218.67,INR,9/1/2026 6:39,Cleartrip
AMD,BOM,IndiGo,6E-7018,Non-stop,9/16/2026,19:10,20:50,4619,4399.05,219.95,INR,9/1/2026 6:43,Cleartrip
BLR,PNQ,IndiGo,6E-6104,Non-stop,9/8/2026,11:40,13:10,4630,4409.52,220.48,INR,9/1/2026 6:45,Cleartrip
BLR,PNQ,IndiGo,6E-441,Non-stop,9/16/2026,20:40,22:05,4630,4409.52,220.48,INR,9/1/2026 6:45,Cleartrip
BLR,PNQ,IndiGo,6.00E-105,Non-stop,9/16/2026,18:50,20:15,4630,4409.52,220.48,INR,9/1/2026 6:45,Cleartrip
BLR,PNQ,IndiGo,6.00E-105,Non-stop,9/8/2026,18:50,20:15,4630,4409.52,220.48,INR,9/1/2026 6:45,Cleartrip
BLR,PNQ,IndiGo,6E-6104,Non-stop,9/16/2026,11:40,13:10,4630,4409.52,220.48,INR,9/1/2026 6:45,Cleartrip
BLR,BOM,Air India,AI-2858,Non-stop,9/8/2026,2:20,4:10,4635,4414.29,220.71,INR,9/1/2026 6:23,Cleartrip
AMD,BOM,IndiGo,6E-6351,Non-stop,10/1/2026,23:15,0:30,4688,4464.76,223.24,INR,9/1/2026 6:44,Cleartrip
BLR,BOM,IndiGo,6E-5293,Non-stop,9/16/2026,1:00,2:50,4689,4465.71,223.29,INR,9/1/2026 6:23,Cleartrip
BLR,BOM,IndiGo,6E-5089,Non-stop,9/8/2026,5:30,7:15,4689,4465.71,223.29,INR,9/1/2026 6:23,Cleartrip
BLR,BOM,IndiGo,6E-5205,Non-stop,9/16/2026,3:45,5:30,4689,4465.71,223.29,INR,9/1/2026 6:23,Cleartrip
BLR,HYD,IndiGo,6E-484,Non-stop,10/1/2026,8:15,9:30,4718,4493.33,224.67,INR,9/1/2026 6:39,Cleartrip
BLR,HYD,IndiGo,6E-537,Non-stop,10/1/2026,10:15,11:30,4718,4493.33,224.67,INR,9/1/2026 6:39,Cleartrip
BLR,HYD,IndiGo,6E-684,Non-stop,10/1/2026,22:30,23:45,4718,4493.33,224.67,INR,9/1/2026 6:39,Cleartrip
BLR,HYD,IndiGo,6E-6178,Non-stop,10/1/2026,6:10,7:20,4718,4493.33,224.67,INR,9/1/2026 6:39,Cleartrip
AMD,BOM,IndiGo,6E-5078,Non-stop,10/1/2026,10:55,12:20,4738,4512.38,225.62,INR,9/1/2026 6:44,Cleartrip
AMD,BOM,IndiGo,6E-6468,Non-stop,10/1/2026,9:00,10:30,4738,4512.38,225.62,INR,9/1/2026 6:44,Cleartrip
AMD,BOM,Air India,AI-494,Non-stop,10/1/2026,8:45,10:30,4739,4513.33,225.67,INR,9/1/2026 6:44,Cleartrip
AMD,BOM,Air India,AI-2504,Non-stop,10/1/2026,14:55,16:35,4739,4513.33,225.67,INR,9/1/2026 6:44,Cleartrip
AMD,BOM,IndiGo,6E-6285,Non-stop,9/16/2026,4:00,5:30,4743,4517.14,225.86,INR,9/1/2026 6:43,Cleartrip
AMD,BOM,IndiGo,6E-6285,Non-stop,9/8/2026,4:00,5:30,4743,4517.14,225.86,INR,9/1/2026 6:43,Cleartrip
GOI,BOM,Air India Express,IX-1209,Non-stop,9/2/2026,22:35,0:05,4765,4538.1,226.9,INR,9/1/2026 6:51,Cleartrip
GOI,BOM,IndiGo,6E-6278,Non-stop,10/1/2026,7:10,8:35,4765,4538.1,226.9,INR,9/1/2026 6:52,Cleartrip
GOI,BOM,IndiGo,6E-5176,Non-stop,9/2/2026,20:55,22:15,4765,4538.1,226.9,INR,9/1/2026 6:51,Cleartrip
GOI,BOM,IndiGo,6E-6278,Non-stop,10/16/2026,7:10,8:35,4765,4538.1,226.9,INR,9/1/2026 6:52,Cleartrip
GOI,BOM,IndiGo,6E-5176,Non-stop,10/16/2026,20:55,22:15,4765,4538.1,226.9,INR,9/1/2026 6:52,Cleartrip
GOI,BOM,IndiGo,6E-5176,Non-stop,10/1/2026,20:55,22:15,4765,4538.1,226.9,INR,9/1/2026 6:52,Cleartrip
BLR,BOM,Akasa Air,QP-1383,Non-stop,9/8/2026,5:25,7:10,4767,4540,227,INR,9/1/2026 6:23,Cleartrip
GOI,BOM,Akasa Air,QP-1106,Non-stop,10/16/2026,15:25,16:50,4771,4543.81,227.19,INR,9/1/2026 6:52,Cleartrip
BLR,PNQ,Akasa Air,QP-1325,Non-stop,9/8/2026,14:30,16:05,4799,4570.48,228.52,INR,9/1/2026 6:45,Cleartrip
BLR,PNQ,IndiGo,6E-441,Non-stop,10/1/2026,20:40,22:05,4799,4570.48,228.52,INR,9/1/2026 6:45,Cleartrip
BLR,PNQ,IndiGo,6E-441,Non-stop,9/8/2026,20:40,22:05,4799,4570.48,228.52,INR,9/1/2026 6:45,Cleartrip
BLR,PNQ,IndiGo,6.00E-105,Non-stop,9/2/2026,18:50,20:15,4799,4570.48,228.52,INR,9/1/2026 6:44,Cleartrip
GOI,BOM,IndiGo,6E-6156,Non-stop,10/1/2026,0:05,1:25,4827,4597.14,229.86,INR,9/1/2026 6:52,Cleartrip
GOI,BOM,IndiGo,6E-5231,Non-stop,10/1/2026,16:30,17:50,4827,4597.14,229.86,INR,9/1/2026 6:52,Cleartrip
GOI,BOM,IndiGo,6E-2175,Non-stop,10/1/2026,6:40,8:05,4827,4597.14,229.86,INR,9/1/2026 6:52,Cleartrip
GOI,BOM,IndiGo,6E-5231,Non-stop,10/16/2026,16:30,17:50,4827,4597.14,229.86,INR,9/1/2026 6:52,Cleartrip
GOI,BOM,IndiGo,6E-5242,Non-stop,10/1/2026,18:40,19:55,4827,4597.14,229.86,INR,9/1/2026 6:52,Cleartrip
GOI,BOM,IndiGo,6E-5242,Non-stop,9/2/2026,18:40,19:55,4827,4597.14,229.86,INR,9/1/2026 6:51,Cleartrip
GOI,BOM,IndiGo,6E-5231,Non-stop,9/2/2026,16:30,17:50,4827,4597.14,229.86,INR,9/1/2026 6:51,Cleartrip
GOI,BOM,IndiGo,6E-2175,Non-stop,10/16/2026,6:40,8:05,4827,4597.14,229.86,INR,9/1/2026 6:52,Cleartrip
GOI,BOM,Air India Express,IX-1241,Non-stop,9/2/2026,18:20,19:50,4827,4597.14,229.86,INR,9/1/2026 6:51,Cleartrip
GOI,BOM,IndiGo,6E-5158,Non-stop,10/16/2026,13:10,14:30,4827,4597.14,229.86,INR,9/1/2026 6:52,Cleartrip
GOI,BOM,IndiGo,6E-6156,Non-stop,10/16/2026,0:05,1:25,4827,4597.14,229.86,INR,9/1/2026 6:52,Cleartrip
AMD,BOM,IndiGo,6E-5146,Non-stop,9/16/2026,8:05,9:35,4898,4664.76,233.24,INR,9/1/2026 6:43,Cleartrip
BLR,HYD,Alliance Air,9I-517,Non-stop,10/1/2026,20:50,22:35,4914,4680,234,INR,9/1/2026 6:39,Cleartrip
GOI,BOM,IndiGo,6E-5158,Non-stop,10/1/2026,13:10,14:30,4932,4697.14,234.86,INR,9/1/2026 6:52,Cleartrip
BLR,PNQ,IndiGo,6E-6104,Non-stop,10/1/2026,11:40,13:10,4975,4738.1,236.9,INR,9/1/2026 6:45,Cleartrip
BLR,PNQ,Akasa Air,QP-1317,Non-stop,10/1/2026,19:55,21:35,4975,4738.1,236.9,INR,9/1/2026 6:45,Cleartrip
AMD,BOM,Air India,AI-2918,Non-stop,9/8/2026,6:00,7:45,4998,4760,238,INR,9/1/2026 6:43,Cleartrip
AMD,BOM,Air India,AI-494,Non-stop,9/16/2026,8:45,10:30,4998,4760,238,INR,9/1/2026 6:43,Cleartrip
GOI,BOM,Air India Express,IX-1209,Non-stop,9/8/2026,22:35,0:05,5027,4787.62,239.38,INR,9/1/2026 6:51,Cleartrip
AMD,BOM,IndiGo,6E-868,Non-stop,9/16/2026,21:25,23:00,5053,4812.38,240.62,INR,9/1/2026 6:43,Cleartrip
BLR,BOM,Air India,AI-2858,Non-stop,9/16/2026,2:20,4:10,5055,4814.29,240.71,INR,9/1/2026 6:23,Cleartrip
GOI,BOM,IndiGo,6E-6360,Non-stop,10/16/2026,21:45,23:00,5057,4816.19,240.81,INR,9/1/2026 6:52,Cleartrip
GOI,BOM,IndiGo,6E-6360,Non-stop,10/1/2026,21:45,23:00,5057,4816.19,240.81,INR,9/1/2026 6:52,Cleartrip
GOI,BOM,IndiGo,6E-7078,Non-stop,10/16/2026,19:50,21:20,5057,4816.19,240.81,INR,9/1/2026 6:52,Cleartrip
GOI,BOM,IndiGo,6E-6360,Non-stop,9/2/2026,21:45,23:00,5057,4816.19,240.81,INR,9/1/2026 6:51,Cleartrip
GOI,BOM,IndiGo,6E-7038,Non-stop,10/16/2026,17:25,18:55,5057,4816.19,240.81,INR,9/1/2026 6:52,Cleartrip
AMD,BOM,Air India,AI-2494,Non-stop,9/16/2026,21:00,22:40,5068,4826.67,241.33,INR,9/1/2026 6:43,Cleartrip
BLR,HYD,IndiGo,6E-6784,Non-stop,10/16/2026,21:25,22:40,5078,4836.19,241.81,INR,9/1/2026 6:39,Cleartrip
GOI,BOM,IndiGo,6E-6360,Non-stop,9/8/2026,21:45,23:00,5087,4844.76,242.24,INR,9/1/2026 6:51,Cleartrip
GOI,BOM,Air India,AI-2506,Non-stop,9/2/2026,21:30,23:10,5089,4846.67,242.33,INR,9/1/2026 6:51,Cleartrip
HYD,BOM,Alliance Air,9I-925,Non-stop,10/1/2026,0:55,3:10,5097,4854.29,242.71,INR,9/1/2026 6:34,Cleartrip
BLR,BOM,IndiGo,6E-5205,Non-stop,9/2/2026,3:45,5:30,5109,4865.71,243.29,INR,9/1/2026 6:23,Cleartrip
BLR,BOM,IndiGo,6E-5293,Non-stop,9/2/2026,1:00,2:50,5109,4865.71,243.29,INR,9/1/2026 6:23,Cleartrip
BLR,HYD,IndiGo,6.00E-116,1 stop,9/2/2026,23:05,3:10,5146,4900.95,245.05,INR,9/1/2026 6:38,Cleartrip
BLR,HYD,IndiGo,6E-6753,1 stop,9/2/2026,15:15,22:50,5146,4900.95,245.05,INR,9/1/2026 6:38,Cleartrip
BLR,HYD,IndiGo,6E-441,1 stop,9/2/2026,20:40,3:10,5146,4900.95,245.05,INR,9/1/2026 6:38,Cleartrip
BLR,HYD,IndiGo,6.00E-173,1 stop,9/2/2026,15:30,20:20,5146,4900.95,245.05,INR,9/1/2026 6:38,Cleartrip
BLR,HYD,IndiGo,6E-6168,1 stop,9/2/2026,17:40,22:50,5146,4900.95,245.05,INR,9/1/2026 6:38,Cleartrip
BLR,HYD,IndiGo,6E-703,1 stop,9/2/2026,12:55,17:35,5146,4900.95,245.05,INR,9/1/2026 6:38,Cleartrip
BLR,PNQ,Akasa Air,QP-1313,Non-stop,10/16/2026,10:00,11:40,5160,4914.29,245.71,INR,9/1/2026 6:46,Cleartrip
BLR,PNQ,IndiGo,6.00E-105,Non-stop,10/1/2026,18:50,20:15,5160,4914.29,245.71,INR,9/1/2026 6:45,Cleartrip
GOI,BOM,Akasa Air,QP-1176,Non-stop,9/2/2026,20:30,21:45,5179,4932.38,246.62,INR,9/1/2026 6:51,Cleartrip
GOI,BOM,IndiGo,6E-985,1 stop,9/2/2026,21:40,6:25,5194,4946.67,247.33,INR,9/1/2026 6:51,Cleartrip
GOI,BOM,IndiGo,6E-6177,1 stop,9/2/2026,20:05,4:30,5194,4946.67,247.33,INR,9/1/2026 6:51,Cleartrip
BLR,BOM,IndiGo,6E-6554,1 stop,9/8/2026,19:15,1:25,5238,4988.57,249.43,INR,9/1/2026 6:23,Cleartrip
BLR,BOM,IndiGo,6E-6753,1 stop,9/8/2026,15:15,19:55,5238,4988.57,249.43,INR,9/1/2026 6:23,Cleartrip
BLR,BOM,IndiGo,6E-6653,1 stop,9/8/2026,12:35,19:55,5238,4988.57,249.43,INR,9/1/2026 6:23,Cleartrip
BLR,PNQ,IndiGo,6E-408,Non-stop,10/16/2026,4:30,6:00,5315,5061.9,253.1,INR,9/1/2026 6:46,Cleartrip
BLR,PNQ,IndiGo,6E-6876,Non-stop,10/16/2026,2:40,4:05,5315,5061.9,253.1,INR,9/1/2026 6:46,Cleartrip
BLR,HYD,IndiGo,6E-7737,1 stop,10/16/2026,10:50,15:40,5331,5077.14,253.86,INR,9/1/2026 6:39,Cleartrip
BLR,HYD,IndiGo,6E-7227,1 stop,10/16/2026,6:25,11:15,5331,5077.14,253.86,INR,9/1/2026 6:39,Cleartrip
BLR,BOM,Akasa Air,QP-1150,Non-stop,10/1/2026,16:05,17:55,5337,5082.86,254.14,INR,9/1/2026 6:24,Cleartrip
BLR,BOM,Akasa Air,QP-1517,Non-stop,10/1/2026,5:00,6:50,5337,5082.86,254.14,INR,9/1/2026 6:24,Cleartrip
AMD,BOM,Air India,AI-2918,Non-stop,9/16/2026,6:00,7:45,5338,5083.81,254.19,INR,9/1/2026 6:43,Cleartrip
BLR,PNQ,Air India Express,IX-1971,Non-stop,10/1/2026,12:45,14:20,5350,5095.24,254.76,INR,9/1/2026 6:45,Cleartrip
BLR,PNQ,Akasa Air,QP-1311,Non-stop,10/16/2026,5:10,6:50,5351,5096.19,254.81,INR,9/1/2026 6:46,Cleartrip
MAA,HYD,Alliance Air,9I-894,Non-stop,9/16/2026,13:20,15:05,5359,5103.81,255.19,INR,9/1/2026 6:46,Cleartrip
AMD,BOM,IndiGo,6E-868,Non-stop,9/8/2026,21:25,23:00,5368,5112.38,255.62,INR,9/1/2026 6:43,Cleartrip
AMD,BOM,IndiGo,6E-6468,Non-stop,9/16/2026,9:00,10:30,5368,5112.38,255.62,INR,9/1/2026 6:43,Cleartrip
GOI,BOM,Air India Express,IX-1209,Non-stop,9/16/2026,22:35,0:05,5438,5179.05,258.95,INR,9/1/2026 6:51,Cleartrip
BLR,HYD,IndiGo,6E-6269,1 stop,10/16/2026,7:15,11:10,5463,5202.86,260.14,INR,9/1/2026 6:39,Cleartrip
BLR,HYD,IndiGo,6E-7223,1 stop,10/16/2026,15:30,21:40,5463,5202.86,260.14,INR,9/1/2026 6:39,Cleartrip
BLR,HYD,IndiGo,6E-356,1 stop,10/16/2026,17:15,21:25,5463,5202.86,260.14,INR,9/1/2026 6:39,Cleartrip
BLR,HYD,IndiGo,6E-6017,1 stop,10/16/2026,18:15,22:40,5463,5202.86,260.14,INR,9/1/2026 6:39,Cleartrip
BLR,HYD,IndiGo,6E-763,1 stop,10/16/2026,7:10,11:05,5463,5202.86,260.14,INR,9/1/2026 6:39,Cleartrip
BLR,BOM,Air India,AI-2811,Non-stop,9/2/2026,23:40,1:45,5475,5214.29,260.71,INR,9/1/2026 6:23,Cleartrip
BLR,BOM,Air India,AI-2858,Non-stop,9/2/2026,2:20,4:10,5475,5214.29,260.71,INR,9/1/2026 6:23,Cleartrip
BLR,HYD,IndiGo,6E-484,Non-stop,10/16/2026,8:15,9:30,5475,5214.29,260.71,INR,9/1/2026 6:39,Cleartrip
BLR,HYD,IndiGo,6E-528,1 stop,9/2/2026,21:40,3:10,5486,5224.76,261.24,INR,9/1/2026 6:38,Cleartrip
BLR,HYD,IndiGo,6.00E-105,1 stop,9/2/2026,18:50,3:10,5486,5224.76,261.24,INR,9/1/2026 6:38,Cleartrip
BLR,HYD,IndiGo,6E-6554,1 stop,9/2/2026,19:15,22:50,5486,5224.76,261.24,INR,9/1/2026 6:38,Cleartrip
BLR,BOM,Akasa Air,QP-1134,Non-stop,9/16/2026,22:55,0:45,5544,5280,264,INR,9/1/2026 6:23,Cleartrip
MAA,HYD,IndiGo,6E-607,1 stop,9/2/2026,5:40,14:10,5555,5290.48,264.52,INR,9/1/2026 6:46,Cleartrip
MAA,HYD,IndiGo,6E-561,1 stop,9/2/2026,22:20,3:10,5555,5290.48,264.52,INR,9/1/2026 6:46,Cleartrip
MAA,HYD,IndiGo,6E-502,1 stop,9/2/2026,11:10,16:05,5555,5290.48,264.52,INR,9/1/2026 6:46,Cleartrip
AMD,BOM,IndiGo,6E-5078,Non-stop,9/8/2026,10:55,12:20,5683,5412.38,270.62,INR,9/1/2026 6:43,Cleartrip
AMD,BOM,IndiGo,6E-6468,Non-stop,9/8/2026,9:00,10:30,5683,5412.38,270.62,INR,9/1/2026 6:43,Cleartrip
MAA,HYD,IndiGo,6E-2698,1 stop,9/8/2026,16:30,20:35,5686,5415.24,270.76,INR,9/1/2026 6:46,Cleartrip
MAA,HYD,IndiGo,6E-588,1 stop,9/2/2026,17:40,22:50,5686,5415.24,270.76,INR,9/1/2026 6:46,Cleartrip
MAA,HYD,IndiGo,6E-2698,1 stop,9/2/2026,16:30,20:35,5686,5415.24,270.76,INR,9/1/2026 6:46,Cleartrip
MAA,HYD,IndiGo,6E-927,1 stop,9/2/2026,12:10,17:35,5686,5415.24,270.76,INR,9/1/2026 6:46,Cleartrip
GOI,BOM,IndiGo,6E-6360,Non-stop,9/16/2026,21:45,23:00,5687,5416.19,270.81,INR,9/1/2026 6:51,Cleartrip
AMD,BOM,Air India,AI-2504,Non-stop,9/8/2026,14:55,16:35,5708,5436.19,271.81,INR,9/1/2026 6:43,Cleartrip
AMD,BOM,Air India,AI-494,Non-stop,9/8/2026,8:45,10:30,5708,5436.19,271.81,INR,9/1/2026 6:43,Cleartrip
AMD,DEL,IndiGo,6E-5385,Non-stop,9/8/2026,0:05,2:00,5750,5476.19,273.81,INR,9/1/2026 6:30,Cleartrip
AMD,DEL,IndiGo,6E-5385,Non-stop,9/16/2026,0:05,2:00,5750,5476.19,273.81,INR,9/1/2026 6:30,Cleartrip
AMD,DEL,IndiGo,6E-5385,Non-stop,10/16/2026,0:05,2:00,5750,5476.19,273.81,INR,9/1/2026 6:31,Cleartrip
AMD,DEL,IndiGo,6E-5385,Non-stop,10/1/2026,0:05,2:00,5750,5476.19,273.81,INR,9/1/2026 6:31,Cleartrip
AMD,DEL,IndiGo,6E-2209,Non-stop,9/16/2026,5:00,6:45,5750,5476.19,273.81,INR,9/1/2026 6:30,Cleartrip
BLR,BOM,Akasa Air,QP-1381,Non-stop,9/16/2026,4:50,6:45,5761,5486.67,274.33,INR,9/1/2026 6:23,Cleartrip
MAA,HYD,Alliance Air,9I-894,Non-stop,9/2/2026,13:20,15:05,5779,5503.81,275.19,INR,9/1/2026 6:46,Cleartrip
MAA,HYD,Alliance Air,9I-894,Non-stop,10/16/2026,17:15,19:00,5779,5503.81,275.19,INR,9/1/2026 6:47,Cleartrip
AMD,BOM,Air India,AI-2494,Non-stop,9/8/2026,21:00,22:40,5792,5516.19,275.81,INR,9/1/2026 6:43,Cleartrip
MAA,HYD,IndiGo,6E-6892,1 stop,9/8/2026,10:55,17:45,5792,5516.19,275.81,INR,9/1/2026 6:46,Cleartrip
MAA,HYD,IndiGo,6E-6815,1 stop,9/8/2026,8:55,17:45,5792,5516.19,275.81,INR,9/1/2026 6:46,Cleartrip
MAA,HYD,IndiGo,6E-6209,1 stop,9/8/2026,14:35,19:45,5792,5516.19,275.81,INR,9/1/2026 6:46,Cleartrip
MAA,HYD,IndiGo,6.00E-189,1 stop,9/8/2026,19:05,22:45,5792,5516.19,275.81,INR,9/1/2026 6:46,Cleartrip
MAA,HYD,IndiGo,6E-365,1 stop,9/8/2026,17:45,22:45,5792,5516.19,275.81,INR,9/1/2026 6:46,Cleartrip
MAA,HYD,IndiGo,6E-847,1 stop,9/8/2026,16:15,19:45,5792,5516.19,275.81,INR,9/1/2026 6:46,Cleartrip
AMD,DEL,IndiGo,6E-7261,1 stop,10/16/2026,15:40,23:25,5802,5525.71,276.29,INR,9/1/2026 6:31,Cleartrip
AMD,DEL,IndiGo,6E-7261,1 stop,10/1/2026,15:40,23:25,5802,5525.71,276.29,INR,9/1/2026 6:31,Cleartrip
MAA,HYD,Air India Express,IX-2844,Non-stop,9/16/2026,13:45,15:10,5862,5582.86,279.14,INR,9/1/2026 6:46,Cleartrip
MAA,HYD,Air India Express,IX-2844,Non-stop,10/1/2026,13:45,15:10,5862,5582.86,279.14,INR,9/1/2026 6:47,Cleartrip
MAA,HYD,IndiGo,6E-6487,Non-stop,10/16/2026,21:25,22:40,5863,5583.81,279.19,INR,9/1/2026 6:47,Cleartrip
MAA,HYD,IndiGo,6E-6487,Non-stop,10/1/2026,21:25,22:40,5863,5583.81,279.19,INR,9/1/2026 6:47,Cleartrip
MAA,HYD,IndiGo,6E-341,Non-stop,10/1/2026,22:35,23:50,5863,5583.81,279.19,INR,9/1/2026 6:47,Cleartrip
MAA,HYD,IndiGo,6E-5371,1 stop,9/2/2026,14:45,21:20,5896,5615.24,280.76,INR,9/1/2026 6:46,Cleartrip
MAA,HYD,IndiGo,6E-5258,1 stop,9/2/2026,12:45,18:20,5896,5615.24,280.76,INR,9/1/2026 6:46,Cleartrip
MAA,HYD,IndiGo,6E-372,Non-stop,10/16/2026,9:55,11:10,5915,5633.33,281.67,INR,9/1/2026 6:47,Cleartrip
MAA,HYD,IndiGo,6E-834,Non-stop,10/16/2026,9:05,10:20,5915,5633.33,281.67,INR,9/1/2026 6:47,Cleartrip
MAA,HYD,IndiGo,6E-495,Non-stop,10/16/2026,7:10,8:25,5915,5633.33,281.67,INR,9/1/2026 6:47,Cleartrip
MAA,HYD,IndiGo,6E-6925,Non-stop,10/1/2026,12:00,13:15,5915,5633.33,281.67,INR,9/1/2026 6:47,Cleartrip
MAA,HYD,IndiGo,6E-6158,Non-stop,10/1/2026,16:10,17:25,5915,5633.33,281.67,INR,9/1/2026 6:47,Cleartrip
MAA,HYD,IndiGo,6.00E-193,Non-stop,10/1/2026,20:00,21:25,5915,5633.33,281.67,INR,9/1/2026 6:47,Cleartrip
MAA,HYD,IndiGo,6E-562,Non-stop,10/1/2026,18:20,19:35,5915,5633.33,281.67,INR,9/1/2026 6:47,Cleartrip
MAA,HYD,IndiGo,6.00E-193,Non-stop,10/16/2026,20:00,21:25,5915,5633.33,281.67,INR,9/1/2026 6:47,Cleartrip
MAA,HYD,IndiGo,6E-372,Non-stop,10/1/2026,9:55,11:10,5915,5633.33,281.67,INR,9/1/2026 6:47,Cleartrip
MAA,HYD,Air India Express,IX-1385,1 stop,10/1/2026,8:55,13:50,5916,5634.29,281.71,INR,9/1/2026 6:47,Cleartrip
MAA,HYD,Air India Express,IX-2971,1 stop,10/1/2026,10:45,16:05,5916,5634.29,281.71,INR,9/1/2026 6:47,Cleartrip
MAA,HYD,Air India Express,IX-1385,1 stop,9/16/2026,8:55,20:25,5916,5634.29,281.71,INR,9/1/2026 6:46,Cleartrip
MAA,HYD,Air India Express,IX-2975,1 stop,9/16/2026,6:30,20:25,5916,5634.29,281.71,INR,9/1/2026 6:46,Cleartrip
MAA,HYD,Air India Express,IX-2507,1 stop,10/1/2026,16:30,20:15,5916,5634.29,281.71,INR,9/1/2026 6:47,Cleartrip
MAA,HYD,Air India Express,IX-2971,1 stop,9/16/2026,10:45,20:25,5916,5634.29,281.71,INR,9/1/2026 6:46,Cleartrip
MAA,HYD,Air India Express,IX-2786,1 stop,9/16/2026,7:25,20:25,5916,5634.29,281.71,INR,9/1/2026 6:46,Cleartrip
BLR,BOM,Air India Express,IX-5986,Non-stop,9/2/2026,2:45,4:35,5928,5645.71,282.29,INR,9/1/2026 6:23,Cleartrip
AMD,DEL,IndiGo,6E-396,Non-stop,9/8/2026,13:50,15:40,5945,5661.9,283.1,INR,9/1/2026 6:30,Cleartrip
AMD,DEL,IndiGo,6E-2340,Non-stop,10/1/2026,12:15,14:10,5945,5661.9,283.1,INR,9/1/2026 6:31,Cleartrip
AMD,DEL,IndiGo,6E-2340,Non-stop,10/16/2026,12:15,14:10,5945,5661.9,283.1,INR,9/1/2026 6:31,Cleartrip
AMD,DEL,IndiGo,6E-2340,Non-stop,9/8/2026,12:15,14:10,5945,5661.9,283.1,INR,9/1/2026 6:30,Cleartrip
AMD,DEL,IndiGo,6E-983,Non-stop,9/16/2026,7:30,9:15,5945,5661.9,283.1,INR,9/1/2026 6:30,Cleartrip
GOI,BOM,IndiGo,6E-5176,Non-stop,9/8/2026,20:55,22:15,5963,5679.05,283.95,INR,9/1/2026 6:51,Cleartrip
BLR,BOM,Akasa Air,QP-1381,Non-stop,9/2/2026,4:50,6:45,5987,5701.9,285.1,INR,9/1/2026 6:23,Cleartrip
GOI,BOM,Star Air,S5-622,1 stop,9/8/2026,5:45,9:15,5999,5713.33,285.67,INR,9/1/2026 6:51,Cleartrip
BLR,BOM,Air India,AI-2811,Non-stop,9/16/2026,23:40,1:45,6000,5714.29,285.71,INR,9/1/2026 6:23,Cleartrip
BLR,BOM,Akasa Air,QP-2002,Non-stop,10/1/2026,21:15,23:00,6019,5732.38,286.62,INR,9/1/2026 6:24,Cleartrip
BLR,CCU,IndiGo,6E-952,Non-stop,9/8/2026,22:20,1:00,6050,5761.9,288.1,INR,9/1/2026 6:35,Cleartrip
BLR,CCU,Air India Express,IX-1370,Non-stop,9/16/2026,22:15,0:50,6050,5761.9,288.1,INR,9/1/2026 6:36,Cleartrip
DEL,BOM,IndiGo,6E-5014,1 stop,9/8/2026,18:30,22:25,6090,5800,290,INR,9/1/2026 6:19,Cleartrip
DEL,BOM,IndiGo,6E-6261,1 stop,9/8/2026,0:15,5:30,6090,5800,290,INR,9/1/2026 6:19,Cleartrip
DEL,BOM,IndiGo,6E-5073,1 stop,9/8/2026,17:05,23:00,6090,5800,290,INR,9/1/2026 6:19,Cleartrip
DEL,BOM,IndiGo,6E-2331,1 stop,9/8/2026,12:20,18:25,6090,5800,290,INR,9/1/2026 6:19,Cleartrip
DEL,BOM,IndiGo,6E-2298,1 stop,9/8/2026,9:45,16:15,6090,5800,290,INR,9/1/2026 6:19,Cleartrip
DEL,BOM,IndiGo,6E-5119,1 stop,9/8/2026,5:10,9:35,6090,5800,290,INR,9/1/2026 6:19,Cleartrip
DEL,BOM,IndiGo,6E-2076,1 stop,9/8/2026,7:30,12:20,6090,5800,290,INR,9/1/2026 6:19,Cleartrip
DEL,BOM,IndiGo,6E-6190,1 stop,9/8/2026,7:40,12:50,6095,5804.76,290.24,INR,9/1/2026 6:19,Cleartrip
BLR,PNQ,IndiGo,6E-6104,Non-stop,10/16/2026,11:40,13:10,6096,5805.71,290.29,INR,9/1/2026 6:46,Cleartrip
BLR,PNQ,IndiGo,6.00E-105,Non-stop,10/16/2026,18:50,20:15,6096,5805.71,290.29,INR,9/1/2026 6:46,Cleartrip
BLR,PNQ,IndiGo,6.00E-116,Non-stop,10/16/2026,23:05,0:45,6096,5805.71,290.29,INR,9/1/2026 6:46,Cleartrip
AMD,DEL,Air India,AI-2716,Non-stop,9/8/2026,14:00,15:35,6116,5824.76,291.24,INR,9/1/2026 6:30,Cleartrip
AMD,DEL,Air India,AI-424,Non-stop,9/16/2026,15:05,16:35,6116,5824.76,291.24,INR,9/1/2026 6:30,Cleartrip
AMD,DEL,Air India,AI-1121,Non-stop,9/16/2026,20:15,22:00,6116,5824.76,291.24,INR,9/1/2026 6:30,Cleartrip
AMD,DEL,IndiGo,6E-2179,Non-stop,10/1/2026,9:50,11:35,6155,5861.9,293.1,INR,9/1/2026 6:31,Cleartrip
AMD,DEL,IndiGo,6E-5072,Non-stop,10/1/2026,14:35,16:20,6155,5861.9,293.1,INR,9/1/2026 6:31,Cleartrip
AMD,DEL,IndiGo,6E-2263,Non-stop,9/8/2026,19:25,21:05,6155,5861.9,293.1,INR,9/1/2026 6:30,Cleartrip
AMD,DEL,IndiGo,6E-980,Non-stop,10/1/2026,17:05,18:50,6155,5861.9,293.1,INR,9/1/2026 6:31,Cleartrip
AMD,DEL,IndiGo,6E-932,Non-stop,9/8/2026,21:50,23:30,6155,5861.9,293.1,INR,9/1/2026 6:30,Cleartrip
AMD,DEL,IndiGo,6E-980,Non-stop,9/8/2026,17:05,18:50,6155,5861.9,293.1,INR,9/1/2026 6:30,Cleartrip
AMD,DEL,IndiGo,6E-2179,Non-stop,9/8/2026,9:50,11:35,6155,5861.9,293.1,INR,9/1/2026 6:30,Cleartrip
AMD,DEL,IndiGo,6E-2209,Non-stop,9/8/2026,5:00,6:45,6155,5861.9,293.1,INR,9/1/2026 6:30,Cleartrip
AMD,DEL,IndiGo,6E-2179,Non-stop,9/16/2026,9:50,11:35,6155,5861.9,293.1,INR,9/1/2026 6:30,Cleartrip
AMD,DEL,IndiGo,6E-2263,Non-stop,10/1/2026,19:25,21:05,6155,5861.9,293.1,INR,9/1/2026 6:31,Cleartrip
AMD,DEL,IndiGo,6E-932,Non-stop,10/1/2026,21:50,23:30,6155,5861.9,293.1,INR,9/1/2026 6:31,Cleartrip
AMD,DEL,IndiGo,6E-2209,Non-stop,10/1/2026,5:00,6:45,6155,5861.9,293.1,INR,9/1/2026 6:31,Cleartrip
AMD,DEL,IndiGo,6E-983,Non-stop,10/1/2026,7:30,9:15,6155,5861.9,293.1,INR,9/1/2026 6:31,Cleartrip
AMD,DEL,IndiGo,6E-5072,Non-stop,9/8/2026,14:35,16:20,6155,5861.9,293.1,INR,9/1/2026 6:30,Cleartrip
AMD,DEL,IndiGo,6E-2263,Non-stop,9/16/2026,19:25,21:05,6155,5861.9,293.1,INR,9/1/2026 6:30,Cleartrip
AMD,DEL,IndiGo,6E-2179,Non-stop,10/16/2026,9:50,11:35,6155,5861.9,293.1,INR,9/1/2026 6:31,Cleartrip
AMD,DEL,IndiGo,6E-980,Non-stop,10/16/2026,17:05,18:50,6155,5861.9,293.1,INR,9/1/2026 6:31,Cleartrip
AMD,DEL,IndiGo,6E-932,Non-stop,10/16/2026,21:50,23:30,6155,5861.9,293.1,INR,9/1/2026 6:31,Cleartrip
AMD,DEL,IndiGo,6E-2263,Non-stop,10/16/2026,19:25,21:05,6155,5861.9,293.1,INR,9/1/2026 6:31,Cleartrip
AMD,DEL,IndiGo,6E-2209,Non-stop,10/16/2026,5:00,6:45,6155,5861.9,293.1,INR,9/1/2026 6:31,Cleartrip
AMD,DEL,IndiGo,6E-983,Non-stop,10/16/2026,7:30,9:15,6155,5861.9,293.1,INR,9/1/2026 6:31,Cleartrip
AMD,DEL,IndiGo,6E-980,Non-stop,9/16/2026,17:05,18:50,6155,5861.9,293.1,INR,9/1/2026 6:30,Cleartrip
AMD,DEL,IndiGo,6E-5072,Non-stop,10/16/2026,14:35,16:20,6155,5861.9,293.1,INR,9/1/2026 6:31,Cleartrip
AMD,DEL,IndiGo,6E-932,Non-stop,9/16/2026,21:50,23:30,6155,5861.9,293.1,INR,9/1/2026 6:30,Cleartrip
BLR,BOM,Air India Express,IX-1581,Non-stop,9/2/2026,18:40,20:25,6159,5865.71,293.29,INR,9/1/2026 6:23,Cleartrip
BLR,BOM,Air India Express,IX-1581,Non-stop,9/16/2026,18:40,20:25,6159,5865.71,293.29,INR,9/1/2026 6:23,Cleartrip
BLR,BOM,Air India Express,IX-2914,Non-stop,10/1/2026,6:05,7:45,6159,5865.71,293.29,INR,9/1/2026 6:24,Cleartrip
BLR,BOM,IndiGo,6E-2086,Non-stop,9/16/2026,9:20,10:55,6159,5865.71,293.29,INR,9/1/2026 6:23,Cleartrip
BLR,CCU,Akasa Air,QP-1561,Non-stop,9/16/2026,6:15,8:50,6167,5873.33,293.67,INR,9/1/2026 6:36,Cleartrip
AMD,BOM,IndiGo,6E-2046,Non-stop,10/16/2026,8:55,10:00,6172,5878.1,293.9,INR,9/1/2026 6:44,Cleartrip
AMD,BOM,IndiGo,6E-7018,Non-stop,10/16/2026,19:10,20:50,6172,5878.1,293.9,INR,9/1/2026 6:44,Cleartrip
BLR,PNQ,Akasa Air,QP-1315,Non-stop,10/16/2026,15:15,16:55,6207,5911.43,295.57,INR,9/1/2026 6:46,Cleartrip
DEL,BOM,IndiGo,6E-2021,1 stop,9/2/2026,12:10,19:15,6222,5925.71,296.29,INR,9/1/2026 6:19,Cleartrip
DEL,BOM,IndiGo,6E-6829,1 stop,9/2/2026,17:20,23:45,6222,5925.71,296.29,INR,9/1/2026 6:19,Cleartrip
DEL,BOM,IndiGo,6E-6018,1 stop,9/2/2026,4:40,11:45,6222,5925.71,296.29,INR,9/1/2026 6:19,Cleartrip
DEL,BOM,IndiGo,6E-2169,1 stop,9/2/2026,19:40,23:45,6222,5925.71,296.29,INR,9/1/2026 6:19,Cleartrip
DEL,BOM,IndiGo,6E-2345,1 stop,9/2/2026,5:55,11:35,6222,5925.71,296.29,INR,9/1/2026 6:19,Cleartrip
DEL,BOM,IndiGo,6E-5138,1 stop,9/2/2026,19:10,0:10,6222,5925.71,296.29,INR,9/1/2026 6:19,Cleartrip
DEL,BOM,IndiGo,6E-6443,1 stop,9/2/2026,9:00,13:45,6222,5925.71,296.29,INR,9/1/2026 6:19,Cleartrip
DEL,BOM,IndiGo,6E-6433,1 stop,9/2/2026,16:30,22:20,6222,5925.71,296.29,INR,9/1/2026 6:19,Cleartrip
DEL,BOM,IndiGo,6E-6488,1 stop,9/2/2026,11:20,17:40,6222,5925.71,296.29,INR,9/1/2026 6:19,Cleartrip
DEL,BOM,IndiGo,6E-2169,1 stop,9/8/2026,19:40,23:45,6222,5925.71,296.29,INR,9/1/2026 6:19,Cleartrip
DEL,BOM,IndiGo,6E-2249,1 stop,9/8/2026,15:00,19:35,6222,5925.71,296.29,INR,9/1/2026 6:19,Cleartrip
GOI,DEL,IndiGo,6E-6243,Non-stop,9/16/2026,8:10,10:45,6225,5928.57,296.43,INR,9/1/2026 6:48,Cleartrip
BLR,BOM,Akasa Air,QP-1130,Non-stop,9/2/2026,11:20,13:10,6225,5928.57,296.43,INR,9/1/2026 6:23,Cleartrip
BLR,BOM,Akasa Air,QP-1154,Non-stop,10/1/2026,12:05,13:55,6225,5928.57,296.43,INR,9/1/2026 6:24,Cleartrip
BLR,BOM,Akasa Air,QP-1986,Non-stop,10/1/2026,17:45,19:40,6225,5928.57,296.43,INR,9/1/2026 6:24,Cleartrip
DEL,BOM,IndiGo,6E-6490,1 stop,9/2/2026,4:55,10:10,6226,5929.52,296.48,INR,9/1/2026 6:19,Cleartrip
HYD,BOM,IndiGo,6E-5143,Non-stop,10/1/2026,3:00,4:35,6240,5942.86,297.14,INR,9/1/2026 6:34,Cleartrip
HYD,BOM,IndiGo,6E-5099,Non-stop,9/16/2026,14:15,15:55,6240,5942.86,297.14,INR,9/1/2026 6:34,Cleartrip
HYD,BOM,IndiGo,6E-5143,Non-stop,9/2/2026,3:00,4:30,6240,5942.86,297.14,INR,9/1/2026 6:33,Cleartrip
HYD,BOM,IndiGo,6E-5143,Non-stop,9/8/2026,3:00,4:30,6240,5942.86,297.14,INR,9/1/2026 6:34,Cleartrip
HYD,BOM,IndiGo,6E-5099,Non-stop,9/8/2026,14:15,15:55,6240,5942.86,297.14,INR,9/1/2026 6:34,Cleartrip
HYD,BOM,IndiGo,6E-5384,Non-stop,9/16/2026,12:55,14:25,6240,5942.86,297.14,INR,9/1/2026 6:34,Cleartrip
HYD,BOM,IndiGo,6E-5245,Non-stop,9/16/2026,5:00,6:25,6240,5942.86,297.14,INR,9/1/2026 6:34,Cleartrip
HYD,BOM,IndiGo,6E-5099,Non-stop,9/2/2026,14:15,15:55,6240,5942.86,297.14,INR,9/1/2026 6:33,Cleartrip
HYD,BOM,IndiGo,6E-5384,Non-stop,9/8/2026,12:55,14:25,6240,5942.86,297.14,INR,9/1/2026 6:34,Cleartrip
HYD,BOM,IndiGo,6E-5143,Non-stop,9/16/2026,3:00,4:35,6240,5942.86,297.14,INR,9/1/2026 6:34,Cleartrip
HYD,BOM,IndiGo,6E-5245,Non-stop,9/2/2026,5:00,6:25,6240,5942.86,297.14,INR,9/1/2026 6:33,Cleartrip
BLR,CCU,Air India Express,IX-1370,Non-stop,9/8/2026,22:15,0:50,6250,5952.38,297.62,INR,9/1/2026 6:35,Cleartrip
BLR,CCU,Air India Express,IX-1131,Non-stop,9/16/2026,7:05,9:45,6250,5952.38,297.62,INR,9/1/2026 6:36,Cleartrip
BLR,BOM,Akasa Air,QP-2006,Non-stop,10/16/2026,15:00,16:50,6251,5953.33,297.67,INR,9/1/2026 6:24,Cleartrip
AMD,BOM,IndiGo,6E-6205,Non-stop,10/16/2026,1:15,2:55,6257,5959.05,297.95,INR,9/1/2026 6:44,Cleartrip
MAA,HYD,IndiGo,6E-6487,Non-stop,9/16/2026,21:25,22:40,6271,5972.38,298.62,INR,9/1/2026 6:46,Cleartrip
MAA,HYD,IndiGo,6E-562,Non-stop,9/16/2026,18:20,19:35,6271,5972.38,298.62,INR,9/1/2026 6:46,Cleartrip
MAA,HYD,IndiGo,6.00E-193,Non-stop,9/16/2026,20:00,21:25,6271,5972.38,298.62,INR,9/1/2026 6:46,Cleartrip
MAA,HYD,IndiGo,6E-6925,Non-stop,9/16/2026,12:00,13:15,6271,5972.38,298.62,INR,9/1/2026 6:46,Cleartrip
MAA,HYD,IndiGo,6E-372,Non-stop,9/16/2026,9:55,11:10,6271,5972.38,298.62,INR,9/1/2026 6:46,Cleartrip
DEL,SXR,SpiceJet,SG-980,Non-stop,9/16/2026,11:30,12:55,6279,5980,299,INR,9/1/2026 6:37,Cleartrip
DEL,SXR,SpiceJet,SG-253,Non-stop,9/16/2026,10:20,12:00,6279,5980,299,INR,9/1/2026 6:37,Cleartrip
DEL,BOM,IndiGo,6E-5298,1 stop,9/2/2026,9:00,13:50,6300,6000,300,INR,9/1/2026 6:19,Cleartrip
DEL,BOM,SpiceJet,SG-162,Non-stop,10/1/2026,20:10,22:30,6302,6001.9,300.1,INR,9/1/2026 6:20,Cleartrip
AMD,DEL,Air India,AI-2938,Non-stop,9/8/2026,18:55,20:40,6311,6010.48,300.52,INR,9/1/2026 6:30,Cleartrip
AMD,DEL,Air India,AI-424,Non-stop,10/16/2026,12:30,14:10,6311,6010.48,300.52,INR,9/1/2026 6:31,Cleartrip
AMD,DEL,Air India,AI-2546,Non-stop,9/16/2026,23:00,0:45,6311,6010.48,300.52,INR,9/1/2026 6:30,Cleartrip
AMD,DEL,Air India,AI-1117,Non-stop,10/1/2026,8:25,10:15,6311,6010.48,300.52,INR,9/1/2026 6:31,Cleartrip
AMD,DEL,Air India,AI-2938,Non-stop,9/16/2026,18:55,20:40,6311,6010.48,300.52,INR,9/1/2026 6:30,Cleartrip
MAA,HYD,IndiGo,6E-562,Non-stop,10/16/2026,18:20,19:35,6325,6023.81,301.19,INR,9/1/2026 6:47,Cleartrip
MAA,HYD,IndiGo,6E-6925,Non-stop,10/16/2026,12:00,13:15,6325,6023.81,301.19,INR,9/1/2026 6:47,Cleartrip
MAA,HYD,IndiGo,6E-6158,Non-stop,10/16/2026,16:10,17:25,6325,6023.81,301.19,INR,9/1/2026 6:47,Cleartrip
BLR,PNQ,Air India Express,IX-2942,1 stop,10/16/2026,12:40,23:45,6336,6034.29,301.71,INR,9/1/2026 6:46,Cleartrip
BLR,PNQ,Air India Express,IX-2505,1 stop,10/16/2026,14:45,23:45,6336,6034.29,301.71,INR,9/1/2026 6:46,Cleartrip
BLR,PNQ,Air India Express,IX-1168,1 stop,10/16/2026,19:40,23:45,6336,6034.29,301.71,INR,9/1/2026 6:46,Cleartrip
GOI,DEL,Akasa Air,QP-1818,Non-stop,9/2/2026,14:20,17:05,6340,6038.1,301.9,INR,9/1/2026 6:47,Cleartrip
GOI,DEL,Akasa Air,QP-1814,Non-stop,9/2/2026,11:35,14:15,6340,6038.1,301.9,INR,9/1/2026 6:47,Cleartrip
BLR,CCU,IndiGo,6E-6572,Non-stop,9/8/2026,15:05,17:45,6365,6061.9,303.1,INR,9/1/2026 6:35,Cleartrip
BLR,CCU,IndiGo,6E-6439,Non-stop,9/16/2026,6:30,9:10,6365,6061.9,303.1,INR,9/1/2026 6:36,Cleartrip
BLR,CCU,IndiGo,6.00E-223,Non-stop,9/16/2026,17:05,19:55,6365,6061.9,303.1,INR,9/1/2026 6:36,Cleartrip
BLR,CCU,IndiGo,6E-975,Non-stop,9/8/2026,20:20,23:00,6365,6061.9,303.1,INR,9/1/2026 6:35,Cleartrip
BLR,CCU,IndiGo,6.00E-223,Non-stop,9/8/2026,17:05,19:55,6365,6061.9,303.1,INR,9/1/2026 6:35,Cleartrip
BLR,CCU,IndiGo,6E-975,Non-stop,9/16/2026,20:20,23:00,6365,6061.9,303.1,INR,9/1/2026 6:36,Cleartrip
BLR,CCU,IndiGo,6E-676,Non-stop,9/8/2026,18:30,21:10,6365,6061.9,303.1,INR,9/1/2026 6:35,Cleartrip
DEL,SXR,IndiGo,6E-5197,Non-stop,9/8/2026,9:55,11:25,6373,6069.52,303.48,INR,9/1/2026 6:37,Cleartrip
GOI,BOM,Air India,AI-604,Non-stop,9/8/2026,7:05,8:30,6385,6080.95,304.05,INR,9/1/2026 6:51,Cleartrip
GOI,BOM,Air India,AI-604,Non-stop,9/16/2026,7:05,8:30,6385,6080.95,304.05,INR,9/1/2026 6:51,Cleartrip
GOI,BOM,IndiGo,6E-7038,Non-stop,9/8/2026,17:25,18:55,6399,6094.29,304.71,INR,9/1/2026 6:51,Cleartrip
DEL,BOM,SpiceJet,SG-802,Non-stop,10/1/2026,22:30,0:50,6408,6102.86,305.14,INR,9/1/2026 6:20,Cleartrip
DEL,SXR,SpiceJet,SG-709,Non-stop,9/8/2026,8:35,10:05,6423,6117.14,305.86,INR,9/1/2026 6:37,Cleartrip
DEL,SXR,SpiceJet,SG-980,Non-stop,9/8/2026,11:30,12:55,6423,6117.14,305.86,INR,9/1/2026 6:37,Cleartrip
DEL,SXR,SpiceJet,SG-253,Non-stop,9/2/2026,10:20,12:00,6423,6117.14,305.86,INR,9/1/2026 6:37,Cleartrip
DEL,SXR,SpiceJet,SG-980,Non-stop,9/2/2026,11:30,12:55,6423,6117.14,305.86,INR,9/1/2026 6:37,Cleartrip
GOI,BOM,Akasa Air,QP-1176,Non-stop,9/8/2026,20:25,21:45,6432,6125.71,306.29,INR,9/1/2026 6:51,Cleartrip
GOI,DEL,IndiGo,6E-5008,Non-stop,9/16/2026,22:30,1:10,6435,6128.57,306.43,INR,9/1/2026 6:48,Cleartrip
HYD,BOM,IndiGo,6E-2084,Non-stop,9/16/2026,21:05,22:35,6470,6161.9,308.1,INR,9/1/2026 6:34,Cleartrip
HYD,BOM,IndiGo,6E-2015,Non-stop,9/8/2026,16:40,18:10,6470,6161.9,308.1,INR,9/1/2026 6:34,Cleartrip
HYD,BOM,IndiGo,6E-2084,Non-stop,10/1/2026,21:05,22:35,6470,6161.9,308.1,INR,9/1/2026 6:34,Cleartrip
HYD,BOM,IndiGo,6E-2084,Non-stop,9/8/2026,21:05,22:35,6470,6161.9,308.1,INR,9/1/2026 6:34,Cleartrip
HYD,BOM,IndiGo,6E-2015,Non-stop,10/16/2026,16:40,18:10,6470,6161.9,308.1,INR,9/1/2026 6:35,Cleartrip
HYD,BOM,IndiGo,6E-2015,Non-stop,9/16/2026,16:40,18:10,6470,6161.9,308.1,INR,9/1/2026 6:34,Cleartrip
BLR,BOM,Akasa Air,QP-1150,Non-stop,9/2/2026,16:05,18:05,6473,6164.76,308.24,INR,9/1/2026 6:23,Cleartrip
DEL,BOM,Akasa Air,QP-2012,Non-stop,10/1/2026,8:55,11:15,6500,6190.48,309.52,INR,9/1/2026 6:20,Cleartrip
DEL,BOM,Akasa Air,QP-2074,Non-stop,9/16/2026,9:20,11:40,6500,6190.48,309.52,INR,9/1/2026 6:19,Cleartrip
DEL,BOM,Akasa Air,QP-2012,Non-stop,10/16/2026,8:55,11:15,6500,6190.48,309.52,INR,9/1/2026 6:20,Cleartrip
DEL,BOM,Air India Express,IX-1038,Non-stop,10/1/2026,17:35,19:45,6529,6218.1,310.9,INR,9/1/2026 6:20,Cleartrip
DEL,BOM,Air India Express,IX-1463,Non-stop,10/1/2026,11:15,13:20,6529,6218.1,310.9,INR,9/1/2026 6:20,Cleartrip
DEL,BOM,Air India Express,IX-1235,Non-stop,10/1/2026,23:25,1:50,6529,6218.1,310.9,INR,9/1/2026 6:20,Cleartrip
DEL,BOM,Air India Express,IX-1024,Non-stop,10/1/2026,18:40,21:05,6529,6218.1,310.9,INR,9/1/2026 6:20,Cleartrip
DEL,BOM,IndiGo,6E-6470,Non-stop,9/16/2026,6:55,9:05,6529,6218.1,310.9,INR,9/1/2026 6:19,Cleartrip
DEL,BOM,Air India Express,IX-1165,1 stop,9/16/2026,5:45,11:05,6529,6218.1,310.9,INR,9/1/2026 6:19,Cleartrip
DEL,BOM,IndiGo,6E-2721,Non-stop,9/16/2026,9:55,11:55,6529,6218.1,310.9,INR,9/1/2026 6:19,Cleartrip
DEL,BOM,Air India Express,IX-1392,1 stop,9/16/2026,23:25,11:05,6529,6218.1,310.9,INR,9/1/2026 6:19,Cleartrip
DEL,BOM,Air India Express,IX-1235,Non-stop,10/16/2026,23:25,1:50,6529,6218.1,310.9,INR,9/1/2026 6:20,Cleartrip
DEL,BOM,IndiGo,6E-864,Non-stop,10/1/2026,15:30,17:45,6530,6219.05,310.95,INR,9/1/2026 6:20,Cleartrip
DEL,BOM,IndiGo,6E-675,Non-stop,10/1/2026,8:45,11:00,6530,6219.05,310.95,INR,9/1/2026 6:20,Cleartrip
DEL,BOM,Akasa Air,QP-1119,Non-stop,9/16/2026,8:40,10:55,6530,6219.05,310.95,INR,9/1/2026 6:19,Cleartrip
DEL,BOM,IndiGo,6E-6047,Non-stop,9/16/2026,11:00,13:15,6530,6219.05,310.95,INR,9/1/2026 6:19,Cleartrip
DEL,BOM,IndiGo,6E-3127,Non-stop,10/1/2026,0:55,3:10,6530,6219.05,310.95,INR,9/1/2026 6:20,Cleartrip
DEL,BOM,IndiGo,6E-449,Non-stop,9/16/2026,5:00,7:15,6530,6219.05,310.95,INR,9/1/2026 6:19,Cleartrip
DEL,BOM,IndiGo,6E-324,Non-stop,9/16/2026,13:00,15:10,6530,6219.05,310.95,INR,9/1/2026 6:19,Cleartrip
DEL,BOM,IndiGo,6E-6706,Non-stop,10/1/2026,17:00,19:15,6530,6219.05,310.95,INR,9/1/2026 6:20,Cleartrip
DEL,BOM,Akasa Air,QP-1110,Non-stop,9/16/2026,10:30,12:45,6530,6219.05,310.95,INR,9/1/2026 6:19,Cleartrip
DEL,BOM,IndiGo,6E-675,Non-stop,9/16/2026,8:45,11:00,6530,6219.05,310.95,INR,9/1/2026 6:19,Cleartrip
HYD,BOM,IndiGo,6E-5213,Non-stop,10/1/2026,8:00,9:30,6555,6242.86,312.14,INR,9/1/2026 6:34,Cleartrip
HYD,BOM,IndiGo,6E-5245,Non-stop,9/8/2026,5:00,6:25,6555,6242.86,312.14,INR,9/1/2026 6:34,Cleartrip
HYD,BOM,IndiGo,6E-6196,Non-stop,9/8/2026,6:30,7:55,6555,6242.86,312.14,INR,9/1/2026 6:34,Cleartrip
HYD,BOM,IndiGo,6E-5174,Non-stop,9/8/2026,9:30,10:55,6555,6242.86,312.14,INR,9/1/2026 6:34,Cleartrip
HYD,BOM,IndiGo,6E-5213,Non-stop,9/8/2026,8:00,9:30,6555,6242.86,312.14,INR,9/1/2026 6:34,Cleartrip
HYD,BOM,IndiGo,6E-5174,Non-stop,9/16/2026,9:30,10:55,6555,6242.86,312.14,INR,9/1/2026 6:34,Cleartrip
HYD,BOM,IndiGo,6E-6196,Non-stop,10/1/2026,6:30,7:55,6555,6242.86,312.14,INR,9/1/2026 6:34,Cleartrip
HYD,BOM,IndiGo,6E-5245,Non-stop,10/16/2026,5:00,6:25,6555,6242.86,312.14,INR,9/1/2026 6:35,Cleartrip
HYD,BOM,IndiGo,6E-6196,Non-stop,10/16/2026,6:30,7:55,6555,6242.86,312.14,INR,9/1/2026 6:35,Cleartrip
HYD,BOM,IndiGo,6E-6363,Non-stop,10/16/2026,23:30,1:00,6555,6242.86,312.14,INR,9/1/2026 6:35,Cleartrip
HYD,BOM,IndiGo,6E-5099,Non-stop,10/16/2026,14:15,15:55,6555,6242.86,312.14,INR,9/1/2026 6:35,Cleartrip
HYD,BOM,IndiGo,6E-5384,Non-stop,10/16/2026,12:55,14:25,6555,6242.86,312.14,INR,9/1/2026 6:35,Cleartrip
HYD,BOM,IndiGo,6E-5213,Non-stop,10/16/2026,8:00,9:30,6555,6242.86,312.14,INR,9/1/2026 6:35,Cleartrip
HYD,BOM,IndiGo,6E-5203,Non-stop,10/16/2026,22:05,23:30,6555,6242.86,312.14,INR,9/1/2026 6:35,Cleartrip
HYD,BOM,IndiGo,6E-5143,Non-stop,10/16/2026,3:00,4:30,6555,6242.86,312.14,INR,9/1/2026 6:35,Cleartrip
HYD,BOM,IndiGo,6E-5174,Non-stop,10/1/2026,9:30,10:55,6555,6242.86,312.14,INR,9/1/2026 6:34,Cleartrip
HYD,BOM,IndiGo,6E-5213,Non-stop,9/16/2026,8:00,9:30,6555,6242.86,312.14,INR,9/1/2026 6:34,Cleartrip
HYD,BOM,IndiGo,6E-5245,Non-stop,10/1/2026,5:00,6:25,6555,6242.86,312.14,INR,9/1/2026 6:34,Cleartrip
HYD,BOM,IndiGo,6E-5203,Non-stop,10/1/2026,22:05,23:30,6555,6242.86,312.14,INR,9/1/2026 6:34,Cleartrip
HYD,BOM,IndiGo,6E-5384,Non-stop,9/2/2026,12:55,14:25,6555,6242.86,312.14,INR,9/1/2026 6:33,Cleartrip
HYD,BOM,IndiGo,6E-5259,Non-stop,9/2/2026,17:20,18:50,6555,6242.86,312.14,INR,9/1/2026 6:33,Cleartrip
HYD,BOM,IndiGo,6E-6196,Non-stop,9/16/2026,6:30,7:55,6555,6242.86,312.14,INR,9/1/2026 6:34,Cleartrip
HYD,BOM,IndiGo,6E-6363,Non-stop,9/8/2026,23:30,1:00,6555,6242.86,312.14,INR,9/1/2026 6:34,Cleartrip
HYD,BOM,IndiGo,6E-6363,Non-stop,9/16/2026,23:30,1:00,6555,6242.86,312.14,INR,9/1/2026 6:34,Cleartrip
HYD,BOM,IndiGo,6E-5259,Non-stop,9/16/2026,17:20,18:50,6555,6242.86,312.14,INR,9/1/2026 6:34,Cleartrip
HYD,BOM,IndiGo,6E-5384,Non-stop,10/1/2026,12:55,14:25,6555,6242.86,312.14,INR,9/1/2026 6:34,Cleartrip
HYD,BOM,IndiGo,6E-5259,Non-stop,10/1/2026,17:20,18:50,6555,6242.86,312.14,INR,9/1/2026 6:34,Cleartrip
HYD,BOM,IndiGo,6E-5039,Non-stop,10/1/2026,19:00,20:30,6555,6242.86,312.14,INR,9/1/2026 6:34,Cleartrip
BLR,BOM,IndiGo,6E-6030,Non-stop,9/2/2026,15:00,16:40,6560,6247.62,312.38,INR,9/1/2026 6:23,Cleartrip
BLR,BOM,IndiGo,6E-6030,Non-stop,9/16/2026,15:00,16:40,6560,6247.62,312.38,INR,9/1/2026 6:23,Cleartrip
AMD,BOM,IndiGo,6E-6285,Non-stop,10/16/2026,4:00,5:30,6572,6259.05,312.95,INR,9/1/2026 6:44,Cleartrip
BLR,BOM,Air India,AI-2840,Non-stop,9/16/2026,22:30,0:35,6600,6285.71,314.29,INR,9/1/2026 6:23,Cleartrip
HYD,BOM,Air India,AI-2445,Non-stop,9/2/2026,14:25,16:25,6604,6289.52,314.48,INR,9/1/2026 6:33,Cleartrip
HYD,BOM,Air India,AI-2872,Non-stop,9/2/2026,5:50,7:45,6604,6289.52,314.48,INR,9/1/2026 6:33,Cleartrip
HYD,BOM,Air India,AI-2872,Non-stop,9/8/2026,5:50,7:45,6604,6289.52,314.48,INR,9/1/2026 6:34,Cleartrip
HYD,BOM,Air India,AI-418,Non-stop,9/2/2026,11:30,13:25,6604,6289.52,314.48,INR,9/1/2026 6:33,Cleartrip
GOI,BOM,IndiGo,6E-6156,Non-stop,9/16/2026,0:05,1:25,6642,6325.71,316.29,INR,9/1/2026 6:51,Cleartrip
GOI,DEL,IndiGo,6E-2091,Non-stop,9/16/2026,13:25,16:05,6645,6328.57,316.43,INR,9/1/2026 6:48,Cleartrip
DEL,PNQ,IndiGo,6E-6398,1 stop,9/2/2026,6:10,13:20,6660,6342.86,317.14,INR,9/1/2026 6:26,Cleartrip
DEL,PNQ,IndiGo,6E-5033,1 stop,9/8/2026,15:50,22:50,6660,6342.86,317.14,INR,9/1/2026 6:26,Cleartrip
GOI,BOM,IndiGo,6E-6177,1 stop,9/8/2026,20:05,1:00,6667,6349.52,317.48,INR,9/1/2026 6:51,Cleartrip
GOI,BOM,IndiGo,6E-985,1 stop,9/8/2026,21:40,6:25,6667,6349.52,317.48,INR,9/1/2026 6:51,Cleartrip
BLR,CCU,IndiGo,6.00E-172,Non-stop,9/8/2026,13:40,16:20,6680,6361.9,318.1,INR,9/1/2026 6:35,Cleartrip
MAA,BOM,Air India Express,IX-2662,1 stop,10/1/2026,21:25,7:45,6697,6378.1,318.9,INR,9/1/2026 6:42,Cleartrip
GOI,BOM,IndiGo,6E-6278,Non-stop,9/16/2026,7:10,8:35,6698,6379.05,318.95,INR,9/1/2026 6:51,Cleartrip
GOI,DEL,Air India Express,IX-1531,Non-stop,9/2/2026,7:55,10:40,6703,6383.81,319.19,INR,9/1/2026 6:47,Cleartrip
GOI,DEL,Air India Express,IX-1340,Non-stop,9/2/2026,15:00,17:45,6703,6383.81,319.19,INR,9/1/2026 6:47,Cleartrip
GOI,DEL,Air India Express,IX-1531,Non-stop,9/16/2026,7:55,10:40,6703,6383.81,319.19,INR,9/1/2026 6:48,Cleartrip
GOI,DEL,IndiGo,6E-6264,Non-stop,9/2/2026,15:20,18:00,6705,6385.71,319.29,INR,9/1/2026 6:47,Cleartrip
GOI,DEL,IndiGo,6E-5008,Non-stop,9/2/2026,22:30,1:10,6705,6385.71,319.29,INR,9/1/2026 6:47,Cleartrip
GOI,DEL,IndiGo,6E-2091,Non-stop,9/2/2026,13:25,16:05,6705,6385.71,319.29,INR,9/1/2026 6:47,Cleartrip
GOI,DEL,IndiGo,6E-6243,Non-stop,9/2/2026,8:10,10:45,6705,6385.71,319.29,INR,9/1/2026 6:47,Cleartrip
GOI,BOM,Air India Express,IX-2023,1 stop,9/16/2026,14:45,20:25,6712,6392.38,319.62,INR,9/1/2026 6:51,Cleartrip
BLR,BOM,Akasa Air,QP-1528,Non-stop,9/2/2026,10:20,12:10,6732,6411.43,320.57,INR,9/1/2026 6:23,Cleartrip
BLR,BOM,Akasa Air,QP-2002,Non-stop,10/16/2026,21:15,23:00,6751,6429.52,321.48,INR,9/1/2026 6:24,Cleartrip
BLR,BOM,Akasa Air,QP-2008,Non-stop,10/16/2026,20:00,21:50,6751,6429.52,321.48,INR,9/1/2026 6:24,Cleartrip
HYD,BOM,IndiGo,6E-2084,Non-stop,10/16/2026,21:05,22:35,6785,6461.9,323.1,INR,9/1/2026 6:35,Cleartrip
BLR,CCU,IndiGo,6E-952,Non-stop,9/16/2026,22:20,1:00,6785,6461.9,323.1,INR,9/1/2026 6:36,Cleartrip
BLR,CCU,IndiGo,6E-6439,Non-stop,9/8/2026,6:30,9:10,6785,6461.9,323.1,INR,9/1/2026 6:35,Cleartrip
BLR,CCU,IndiGo,6E-952,Non-stop,9/2/2026,22:20,1:00,6785,6461.9,323.1,INR,9/1/2026 6:35,Cleartrip
BLR,BOM,Air India Express,IX-1360,Non-stop,10/1/2026,20:55,22:40,6789,6465.71,323.29,INR,9/1/2026 6:24,Cleartrip
BLR,BOM,Air India Express,IX-1581,Non-stop,10/1/2026,18:40,20:25,6789,6465.71,323.29,INR,9/1/2026 6:24,Cleartrip
BLR,BOM,IndiGo,6E-5089,Non-stop,9/16/2026,5:30,7:15,6789,6465.71,323.29,INR,9/1/2026 6:23,Cleartrip
DEL,PNQ,IndiGo,6E-2076,1 stop,9/8/2026,7:30,15:10,6791,6467.62,323.38,INR,9/1/2026 6:26,Cleartrip
DEL,PNQ,IndiGo,6E-6829,1 stop,9/2/2026,17:20,23:15,6791,6467.62,323.38,INR,9/1/2026 6:26,Cleartrip
DEL,PNQ,IndiGo,6E-5137,1 stop,9/8/2026,10:50,15:10,6791,6467.62,323.38,INR,9/1/2026 6:26,Cleartrip
DEL,PNQ,IndiGo,6E-2169,1 stop,9/8/2026,19:40,23:15,6791,6467.62,323.38,INR,9/1/2026 6:26,Cleartrip
DEL,PNQ,IndiGo,6E-6829,1 stop,9/8/2026,17:20,23:15,6791,6467.62,323.38,INR,9/1/2026 6:26,Cleartrip
DEL,PNQ,IndiGo,6E-2013,1 stop,9/8/2026,21:50,3:50,6791,6467.62,323.38,INR,9/1/2026 6:26,Cleartrip
DEL,PNQ,IndiGo,6E-6490,1 stop,9/8/2026,4:55,13:20,6791,6467.62,323.38,INR,9/1/2026 6:26,Cleartrip
DEL,PNQ,IndiGo,6E-931,1 stop,9/8/2026,19:35,3:50,6791,6467.62,323.38,INR,9/1/2026 6:26,Cleartrip
DEL,PNQ,IndiGo,6E-6261,1 stop,9/8/2026,0:15,8:10,6791,6467.62,323.38,INR,9/1/2026 6:26,Cleartrip
DEL,PNQ,IndiGo,6E-907,1 stop,9/8/2026,10:00,15:10,6791,6467.62,323.38,INR,9/1/2026 6:26,Cleartrip
DEL,PNQ,IndiGo,6E-2169,1 stop,9/2/2026,19:40,4:35,6791,6467.62,323.38,INR,9/1/2026 6:26,Cleartrip
GOI,DEL,Air India Express,IX-2762,Non-stop,9/2/2026,0:45,3:30,6806,6481.9,324.1,INR,9/1/2026 6:47,Cleartrip
GOI,DEL,Air India Express,IX-1818,Non-stop,9/16/2026,22:35,1:20,6806,6481.9,324.1,INR,9/1/2026 6:48,Cleartrip
AMD,BOM,Akasa Air,QP-1104,Non-stop,10/16/2026,22:30,0:05,6811,6486.67,324.33,INR,9/1/2026 6:44,Cleartrip
DEL,SXR,IndiGo,6E-6092,1 stop,9/2/2026,8:00,14:20,6815,6490.48,324.52,INR,9/1/2026 6:37,Cleartrip
DEL,SXR,IndiGo,6E-6474,1 stop,9/2/2026,7:20,10:35,6815,6490.48,324.52,INR,9/1/2026 6:37,Cleartrip
DEL,PNQ,SpiceJet,SG-939,Non-stop,9/16/2026,16:55,19:25,6843,6517.14,325.86,INR,9/1/2026 6:27,Cleartrip
DEL,CCU,Air India Express,IX-1067,1 stop,9/8/2026,6:10,21:30,6846,6520,326,INR,9/1/2026 6:28,Cleartrip
DEL,CCU,Air India Express,IX-1671,1 stop,9/8/2026,20:00,10:40,6846,6520,326,INR,9/1/2026 6:28,Cleartrip
DEL,CCU,Air India Express,IX-1041,1 stop,9/8/2026,8:45,21:45,6846,6520,326,INR,9/1/2026 6:28,Cleartrip
DEL,CCU,Air India Express,IX-1001,1 stop,9/8/2026,9:00,21:30,6846,6520,326,INR,9/1/2026 6:28,Cleartrip
DEL,CCU,Air India Express,IX-1081,1 stop,9/2/2026,15:25,21:30,6846,6520,326,INR,9/1/2026 6:28,Cleartrip
DEL,CCU,Air India Express,IX-1273,1 stop,9/16/2026,12:20,18:15,6846,6520,326,INR,9/1/2026 6:29,Cleartrip
DEL,CCU,Air India Express,IX-1671,1 stop,9/16/2026,20:00,10:40,6846,6520,326,INR,9/1/2026 6:29,Cleartrip
DEL,CCU,Air India Express,IX-1081,1 stop,9/16/2026,15:25,21:30,6846,6520,326,INR,9/1/2026 6:29,Cleartrip
DEL,CCU,Air India Express,IX-1032,1 stop,9/16/2026,5:45,17:35,6846,6520,326,INR,9/1/2026 6:29,Cleartrip
DEL,CCU,Air India Express,IX-1069,1 stop,9/8/2026,10:40,21:45,6846,6520,326,INR,9/1/2026 6:28,Cleartrip
DEL,CCU,Air India Express,IX-1085,1 stop,9/8/2026,12:55,21:45,6846,6520,326,INR,9/1/2026 6:28,Cleartrip
DEL,CCU,Air India Express,IX-1032,1 stop,9/2/2026,5:45,17:35,6846,6520,326,INR,9/1/2026 6:28,Cleartrip
DEL,CCU,Air India Express,IX-1671,1 stop,9/2/2026,20:00,10:40,6846,6520,326,INR,9/1/2026 6:28,Cleartrip
DEL,CCU,Air India Express,IX-1032,1 stop,9/8/2026,5:45,21:45,6846,6520,326,INR,9/1/2026 6:28,Cleartrip
BLR,BOM,IndiGo,0.00E+00,1 stop,10/16/2026,16:40,22:15,6856,6529.52,326.48,INR,9/1/2026 6:24,Cleartrip
HYD,BOM,IndiGo,6E-5174,Non-stop,10/16/2026,9:30,10:55,6870,6542.86,327.14,INR,9/1/2026 6:35,Cleartrip
DEL,BOM,Air India Express,IX-1056,Non-stop,10/16/2026,17:50,20:10,6898,6569.52,328.48,INR,9/1/2026 6:20,Cleartrip
GOI,DEL,IndiGo,6E-2102,Non-stop,9/2/2026,9:10,11:45,6913,6583.81,329.19,INR,9/1/2026 6:47,Cleartrip
DEL,BOM,IndiGo,6E-5198,Non-stop,10/16/2026,15:00,17:10,6920,6590.48,329.52,INR,9/1/2026 6:20,Cleartrip
DEL,SXR,Air India Express,IX-1074,1 stop,9/8/2026,11:00,13:45,6939,6608.57,330.43,INR,9/1/2026 6:37,Cleartrip
DEL,SXR,Air India Express,IX-1980,Non-stop,9/16/2026,9:55,11:30,6949,6618.1,330.9,INR,9/1/2026 6:37,Cleartrip
DEL,SXR,Air India Express,IX-1012,Non-stop,9/16/2026,6:35,8:00,6949,6618.1,330.9,INR,9/1/2026 6:37,Cleartrip
DEL,SXR,Air India Express,IX-1980,Non-stop,9/8/2026,9:55,11:30,6949,6618.1,330.9,INR,9/1/2026 6:37,Cleartrip
DEL,SXR,Air India Express,IX-1012,Non-stop,9/8/2026,6:35,8:00,6949,6618.1,330.9,INR,9/1/2026 6:37,Cleartrip
DEL,SXR,IndiGo,6E-2044,Non-stop,9/16/2026,7:40,9:05,6951,6620,331,INR,9/1/2026 6:37,Cleartrip
DEL,SXR,IndiGo,6E-5339,Non-stop,9/8/2026,9:45,11:20,6951,6620,331,INR,9/1/2026 6:37,Cleartrip
DEL,SXR,IndiGo,6E-2044,Non-stop,9/8/2026,7:40,9:05,6951,6620,331,INR,9/1/2026 6:37,Cleartrip
DEL,SXR,IndiGo,6E-5339,Non-stop,9/16/2026,9:45,11:20,6951,6620,331,INR,9/1/2026 6:37,Cleartrip
DEL,SXR,IndiGo,6E-5120,Non-stop,9/16/2026,8:25,9:45,6951,6620,331,INR,9/1/2026 6:37,Cleartrip
DEL,SXR,Akasa Air,QP-1802,Non-stop,10/1/2026,12:05,13:55,6960,6628.57,331.43,INR,9/1/2026 6:38,Cleartrip
BLR,BOM,IndiGo,6E-6283,Non-stop,10/1/2026,19:05,20:40,6982,6649.52,332.48,INR,9/1/2026 6:24,Cleartrip
BLR,BOM,IndiGo,6E-5051,Non-stop,10/16/2026,8:30,10:15,6982,6649.52,332.48,INR,9/1/2026 6:24,Cleartrip
BLR,BOM,IndiGo,6E-5205,Non-stop,10/16/2026,3:45,5:30,6982,6649.52,332.48,INR,9/1/2026 6:24,Cleartrip
BLR,BOM,Air India Express,IX-1581,Non-stop,10/16/2026,18:40,20:25,6982,6649.52,332.48,INR,9/1/2026 6:24,Cleartrip
MAA,HYD,IndiGo,6E-7084,1 stop,10/16/2026,7:35,11:30,6982,6649.52,332.48,INR,9/1/2026 6:47,Cleartrip
BLR,BOM,IndiGo,6E-5293,Non-stop,10/16/2026,1:00,2:50,6982,6649.52,332.48,INR,9/1/2026 6:24,Cleartrip
BLR,BOM,IndiGo,6E-5069,Non-stop,10/16/2026,11:30,13:20,6982,6649.52,332.48,INR,9/1/2026 6:24,Cleartrip
BLR,BOM,IndiGo,6E-5216,Non-stop,10/16/2026,7:25,9:10,6982,6649.52,332.48,INR,9/1/2026 6:24,Cleartrip
BLR,BOM,IndiGo,6E-5255,Non-stop,10/1/2026,17:25,19:05,6982,6649.52,332.48,INR,9/1/2026 6:24,Cleartrip
BLR,BOM,Air India Express,IX-2914,Non-stop,10/16/2026,6:05,7:45,6982,6649.52,332.48,INR,9/1/2026 6:24,Cleartrip
BLR,BOM,IndiGo,6E-5205,Non-stop,10/1/2026,3:45,5:30,6982,6649.52,332.48,INR,9/1/2026 6:24,Cleartrip
BLR,CCU,IndiGo,6E-676,Non-stop,9/16/2026,18:30,21:10,6995,6661.9,333.1,INR,9/1/2026 6:36,Cleartrip
BLR,CCU,IndiGo,6E-442,Non-stop,9/8/2026,8:10,10:35,6995,6661.9,333.1,INR,9/1/2026 6:35,Cleartrip
BLR,CCU,IndiGo,6E-442,Non-stop,9/16/2026,8:10,10:35,6995,6661.9,333.1,INR,9/1/2026 6:36,Cleartrip
DEL,CCU,SpiceJet,SG-905,Non-stop,9/8/2026,20:10,22:30,7001,6667.62,333.38,INR,9/1/2026 6:28,Cleartrip
DEL,BOM,IndiGo,6E-6676,Non-stop,10/16/2026,12:00,14:15,7019,6684.76,334.24,INR,9/1/2026 6:20,Cleartrip
DEL,BOM,IndiGo,6E-449,Non-stop,10/16/2026,5:00,7:15,7019,6684.76,334.24,INR,9/1/2026 6:20,Cleartrip
DEL,BOM,IndiGo,6E-6047,Non-stop,10/16/2026,11:00,13:15,7019,6684.76,334.24,INR,9/1/2026 6:20,Cleartrip
DEL,BOM,IndiGo,6E-6318,Non-stop,10/16/2026,14:45,17:00,7019,6684.76,334.24,INR,9/1/2026 6:20,Cleartrip
DEL,BOM,IndiGo,6E-6470,Non-stop,10/16/2026,6:55,9:05,7019,6684.76,334.24,INR,9/1/2026 6:20,Cleartrip
DEL,BOM,IndiGo,6E-955,Non-stop,10/16/2026,20:20,22:20,7019,6684.76,334.24,INR,9/1/2026 6:20,Cleartrip
DEL,BOM,IndiGo,6E-324,Non-stop,10/16/2026,13:00,15:10,7019,6684.76,334.24,INR,9/1/2026 6:20,Cleartrip
DEL,SXR,IndiGo,6E-6050,1 stop,9/2/2026,8:15,14:10,7029,6694.29,334.71,INR,9/1/2026 6:37,Cleartrip
DEL,PNQ,Air India Express,IX-1230,Non-stop,10/1/2026,4:40,6:55,7034,6699.05,334.95,INR,9/1/2026 6:27,Cleartrip
DEL,PNQ,Air India Express,IX-1230,Non-stop,9/16/2026,4:40,6:55,7034,6699.05,334.95,INR,9/1/2026 6:27,Cleartrip
DEL,PNQ,IndiGo,6E-5322,Non-stop,9/16/2026,4:40,6:45,7035,6700,335,INR,9/1/2026 6:27,Cleartrip
DEL,PNQ,IndiGo,6E-2343,Non-stop,10/1/2026,2:20,4:25,7035,6700,335,INR,9/1/2026 6:27,Cleartrip
DEL,PNQ,IndiGo,6E-2343,Non-stop,9/16/2026,2:20,4:25,7035,6700,335,INR,9/1/2026 6:27,Cleartrip
DEL,PNQ,IndiGo,6E-2487,Non-stop,9/16/2026,11:50,14:05,7035,6700,335,INR,9/1/2026 6:27,Cleartrip
DEL,PNQ,IndiGo,6E-5322,Non-stop,9/2/2026,4:40,6:45,7035,6700,335,INR,9/1/2026 6:26,Cleartrip
DEL,PNQ,IndiGo,6E-2343,Non-stop,9/2/2026,2:20,4:25,7035,6700,335,INR,9/1/2026 6:26,Cleartrip
DEL,PNQ,IndiGo,6E-2618,Non-stop,9/16/2026,23:00,1:05,7035,6700,335,INR,9/1/2026 6:27,Cleartrip
DEL,PNQ,IndiGo,6E-5322,Non-stop,10/1/2026,4:40,6:45,7035,6700,335,INR,9/1/2026 6:27,Cleartrip
DEL,PNQ,Akasa Air,QP-1608,Non-stop,9/16/2026,15:00,17:15,7036,6700.95,335.05,INR,9/1/2026 6:27,Cleartrip
DEL,PNQ,Akasa Air,QP-1871,Non-stop,9/16/2026,10:50,13:05,7036,6700.95,335.05,INR,9/1/2026 6:27,Cleartrip
DEL,PNQ,Akasa Air,QP-1809,Non-stop,9/16/2026,18:10,20:25,7036,6700.95,335.05,INR,9/1/2026 6:27,Cleartrip
DEL,PNQ,Akasa Air,QP-1608,Non-stop,10/1/2026,15:00,17:15,7036,6700.95,335.05,INR,9/1/2026 6:27,Cleartrip
GOI,DEL,IndiGo,6E-985,1 stop,9/8/2026,21:40,8:55,7038,6702.86,335.14,INR,9/1/2026 6:48,Cleartrip
GOI,DEL,IndiGo,6E-985,1 stop,9/2/2026,21:40,8:55,7038,6702.86,335.14,INR,9/1/2026 6:47,Cleartrip
GOI,BOM,IndiGo,6E-2175,Non-stop,9/16/2026,6:40,8:05,7062,6725.71,336.29,INR,9/1/2026 6:51,Cleartrip
DEL,SXR,Air India Express,IX-1017,Non-stop,9/16/2026,14:30,16:00,7099,6760.95,338.05,INR,9/1/2026 6:37,Cleartrip
AMD,BOM,Akasa Air,QP-1194,Non-stop,10/16/2026,4:35,6:00,7118,6779.05,338.95,INR,9/1/2026 6:44,Cleartrip
AMD,BOM,Akasa Air,QP-1102,Non-stop,10/16/2026,10:35,12:00,7118,6779.05,338.95,INR,9/1/2026 6:44,Cleartrip
GOI,DEL,Air India Express,IX-2762,Non-stop,9/16/2026,0:35,3:20,7122,6782.86,339.14,INR,9/1/2026 6:48,Cleartrip
AMD,BOM,IndiGo,6E-6205,Non-stop,9/2/2026,1:15,2:55,7158,6817.14,340.86,INR,9/1/2026 6:43,Cleartrip
DEL,PNQ,SpiceJet,SG-939,Non-stop,10/1/2026,16:55,19:25,7181,6839.05,341.95,INR,9/1/2026 6:27,Cleartrip
HYD,BOM,Air India,AI-2447,Non-stop,9/2/2026,17:25,19:25,7183,6840.95,342.05,INR,9/1/2026 6:33,Cleartrip
DEL,CCU,Akasa Air,QP-1569,Non-stop,10/1/2026,10:30,12:50,7185,6842.86,342.14,INR,9/1/2026 6:29,Cleartrip
MAA,BOM,Akasa Air,QP-1146,Non-stop,10/16/2026,14:00,16:05,7197,6854.29,342.71,INR,9/1/2026 6:42,Cleartrip
MAA,BOM,Akasa Air,QP-1146,Non-stop,9/16/2026,13:35,15:40,7197,6854.29,342.71,INR,9/1/2026 6:42,Cleartrip
MAA,BOM,Akasa Air,QP-1146,Non-stop,10/1/2026,13:35,15:40,7197,6854.29,342.71,INR,9/1/2026 6:42,Cleartrip
AMD,BOM,IndiGo,6E-6351,Non-stop,10/16/2026,23:15,0:30,7202,6859.05,342.95,INR,9/1/2026 6:44,Cleartrip
AMD,BOM,IndiGo,6E-5078,Non-stop,10/16/2026,10:55,12:20,7202,6859.05,342.95,INR,9/1/2026 6:44,Cleartrip
AMD,BOM,IndiGo,6E-5146,Non-stop,10/16/2026,8:05,9:35,7202,6859.05,342.95,INR,9/1/2026 6:44,Cleartrip
BLR,CCU,IndiGo,6E-6439,Non-stop,10/1/2026,6:30,9:10,7205,6861.9,343.1,INR,9/1/2026 6:36,Cleartrip
BLR,CCU,IndiGo,6.00E-227,Non-stop,10/1/2026,5:00,7:35,7205,6861.9,343.1,INR,9/1/2026 6:36,Cleartrip
BLR,CCU,Air India Express,IX-1131,Non-stop,10/1/2026,7:05,9:45,7206,6862.86,343.14,INR,9/1/2026 6:36,Cleartrip
DEL,SXR,Air India Express,IX-1074,1 stop,9/16/2026,11:00,13:45,7217,6873.33,343.67,INR,9/1/2026 6:37,Cleartrip
DEL,SXR,IndiGo,6E-2455,1 stop,9/2/2026,10:05,14:20,7241,6896.19,344.81,INR,9/1/2026 6:37,Cleartrip
DEL,PNQ,IndiGo,6E-2618,Non-stop,9/2/2026,23:00,1:05,7245,6900,345,INR,9/1/2026 6:26,Cleartrip
DEL,PNQ,IndiGo,6E-2623,Non-stop,9/16/2026,18:15,20:20,7245,6900,345,INR,9/1/2026 6:27,Cleartrip
BLR,CCU,Akasa Air,QP-1561,Non-stop,10/1/2026,6:15,8:50,7247,6901.9,345.1,INR,9/1/2026 6:36,Cleartrip
BLR,CCU,Akasa Air,QP-1264,Non-stop,10/1/2026,21:10,23:35,7247,6901.9,345.1,INR,9/1/2026 6:36,Cleartrip
GOI,BOM,IndiGo,6E-7038,Non-stop,9/16/2026,17:25,18:55,7262,6916.19,345.81,INR,9/1/2026 6:51,Cleartrip
BLR,CCU,IndiGo,6E-356,1 stop,9/2/2026,17:15,23:30,7279,6932.38,346.62,INR,9/1/2026 6:35,Cleartrip
BLR,CCU,IndiGo,6E-6017,1 stop,9/8/2026,18:15,23:30,7279,6932.38,346.62,INR,9/1/2026 6:35,Cleartrip
BLR,CCU,IndiGo,6E-638,1 stop,9/8/2026,18:35,23:25,7279,6932.38,346.62,INR,9/1/2026 6:35,Cleartrip
DEL,PNQ,SpiceJet,SG-939,Non-stop,9/2/2026,16:55,19:25,7289,6941.9,347.1,INR,9/1/2026 6:26,Cleartrip
DEL,SXR,IndiGo,6E-6092,1 stop,9/16/2026,8:00,10:35,7293,6945.71,347.29,INR,9/1/2026 6:37,Cleartrip
DEL,CCU,Akasa Air,QP-1801,Non-stop,9/8/2026,5:55,8:15,7296,6948.57,347.43,INR,9/1/2026 6:28,Cleartrip
DEL,SXR,Air India Express,IX-1980,Non-stop,9/2/2026,9:55,11:30,7317,6968.57,348.43,INR,9/1/2026 6:37,Cleartrip
DEL,SXR,IndiGo,6E-5120,Non-stop,9/2/2026,8:25,9:45,7318,6969.52,348.48,INR,9/1/2026 6:37,Cleartrip
DEL,SXR,IndiGo,6E-5197,Non-stop,9/2/2026,9:55,11:25,7318,6969.52,348.48,INR,9/1/2026 6:37,Cleartrip
DEL,SXR,Air India,AI-1792,Non-stop,9/8/2026,9:50,11:30,7324,6975.24,348.76,INR,9/1/2026 6:37,Cleartrip
DEL,SXR,Air India,AI-2553,Non-stop,9/8/2026,7:25,9:10,7324,6975.24,348.76,INR,9/1/2026 6:37,Cleartrip
DEL,SXR,Air India,AI-1792,Non-stop,9/16/2026,9:50,11:30,7324,6975.24,348.76,INR,9/1/2026 6:37,Cleartrip
DEL,SXR,Air India,AI-1799,Non-stop,9/8/2026,6:40,8:10,7324,6975.24,348.76,INR,9/1/2026 6:37,Cleartrip
DEL,PNQ,IndiGo,6E-2013,1 stop,9/2/2026,21:50,8:10,7327,6978.1,348.9,INR,9/1/2026 6:26,Cleartrip
GOI,BOM,Air India Express,IX-1241,Non-stop,9/16/2026,18:20,19:50,7350,7000,350,INR,9/1/2026 6:51,Cleartrip
DEL,HYD,Air India Express,IX-1273,1 stop,9/16/2026,12:20,20:45,7352,7001.9,350.1,INR,9/1/2026 6:25,Cleartrip
DEL,HYD,Air India Express,IX-1067,1 stop,9/8/2026,6:10,20:45,7352,7001.9,350.1,INR,9/1/2026 6:25,Cleartrip
DEL,HYD,Air India Express,IX-1001,1 stop,9/8/2026,9:00,20:45,7352,7001.9,350.1,INR,9/1/2026 6:25,Cleartrip
DEL,SXR,IndiGo,6E-7655,1 stop,10/16/2026,6:10,14:10,7356,7005.71,350.29,INR,9/1/2026 6:38,Cleartrip
DEL,CCU,IndiGo,6E-6440,1 stop,9/8/2026,16:40,22:05,7368,7017.14,350.86,INR,9/1/2026 6:28,Cleartrip
DEL,CCU,IndiGo,6E-6245,1 stop,9/8/2026,6:20,13:45,7368,7017.14,350.86,INR,9/1/2026 6:28,Cleartrip
GOI,DEL,IndiGo,6E-6156,1 stop,9/8/2026,0:05,8:40,7371,7020,351,INR,9/1/2026 6:48,Cleartrip
DEL,CCU,IndiGo,6E-6236,1 stop,10/1/2026,16:20,21:05,7376,7024.76,351.24,INR,9/1/2026 6:29,Cleartrip
DEL,CCU,IndiGo,6E-2453,1 stop,9/16/2026,13:35,21:05,7376,7024.76,351.24,INR,9/1/2026 6:29,Cleartrip
DEL,CCU,IndiGo,6E-2769,1 stop,10/1/2026,8:10,13:45,7376,7024.76,351.24,INR,9/1/2026 6:29,Cleartrip
DEL,CCU,IndiGo,6E-6236,1 stop,9/16/2026,16:20,21:05,7376,7024.76,351.24,INR,9/1/2026 6:29,Cleartrip
DEL,CCU,IndiGo,6E-6245,1 stop,9/16/2026,6:20,13:45,7376,7024.76,351.24,INR,9/1/2026 6:29,Cleartrip
DEL,CCU,IndiGo,6E-2453,1 stop,10/1/2026,13:35,21:05,7376,7024.76,351.24,INR,9/1/2026 6:29,Cleartrip
DEL,CCU,IndiGo,6E-6245,1 stop,10/1/2026,6:20,13:45,7376,7024.76,351.24,INR,9/1/2026 6:29,Cleartrip
MAA,BOM,Air India Express,IX-2786,1 stop,10/1/2026,7:25,20:25,7382,7030.48,351.52,INR,9/1/2026 6:42,Cleartrip
MAA,BOM,Air India Express,IX-2786,1 stop,10/16/2026,7:25,20:25,7382,7030.48,351.52,INR,9/1/2026 6:42,Cleartrip
MAA,BOM,Air India Express,IX-2975,1 stop,10/1/2026,6:30,20:25,7382,7030.48,351.52,INR,9/1/2026 6:42,Cleartrip
MAA,BOM,Air India Express,IX-1385,1 stop,10/16/2026,8:55,20:25,7382,7030.48,351.52,INR,9/1/2026 6:42,Cleartrip
MAA,BOM,Air India Express,IX-2975,1 stop,10/16/2026,6:30,20:25,7382,7030.48,351.52,INR,9/1/2026 6:42,Cleartrip
MAA,BOM,Air India Express,IX-2507,1 stop,10/1/2026,16:30,20:25,7382,7030.48,351.52,INR,9/1/2026 6:42,Cleartrip
MAA,BOM,Air India Express,IX-2662,1 stop,10/16/2026,21:25,7:45,7382,7030.48,351.52,INR,9/1/2026 6:42,Cleartrip
MAA,BOM,Air India Express,IX-2971,1 stop,10/16/2026,10:45,20:25,7382,7030.48,351.52,INR,9/1/2026 6:42,Cleartrip
MAA,BOM,Air India Express,IX-2507,1 stop,10/16/2026,16:30,20:25,7382,7030.48,351.52,INR,9/1/2026 6:42,Cleartrip
MAA,BOM,Air India Express,IX-2971,1 stop,10/1/2026,10:45,20:25,7382,7030.48,351.52,INR,9/1/2026 6:42,Cleartrip
MAA,BOM,Air India Express,IX-1385,1 stop,10/1/2026,8:55,20:25,7382,7030.48,351.52,INR,9/1/2026 6:42,Cleartrip
MAA,BOM,IndiGo,6E-2133,Non-stop,10/16/2026,21:55,23:40,7390,7038.1,351.9,INR,9/1/2026 6:42,Cleartrip
MAA,BOM,IndiGo,6E-2133,Non-stop,10/1/2026,21:55,23:40,7390,7038.1,351.9,INR,9/1/2026 6:42,Cleartrip
BLR,CCU,IndiGo,6E-975,Non-stop,9/2/2026,20:20,23:00,7415,7061.9,353.1,INR,9/1/2026 6:35,Cleartrip
BLR,CCU,IndiGo,6.00E-172,Non-stop,9/16/2026,13:40,16:20,7415,7061.9,353.1,INR,9/1/2026 6:36,Cleartrip
BLR,CCU,IndiGo,6E-6572,Non-stop,9/16/2026,15:05,17:45,7415,7061.9,353.1,INR,9/1/2026 6:36,Cleartrip
GOI,BOM,IndiGo,6E-5176,Non-stop,9/16/2026,20:55,22:15,7433,7079.05,353.95,INR,9/1/2026 6:51,Cleartrip
DEL,PNQ,IndiGo,6E-2132,Non-stop,10/1/2026,9:40,11:45,7441,7086.67,354.33,INR,9/1/2026 6:27,Cleartrip
DEL,PNQ,IndiGo,6E-2618,Non-stop,10/1/2026,23:00,1:05,7441,7086.67,354.33,INR,9/1/2026 6:27,Cleartrip
DEL,PNQ,IndiGo,6E-2487,Non-stop,10/1/2026,11:50,14:05,7441,7086.67,354.33,INR,9/1/2026 6:27,Cleartrip
DEL,PNQ,IndiGo,6E-6437,Non-stop,10/1/2026,16:25,18:30,7441,7086.67,354.33,INR,9/1/2026 6:27,Cleartrip
DEL,PNQ,IndiGo,6E-2262,Non-stop,10/1/2026,6:10,8:10,7441,7086.67,354.33,INR,9/1/2026 6:27,Cleartrip
DEL,PNQ,IndiGo,6E-2623,Non-stop,10/1/2026,18:15,20:20,7441,7086.67,354.33,INR,9/1/2026 6:27,Cleartrip
DEL,PNQ,IndiGo,6E-2262,Non-stop,9/16/2026,6:10,8:10,7441,7086.67,354.33,INR,9/1/2026 6:27,Cleartrip
GOI,DEL,Air India Express,IX-2764,Non-stop,9/16/2026,21:45,0:30,7450,7095.24,354.76,INR,9/1/2026 6:48,Cleartrip
GOI,DEL,Akasa Air,QP-1814,Non-stop,10/1/2026,11:35,14:15,7451,7096.19,354.81,INR,9/1/2026 6:48,Cleartrip
GOI,DEL,Akasa Air,QP-1818,Non-stop,9/16/2026,14:20,17:05,7451,7096.19,354.81,INR,9/1/2026 6:48,Cleartrip
AMD,DEL,IndiGo,6E-7568,1 stop,9/2/2026,16:55,21:25,7484,7127.62,356.38,INR,9/1/2026 6:30,Cleartrip
DEL,CCU,IndiGo,6E-6312,1 stop,9/2/2026,14:25,20:25,7500,7142.86,357.14,INR,9/1/2026 6:28,Cleartrip
DEL,CCU,IndiGo,6E-2361,1 stop,9/2/2026,14:35,22:15,7500,7142.86,357.14,INR,9/1/2026 6:28,Cleartrip
DEL,PNQ,Air India,AI-2609,Non-stop,9/2/2026,23:50,2:05,7506,7148.57,357.43,INR,9/1/2026 6:26,Cleartrip
DEL,PNQ,Air India,AI-2711,Non-stop,9/2/2026,2:00,4:15,7506,7148.57,357.43,INR,9/1/2026 6:26,Cleartrip
DEL,PNQ,Air India,AI-2469,Non-stop,9/2/2026,4:45,6:55,7506,7148.57,357.43,INR,9/1/2026 6:26,Cleartrip
DEL,CCU,IndiGo,6E-2361,1 stop,9/16/2026,14:35,22:15,7507,7149.52,357.48,INR,9/1/2026 6:29,Cleartrip
DEL,CCU,IndiGo,6E-6459,1 stop,10/1/2026,5:55,13:25,7507,7149.52,357.48,INR,9/1/2026 6:29,Cleartrip
DEL,CCU,IndiGo,6E-5036,1 stop,9/16/2026,8:00,12:25,7507,7149.52,357.48,INR,9/1/2026 6:29,Cleartrip
DEL,CCU,IndiGo,6E-6312,1 stop,10/1/2026,14:25,20:25,7507,7149.52,357.48,INR,9/1/2026 6:29,Cleartrip
DEL,CCU,IndiGo,6E-6312,1 stop,9/16/2026,14:25,20:25,7507,7149.52,357.48,INR,9/1/2026 6:29,Cleartrip
HYD,BOM,IndiGo,6E-2015,Non-stop,9/2/2026,16:40,18:10,7520,7161.9,358.1,INR,9/1/2026 6:33,Cleartrip
MAA,BOM,IndiGo,6E-6140,Non-stop,9/16/2026,2:30,4:45,7540,7180.95,359.05,INR,9/1/2026 6:42,Cleartrip
MAA,BOM,IndiGo,6E-5258,Non-stop,9/16/2026,12:45,14:45,7540,7180.95,359.05,INR,9/1/2026 6:42,Cleartrip
MAA,BOM,IndiGo,6E-5093,Non-stop,10/16/2026,5:00,6:55,7540,7180.95,359.05,INR,9/1/2026 6:42,Cleartrip
MAA,BOM,IndiGo,6E-6348,Non-stop,10/16/2026,9:00,10:50,7540,7180.95,359.05,INR,9/1/2026 6:42,Cleartrip
MAA,BOM,IndiGo,6E-6140,Non-stop,9/8/2026,2:30,4:45,7540,7180.95,359.05,INR,9/1/2026 6:42,Cleartrip
MAA,BOM,IndiGo,6E-5371,Non-stop,10/16/2026,14:45,16:40,7540,7180.95,359.05,INR,9/1/2026 6:42,Cleartrip
AMD,DEL,Air India,AI-2546,Non-stop,9/2/2026,23:00,0:45,7571,7210.48,360.52,INR,9/1/2026 6:30,Cleartrip
DEL,CCU,IndiGo,6E-5298,1 stop,9/2/2026,9:00,15:15,7578,7217.14,360.86,INR,9/1/2026 6:28,Cleartrip
DEL,CCU,IndiGo,6E-2037,1 stop,9/2/2026,11:10,20:30,7578,7217.14,360.86,INR,9/1/2026 6:28,Cleartrip
BLR,DEL,Star Air,S5-183,1 stop,9/2/2026,7:30,11:20,7581,7220,361,INR,9/1/2026 6:21,Cleartrip
DEL,CCU,Akasa Air,QP-1803,Non-stop,9/2/2026,17:05,19:25,7583,7221.9,361.1,INR,9/1/2026 6:28,Cleartrip
DEL,CCU,Akasa Air,QP-1801,Non-stop,9/2/2026,5:55,8:15,7583,7221.9,361.1,INR,9/1/2026 6:28,Cleartrip
DEL,CCU,IndiGo,6E-6073,1 stop,10/1/2026,5:00,10:50,7586,7224.76,361.24,INR,9/1/2026 6:29,Cleartrip
GOI,DEL,IndiGo,6E-5008,Non-stop,10/16/2026,22:30,1:10,7590,7228.57,361.43,INR,9/1/2026 6:49,Cleartrip
BLR,CCU,IndiGo,6E-524,1 stop,9/2/2026,9:25,15:25,7594,7232.38,361.62,INR,9/1/2026 6:35,Cleartrip
GOI,DEL,Akasa Air,QP-1814,Non-stop,10/16/2026,11:35,14:15,7619,7256.19,362.81,INR,9/1/2026 6:49,Cleartrip
BLR,CCU,IndiGo,6E-5351,1 stop,9/2/2026,14:20,20:50,7620,7257.14,362.86,INR,9/1/2026 6:35,Cleartrip
BLR,CCU,IndiGo,6E-441,1 stop,9/2/2026,20:40,2:20,7620,7257.14,362.86,INR,9/1/2026 6:35,Cleartrip
BLR,CCU,IndiGo,6E-5031,1 stop,9/2/2026,16:00,22:45,7620,7257.14,362.86,INR,9/1/2026 6:35,Cleartrip
BLR,CCU,IndiGo,6E-6563,1 stop,9/2/2026,1:05,8:10,7620,7257.14,362.86,INR,9/1/2026 6:35,Cleartrip
BLR,CCU,IndiGo,6E-5218,1 stop,9/2/2026,13:00,20:50,7620,7257.14,362.86,INR,9/1/2026 6:35,Cleartrip
BLR,CCU,IndiGo,6.00E-105,1 stop,9/2/2026,18:50,2:20,7620,7257.14,362.86,INR,9/1/2026 6:35,Cleartrip
BLR,CCU,IndiGo,6E-6876,1 stop,9/2/2026,2:40,8:10,7620,7257.14,362.86,INR,9/1/2026 6:35,Cleartrip
GOI,DEL,IndiGo,6E-2708,Non-stop,10/16/2026,15:30,18:05,7624,7260.95,363.05,INR,9/1/2026 6:49,Cleartrip
DEL,CCU,IndiGo,6E-5307,1 stop,9/2/2026,10:50,15:25,7683,7317.14,365.86,INR,9/1/2026 6:28,Cleartrip
DEL,CCU,IndiGo,6E-6378,1 stop,9/2/2026,14:40,19:20,7683,7317.14,365.86,INR,9/1/2026 6:28,Cleartrip
DEL,CCU,IndiGo,6E-2316,1 stop,10/1/2026,17:30,22:25,7691,7324.76,366.24,INR,9/1/2026 6:29,Cleartrip
DEL,CCU,IndiGo,6E-6378,1 stop,10/1/2026,14:40,19:20,7691,7324.76,366.24,INR,9/1/2026 6:29,Cleartrip
DEL,CCU,IndiGo,6E-5041,1 stop,10/1/2026,15:10,20:30,7691,7324.76,366.24,INR,9/1/2026 6:29,Cleartrip
GOI,DEL,IndiGo,6E-6243,Non-stop,10/1/2026,8:10,10:45,7695,7328.57,366.43,INR,9/1/2026 6:48,Cleartrip
GOI,DEL,IndiGo,6E-6243,Non-stop,10/16/2026,8:10,10:45,7695,7328.57,366.43,INR,9/1/2026 6:49,Cleartrip
DEL,HYD,Akasa Air,QP-1406,Non-stop,10/1/2026,14:10,16:30,7699,7332.38,366.62,INR,9/1/2026 6:25,Cleartrip
GOI,DEL,Air India Express,IX-1214,1 stop,9/8/2026,14:15,19:05,7701,7334.29,366.71,INR,9/1/2026 6:48,Cleartrip
GOI,BOM,Akasa Air,QP-1176,Non-stop,9/16/2026,20:30,21:45,7738,7369.52,368.48,INR,9/1/2026 6:51,Cleartrip
BLR,CCU,Akasa Air,QP-1262,Non-stop,10/1/2026,19:40,22:25,7739,7370.48,368.52,INR,9/1/2026 6:36,Cleartrip
DEL,HYD,Air India Express,IX-1210,1 stop,9/16/2026,22:25,14:05,7832,7459.05,372.95,INR,9/1/2026 6:25,Cleartrip
GOI,DEL,Air India Express,IX-1340,Non-stop,9/16/2026,15:00,17:45,7850,7476.19,373.81,INR,9/1/2026 6:48,Cleartrip
GOI,DEL,Air India Express,IX-1531,Non-stop,9/8/2026,7:55,10:40,7850,7476.19,373.81,INR,9/1/2026 6:48,Cleartrip
DEL,SXR,IndiGo,6E-6050,1 stop,10/1/2026,8:15,14:10,7858,7483.81,374.19,INR,9/1/2026 6:38,Cleartrip
GOI,DEL,Akasa Air,QP-1816,Non-stop,10/1/2026,18:35,21:15,7864,7489.52,374.48,INR,9/1/2026 6:48,Cleartrip
AMD,DEL,IndiGo,6E-5385,Non-stop,9/2/2026,0:05,2:00,7888,7512.38,375.62,INR,9/1/2026 6:30,Cleartrip
GOI,DEL,IndiGo,6E-363,Non-stop,10/16/2026,20:10,22:45,7905,7528.57,376.43,INR,9/1/2026 6:49,Cleartrip
GOI,DEL,IndiGo,6E-2091,Non-stop,10/1/2026,13:25,16:05,7905,7528.57,376.43,INR,9/1/2026 6:48,Cleartrip
DEL,SXR,Air India Express,IX-1074,1 stop,10/1/2026,11:00,13:45,7909,7532.38,376.62,INR,9/1/2026 6:38,Cleartrip
BLR,CCU,IndiGo,6.00E-223,Non-stop,10/1/2026,17:05,19:55,7940,7561.9,378.1,INR,9/1/2026 6:36,Cleartrip
BLR,CCU,IndiGo,6E-6572,Non-stop,10/1/2026,15:05,17:45,7940,7561.9,378.1,INR,9/1/2026 6:36,Cleartrip
MAA,BOM,IndiGo,6E-5371,Non-stop,9/16/2026,14:45,16:40,7958,7579.05,378.95,INR,9/1/2026 6:42,Cleartrip
MAA,BOM,IndiGo,6E-5214,Non-stop,9/16/2026,11:00,13:00,7958,7579.05,378.95,INR,9/1/2026 6:42,Cleartrip
MAA,BOM,IndiGo,6E-5104,Non-stop,9/16/2026,16:40,18:40,7958,7579.05,378.95,INR,9/1/2026 6:42,Cleartrip
MAA,BOM,IndiGo,6E-6225,Non-stop,9/16/2026,22:30,0:30,7958,7579.05,378.95,INR,9/1/2026 6:42,Cleartrip
DEL,HYD,IndiGo,6E-5119,1 stop,10/16/2026,5:10,10:15,7989,7608.57,380.43,INR,9/1/2026 6:26,Cleartrip
DEL,HYD,IndiGo,6E-907,1 stop,10/16/2026,10:00,14:50,7989,7608.57,380.43,INR,9/1/2026 6:26,Cleartrip
GOI,DEL,Air India Express,IX-2746,2 stop,9/16/2026,12:35,22:25,7999,7618.1,380.9,INR,9/1/2026 6:48,Cleartrip
MAA,BOM,Air India,AI-640,Non-stop,9/16/2026,17:00,19:10,8010,7628.57,381.43,INR,9/1/2026 6:42,Cleartrip
MAA,BOM,Air India,AI-2740,Non-stop,9/16/2026,16:00,18:20,8010,7628.57,381.43,INR,9/1/2026 6:42,Cleartrip
DEL,HYD,IndiGo,6E-6446,1 stop,10/16/2026,7:50,13:50,8067,7682.86,384.14,INR,9/1/2026 6:26,Cleartrip
DEL,HYD,IndiGo,6E-6673,1 stop,10/16/2026,21:15,3:10,8067,7682.86,384.14,INR,9/1/2026 6:26,Cleartrip
DEL,HYD,IndiGo,6E-2267,1 stop,10/16/2026,16:40,22:45,8067,7682.86,384.14,INR,9/1/2026 6:26,Cleartrip
BLR,CCU,Air India Express,IX-2942,1 stop,10/1/2026,12:40,22:10,8077,7692.38,384.62,INR,9/1/2026 6:36,Cleartrip
BLR,CCU,Air India Express,IX-2505,1 stop,10/1/2026,14:45,22:10,8077,7692.38,384.62,INR,9/1/2026 6:36,Cleartrip
BLR,CCU,Air India Express,IX-1472,1 stop,10/1/2026,7:05,12:10,8077,7692.38,384.62,INR,9/1/2026 6:36,Cleartrip
DEL,SXR,IndiGo,6E-2496,Non-stop,10/1/2026,12:40,14:05,8099,7713.33,385.67,INR,9/1/2026 6:38,Cleartrip
DEL,SXR,IndiGo,6E-5339,Non-stop,10/1/2026,9:45,11:20,8099,7713.33,385.67,INR,9/1/2026 6:38,Cleartrip
DEL,SXR,IndiGo,6E-2747,Non-stop,10/1/2026,13:40,15:10,8099,7713.33,385.67,INR,9/1/2026 6:38,Cleartrip
DEL,SXR,IndiGo,6E-2044,Non-stop,10/1/2026,7:40,9:05,8099,7713.33,385.67,INR,9/1/2026 6:38,Cleartrip
DEL,SXR,IndiGo,6E-2248,Non-stop,10/1/2026,14:15,15:45,8099,7713.33,385.67,INR,9/1/2026 6:38,Cleartrip
DEL,SXR,Air India Express,IX-1017,Non-stop,10/1/2026,14:30,16:00,8099,7713.33,385.67,INR,9/1/2026 6:38,Cleartrip
DEL,SXR,Air India Express,IX-1012,Non-stop,10/16/2026,6:35,8:00,8099,7713.33,385.67,INR,9/1/2026 6:38,Cleartrip
DEL,SXR,IndiGo,6E-5120,Non-stop,10/1/2026,8:25,9:45,8099,7713.33,385.67,INR,9/1/2026 6:38,Cleartrip
DEL,PNQ,Air India Express,IX-1230,Non-stop,10/16/2026,4:40,6:55,8111,7724.76,386.24,INR,9/1/2026 6:28,Cleartrip
CCU,BOM,Akasa Air,QP-1126,Non-stop,9/16/2026,23:00,1:40,8113,7726.67,386.33,INR,9/1/2026 6:40,Cleartrip
CCU,BOM,Akasa Air,QP-1126,Non-stop,9/8/2026,23:00,1:40,8113,7726.67,386.33,INR,9/1/2026 6:40,Cleartrip
CCU,BOM,Akasa Air,QP-1136,Non-stop,10/1/2026,5:00,7:45,8113,7726.67,386.33,INR,9/1/2026 6:41,Cleartrip
GOI,DEL,IndiGo,6E-363,Non-stop,10/1/2026,20:10,22:45,8115,7728.57,386.43,INR,9/1/2026 6:48,Cleartrip
GOI,DEL,IndiGo,6E-2102,Non-stop,10/16/2026,9:10,11:45,8149,7760.95,388.05,INR,9/1/2026 6:49,Cleartrip
DEL,SXR,IndiGo,6E-6092,1 stop,10/16/2026,8:00,10:35,8162,7773.33,388.67,INR,9/1/2026 6:38,Cleartrip
DEL,SXR,IndiGo,6E-6010,1 stop,10/16/2026,11:40,14:20,8162,7773.33,388.67,INR,9/1/2026 6:38,Cleartrip
BLR,DEL,IndiGo,6E-6863,1 stop,9/2/2026,8:20,12:55,8170,7780.95,389.05,INR,9/1/2026 6:21,Cleartrip
BLR,DEL,IndiGo,6E-6891,1 stop,9/8/2026,17:15,23:00,8170,7780.95,389.05,INR,9/1/2026 6:21,Cleartrip
BLR,DEL,IndiGo,6E-6863,1 stop,9/8/2026,8:20,12:55,8170,7780.95,389.05,INR,9/1/2026 6:21,Cleartrip
GOI,DEL,IndiGo,6E-6933,1 stop,9/8/2026,14:45,23:00,8180,7790.48,389.52,INR,9/1/2026 6:48,Cleartrip
GOI,DEL,IndiGo,6.00E-281,1 stop,9/8/2026,21:35,6:45,8181,7791.43,389.57,INR,9/1/2026 6:48,Cleartrip
GOI,DEL,IndiGo,6E-418,1 stop,9/8/2026,17:10,0:20,8181,7791.43,389.57,INR,9/1/2026 6:48,Cleartrip
DEL,HYD,IndiGo,6E-354,1 stop,9/2/2026,19:00,0:35,8199,7808.57,390.43,INR,9/1/2026 6:24,Cleartrip
DEL,HYD,IndiGo,6E-6814,1 stop,10/1/2026,7:15,13:20,8199,7808.57,390.43,INR,9/1/2026 6:25,Cleartrip
DEL,HYD,IndiGo,6E-2721,1 stop,9/2/2026,9:55,16:00,8199,7808.57,390.43,INR,9/1/2026 6:24,Cleartrip
DEL,HYD,IndiGo,6E-5023,1 stop,10/1/2026,18:10,23:00,8199,7808.57,390.43,INR,9/1/2026 6:25,Cleartrip
DEL,HYD,IndiGo,6E-853,1 stop,9/2/2026,20:45,2:10,8199,7808.57,390.43,INR,9/1/2026 6:24,Cleartrip
DEL,HYD,IndiGo,6E-2265,1 stop,9/2/2026,6:10,12:15,8199,7808.57,390.43,INR,9/1/2026 6:24,Cleartrip
DEL,HYD,IndiGo,6E-6425,1 stop,9/2/2026,5:10,10:10,8199,7808.57,390.43,INR,9/1/2026 6:24,Cleartrip
DEL,HYD,IndiGo,6E-6328,1 stop,9/16/2026,10:15,16:45,8199,7808.57,390.43,INR,9/1/2026 6:25,Cleartrip
DEL,HYD,IndiGo,6E-2721,1 stop,9/16/2026,9:55,16:00,8199,7808.57,390.43,INR,9/1/2026 6:25,Cleartrip
DEL,HYD,IndiGo,6E-6676,1 stop,9/2/2026,12:00,18:20,8199,7808.57,390.43,INR,9/1/2026 6:24,Cleartrip
DEL,HYD,IndiGo,6.00E-303,1 stop,9/2/2026,20:00,2:10,8199,7808.57,390.43,INR,9/1/2026 6:24,Cleartrip
DEL,HYD,IndiGo,6E-853,1 stop,10/16/2026,20:45,2:10,8199,7808.57,390.43,INR,9/1/2026 6:26,Cleartrip
DEL,HYD,IndiGo,6E-6676,1 stop,10/16/2026,12:00,18:20,8199,7808.57,390.43,INR,9/1/2026 6:26,Cleartrip
DEL,HYD,IndiGo,6E-6676,1 stop,10/1/2026,12:00,18:20,8199,7808.57,390.43,INR,9/1/2026 6:25,Cleartrip
DEL,HYD,IndiGo,6E-6318,1 stop,9/8/2026,14:45,21:20,8199,7808.57,390.43,INR,9/1/2026 6:25,Cleartrip
DEL,HYD,IndiGo,6E-329,1 stop,9/8/2026,18:00,0:35,8199,7808.57,390.43,INR,9/1/2026 6:25,Cleartrip
DEL,HYD,IndiGo,6E-6425,1 stop,9/16/2026,5:10,10:10,8199,7808.57,390.43,INR,9/1/2026 6:25,Cleartrip
DEL,HYD,IndiGo,6E-6814,1 stop,9/16/2026,7:15,13:20,8199,7808.57,390.43,INR,9/1/2026 6:25,Cleartrip
DEL,HYD,IndiGo,6E-853,1 stop,9/16/2026,20:45,2:10,8199,7808.57,390.43,INR,9/1/2026 6:25,Cleartrip
DEL,HYD,IndiGo,6E-2361,1 stop,9/16/2026,14:35,20:30,8199,7808.57,390.43,INR,9/1/2026 6:25,Cleartrip
DEL,HYD,IndiGo,6E-354,1 stop,9/16/2026,19:00,0:35,8199,7808.57,390.43,INR,9/1/2026 6:25,Cleartrip
DEL,HYD,IndiGo,6E-6676,1 stop,9/16/2026,12:00,18:20,8199,7808.57,390.43,INR,9/1/2026 6:25,Cleartrip
DEL,HYD,IndiGo,6.00E-303,1 stop,9/16/2026,20:00,2:10,8199,7808.57,390.43,INR,9/1/2026 6:25,Cleartrip
DEL,HYD,IndiGo,6E-6318,1 stop,9/2/2026,14:45,21:20,8199,7808.57,390.43,INR,9/1/2026 6:24,Cleartrip
DEL,HYD,IndiGo,6E-6328,1 stop,9/2/2026,10:15,16:45,8199,7808.57,390.43,INR,9/1/2026 6:24,Cleartrip
DEL,HYD,IndiGo,6.00E-303,1 stop,9/8/2026,20:00,2:10,8199,7808.57,390.43,INR,9/1/2026 6:25,Cleartrip
DEL,HYD,IndiGo,6E-2265,1 stop,9/8/2026,6:10,12:15,8199,7808.57,390.43,INR,9/1/2026 6:25,Cleartrip
DEL,HYD,IndiGo,6E-327,1 stop,9/2/2026,16:15,22:45,8199,7808.57,390.43,INR,9/1/2026 6:24,Cleartrip
DEL,HYD,IndiGo,6E-2453,1 stop,9/2/2026,13:35,20:05,8199,7808.57,390.43,INR,9/1/2026 6:24,Cleartrip
DEL,HYD,IndiGo,6E-6425,1 stop,9/8/2026,5:10,10:10,8199,7808.57,390.43,INR,9/1/2026 6:25,Cleartrip
DEL,HYD,IndiGo,6E-354,1 stop,9/8/2026,19:00,0:35,8199,7808.57,390.43,INR,9/1/2026 6:25,Cleartrip
DEL,HYD,IndiGo,6E-327,1 stop,9/8/2026,16:15,22:45,8199,7808.57,390.43,INR,9/1/2026 6:25,Cleartrip
DEL,HYD,IndiGo,6E-2453,1 stop,9/8/2026,13:35,20:05,8199,7808.57,390.43,INR,9/1/2026 6:25,Cleartrip
DEL,HYD,IndiGo,6E-354,1 stop,10/1/2026,19:00,0:35,8199,7808.57,390.43,INR,9/1/2026 6:25,Cleartrip
DEL,HYD,IndiGo,6E-5036,1 stop,10/1/2026,8:00,13:55,8199,7808.57,390.43,INR,9/1/2026 6:25,Cleartrip
DEL,HYD,IndiGo,6E-449,1 stop,9/8/2026,5:00,11:40,8199,7808.57,390.43,INR,9/1/2026 6:25,Cleartrip
DEL,HYD,IndiGo,6E-2769,1 stop,10/1/2026,8:10,13:10,8199,7808.57,390.43,INR,9/1/2026 6:25,Cleartrip
GOI,DEL,Air India Express,IX-1209,1 stop,9/16/2026,22:35,11:10,8209,7818.1,390.9,INR,9/1/2026 6:48,Cleartrip
GOI,DEL,Air India Express,IX-2368,1 stop,10/1/2026,9:10,17:00,8209,7818.1,390.9,INR,9/1/2026 6:48,Cleartrip
GOI,DEL,Air India Express,IX-1209,1 stop,9/8/2026,22:35,11:10,8209,7818.1,390.9,INR,9/1/2026 6:48,Cleartrip
DEL,GAU,IndiGo,6E-5041,Non-stop,10/1/2026,15:10,17:35,8220,7828.57,391.43,INR,9/1/2026 6:50,Cleartrip
DEL,GAU,Air India Express,IX-1085,Non-stop,9/8/2026,12:55,15:35,8220,7828.57,391.43,INR,9/1/2026 6:49,Cleartrip
DEL,GAU,IndiGo,6E-2203,Non-stop,10/1/2026,4:45,7:10,8220,7828.57,391.43,INR,9/1/2026 6:50,Cleartrip
DEL,GAU,Air India Express,IX-1671,Non-stop,9/8/2026,20:00,22:30,8220,7828.57,391.43,INR,9/1/2026 6:49,Cleartrip
DEL,GAU,Air India Express,IX-1032,Non-stop,9/2/2026,5:45,8:35,8220,7828.57,391.43,INR,9/1/2026 6:49,Cleartrip
DEL,GAU,IndiGo,6E-2203,Non-stop,9/8/2026,4:45,7:10,8220,7828.57,391.43,INR,9/1/2026 6:49,Cleartrip
DEL,GAU,IndiGo,6E-5215,Non-stop,9/8/2026,7:45,10:10,8220,7828.57,391.43,INR,9/1/2026 6:49,Cleartrip
DEL,GAU,Air India Express,IX-1041,Non-stop,9/8/2026,8:45,11:15,8220,7828.57,391.43,INR,9/1/2026 6:49,Cleartrip
DEL,GAU,IndiGo,6E-6048,Non-stop,9/8/2026,20:00,22:25,8220,7828.57,391.43,INR,9/1/2026 6:49,Cleartrip
DEL,GAU,Air India Express,IX-1041,Non-stop,9/2/2026,18:10,20:40,8220,7828.57,391.43,INR,9/1/2026 6:49,Cleartrip
DEL,GAU,Air India Express,IX-1069,Non-stop,9/8/2026,10:40,13:25,8220,7828.57,391.43,INR,9/1/2026 6:49,Cleartrip
DEL,GAU,IndiGo,6E-2203,Non-stop,9/2/2026,4:45,7:10,8220,7828.57,391.43,INR,9/1/2026 6:49,Cleartrip
DEL,GAU,Air India Express,IX-1671,Non-stop,9/16/2026,20:00,22:30,8220,7828.57,391.43,INR,9/1/2026 6:50,Cleartrip
DEL,GAU,IndiGo,6E-6048,Non-stop,9/2/2026,20:00,22:25,8220,7828.57,391.43,INR,9/1/2026 6:49,Cleartrip
DEL,GAU,Air India Express,IX-1032,Non-stop,9/16/2026,5:45,8:35,8220,7828.57,391.43,INR,9/1/2026 6:50,Cleartrip
DEL,GAU,IndiGo,6E-5041,Non-stop,9/16/2026,15:10,17:35,8220,7828.57,391.43,INR,9/1/2026 6:50,Cleartrip
DEL,GAU,IndiGo,6E-6048,Non-stop,9/16/2026,20:00,22:25,8220,7828.57,391.43,INR,9/1/2026 6:50,Cleartrip
DEL,GAU,IndiGo,6E-2203,Non-stop,9/16/2026,4:45,7:10,8220,7828.57,391.43,INR,9/1/2026 6:50,Cleartrip
DEL,GAU,Air India Express,IX-1041,Non-stop,9/16/2026,18:10,20:40,8220,7828.57,391.43,INR,9/1/2026 6:50,Cleartrip
DEL,GAU,IndiGo,6E-5041,Non-stop,9/8/2026,15:10,17:35,8220,7828.57,391.43,INR,9/1/2026 6:49,Cleartrip
DEL,GAU,Air India Express,IX-1032,Non-stop,9/8/2026,5:45,8:35,8220,7828.57,391.43,INR,9/1/2026 6:49,Cleartrip
DEL,GAU,IndiGo,6E-6048,Non-stop,10/1/2026,20:00,22:25,8220,7828.57,391.43,INR,9/1/2026 6:50,Cleartrip
DEL,GAU,Air India Express,IX-1041,Non-stop,10/1/2026,18:15,20:45,8220,7828.57,391.43,INR,9/1/2026 6:50,Cleartrip
DEL,GAU,IndiGo,6E-2316,Non-stop,10/1/2026,17:30,19:55,8220,7828.57,391.43,INR,9/1/2026 6:50,Cleartrip
DEL,GAU,IndiGo,6E-5215,Non-stop,9/2/2026,7:45,10:10,8220,7828.57,391.43,INR,9/1/2026 6:49,Cleartrip
DEL,GAU,Air India Express,IX-1671,Non-stop,9/2/2026,20:00,22:30,8220,7828.57,391.43,INR,9/1/2026 6:49,Cleartrip
CCU,BOM,Air India Express,IX-1248,1 stop,9/16/2026,7:45,21:55,8225,7833.33,391.67,INR,9/1/2026 6:40,Cleartrip
CCU,BOM,Air India Express,IX-1248,1 stop,9/2/2026,7:45,21:55,8225,7833.33,391.67,INR,9/1/2026 6:40,Cleartrip
DEL,GAU,Akasa Air,QP-1119,1 stop,9/8/2026,8:40,16:55,8233,7840.95,392.05,INR,9/1/2026 6:49,Cleartrip
DEL,GAU,Akasa Air,QP-1112,1 stop,9/8/2026,9:20,16:55,8233,7840.95,392.05,INR,9/1/2026 6:49,Cleartrip
HYD,BOM,IndiGo,6E-6196,Non-stop,9/2/2026,6:30,7:55,8235,7842.86,392.14,INR,9/1/2026 6:33,Cleartrip
BLR,DEL,IndiGo,6E-855,1 stop,9/8/2026,19:45,2:05,8249,7856.19,392.81,INR,9/1/2026 6:21,Cleartrip
BLR,DEL,IndiGo,6E-312,1 stop,9/8/2026,9:15,15:25,8249,7856.19,392.81,INR,9/1/2026 6:21,Cleartrip
BLR,DEL,IndiGo,6E-638,1 stop,9/8/2026,18:35,23:25,8249,7856.19,392.81,INR,9/1/2026 6:21,Cleartrip
BLR,DEL,IndiGo,6E-6178,1 stop,9/8/2026,6:25,12:30,8249,7856.19,392.81,INR,9/1/2026 6:21,Cleartrip
BLR,DEL,IndiGo,6E-6784,1 stop,9/8/2026,21:30,2:05,8249,7856.19,392.81,INR,9/1/2026 6:21,Cleartrip
MAA,BOM,IndiGo,6E-2133,Non-stop,9/16/2026,21:55,23:40,8253,7860,393,INR,9/1/2026 6:42,Cleartrip
GOI,DEL,Air India Express,IX-1818,Non-stop,9/8/2026,22:35,1:20,8253,7860,393,INR,9/1/2026 6:48,Cleartrip
AMD,DEL,Air India,AI-532,Non-stop,9/2/2026,21:30,23:40,8253,7860,393,INR,9/1/2026 6:30,Cleartrip
GOI,DEL,IndiGo,6E-6943,1 stop,9/8/2026,23:20,4:00,8259,7865.71,393.29,INR,9/1/2026 6:48,Cleartrip
DEL,SXR,IndiGo,6E-6474,1 stop,10/16/2026,7:20,10:35,8266,7872.38,393.62,INR,9/1/2026 6:38,Cleartrip
DEL,HYD,IndiGo,6E-810,1 stop,10/16/2026,7:05,12:50,8277,7882.86,394.14,INR,9/1/2026 6:26,Cleartrip
DEL,HYD,IndiGo,6E-6054,1 stop,10/16/2026,1:05,7:20,8277,7882.86,394.14,INR,9/1/2026 6:26,Cleartrip
DEL,HYD,IndiGo,6E-850,1 stop,10/1/2026,12:15,17:45,8277,7882.86,394.14,INR,9/1/2026 6:25,Cleartrip
DEL,HYD,IndiGo,6E-880,1 stop,10/1/2026,15:45,21:00,8277,7882.86,394.14,INR,9/1/2026 6:25,Cleartrip
DEL,HYD,IndiGo,6E-837,1 stop,10/1/2026,17:00,22:40,8277,7882.86,394.14,INR,9/1/2026 6:25,Cleartrip
DEL,HYD,IndiGo,6E-828,1 stop,10/1/2026,14:30,19:45,8277,7882.86,394.14,INR,9/1/2026 6:25,Cleartrip
DEL,HYD,IndiGo,6E-850,1 stop,10/16/2026,12:15,17:45,8277,7882.86,394.14,INR,9/1/2026 6:26,Cleartrip
BLR,DEL,IndiGo,6E-6558,1 stop,9/2/2026,9:05,16:10,8314,7918.1,395.9,INR,9/1/2026 6:21,Cleartrip
BLR,DEL,Air India Express,IX-2542,Non-stop,10/1/2026,6:40,9:25,8364,7965.71,398.29,INR,9/1/2026 6:22,Cleartrip
BLR,DEL,IndiGo,6E-870,Non-stop,10/1/2026,19:30,22:15,8364,7965.71,398.29,INR,9/1/2026 6:22,Cleartrip
BLR,DEL,IndiGo,6E-839,Non-stop,10/1/2026,1:00,3:50,8364,7965.71,398.29,INR,9/1/2026 6:22,Cleartrip
BLR,DEL,IndiGo,6E-804,Non-stop,10/1/2026,3:00,5:50,8364,7965.71,398.29,INR,9/1/2026 6:22,Cleartrip
BLR,DEL,Akasa Air,QP-1359,Non-stop,10/1/2026,5:00,7:50,8364,7965.71,398.29,INR,9/1/2026 6:22,Cleartrip
BLR,DEL,IndiGo,6E-849,Non-stop,10/1/2026,8:15,11:05,8364,7965.71,398.29,INR,9/1/2026 6:22,Cleartrip
BLR,DEL,IndiGo,6E-844,Non-stop,10/1/2026,7:00,9:50,8364,7965.71,398.29,INR,9/1/2026 6:22,Cleartrip
BLR,DEL,Akasa Air,QP-1823,Non-stop,10/1/2026,6:05,8:50,8364,7965.71,398.29,INR,9/1/2026 6:22,Cleartrip
BLR,DEL,IndiGo,6E-2518,Non-stop,10/1/2026,9:20,12:10,8364,7965.71,398.29,INR,9/1/2026 6:22,Cleartrip
BLR,DEL,IndiGo,6E-836,Non-stop,10/1/2026,5:05,7:55,8364,7965.71,398.29,INR,9/1/2026 6:22,Cleartrip
BLR,DEL,IndiGo,6.00E-175,Non-stop,9/2/2026,10:45,13:35,8364,7965.71,398.29,INR,9/1/2026 6:21,Cleartrip
BLR,DEL,IndiGo,6E-2455,Non-stop,9/2/2026,6:25,8:45,8364,7965.71,398.29,INR,9/1/2026 6:21,Cleartrip
BLR,DEL,IndiGo,6E-804,Non-stop,9/2/2026,3:00,5:50,8364,7965.71,398.29,INR,9/1/2026 6:21,Cleartrip
BLR,DEL,IndiGo,6E-809,Non-stop,9/2/2026,12:00,14:50,8364,7965.71,398.29,INR,9/1/2026 6:21,Cleartrip
BLR,DEL,IndiGo,6E-2455,Non-stop,10/1/2026,6:15,8:50,8364,7965.71,398.29,INR,9/1/2026 6:22,Cleartrip
BLR,DEL,IndiGo,6E-2455,Non-stop,9/8/2026,6:25,8:45,8364,7965.71,398.29,INR,9/1/2026 6:21,Cleartrip
BLR,DEL,IndiGo,6E-2518,Non-stop,9/2/2026,9:20,12:10,8364,7965.71,398.29,INR,9/1/2026 6:21,Cleartrip
BLR,DEL,IndiGo,6E-804,Non-stop,9/8/2026,3:00,5:50,8364,7965.71,398.29,INR,9/1/2026 6:21,Cleartrip
BLR,DEL,IndiGo,6E-2518,Non-stop,9/16/2026,9:20,12:10,8364,7965.71,398.29,INR,9/1/2026 6:22,Cleartrip
BLR,DEL,IndiGo,6E-849,Non-stop,9/8/2026,8:15,11:05,8364,7965.71,398.29,INR,9/1/2026 6:21,Cleartrip
BLR,DEL,IndiGo,6E-836,Non-stop,9/8/2026,5:05,7:55,8364,7965.71,398.29,INR,9/1/2026 6:21,Cleartrip
BLR,DEL,IndiGo,6E-836,Non-stop,9/2/2026,5:05,7:55,8364,7965.71,398.29,INR,9/1/2026 6:21,Cleartrip
BLR,DEL,IndiGo,6E-840,Non-stop,9/2/2026,13:55,16:45,8364,7965.71,398.29,INR,9/1/2026 6:21,Cleartrip
BLR,DEL,IndiGo,6E-860,Non-stop,9/2/2026,15:45,18:35,8364,7965.71,398.29,INR,9/1/2026 6:21,Cleartrip
MAA,BOM,IndiGo,6E-5367,Non-stop,9/16/2026,18:15,20:15,8407,8006.67,400.33,INR,9/1/2026 6:42,Cleartrip
DEL,GAU,IndiGo,6E-5215,Non-stop,9/16/2026,7:45,10:10,8420,8019.05,400.95,INR,9/1/2026 6:50,Cleartrip
DEL,GAU,IndiGo,6E-5041,Non-stop,9/2/2026,15:10,17:35,8420,8019.05,400.95,INR,9/1/2026 6:49,Cleartrip
DEL,GAU,Air India Express,IX-1085,Non-stop,10/1/2026,12:55,15:35,8420,8019.05,400.95,INR,9/1/2026 6:50,Cleartrip
DEL,GAU,Air India Express,IX-1671,Non-stop,10/1/2026,19:55,22:30,8420,8019.05,400.95,INR,9/1/2026 6:50,Cleartrip
CCU,BOM,Air India Express,IX-1543,1 stop,9/8/2026,15:15,4:35,8435,8033.33,401.67,INR,9/1/2026 6:40,Cleartrip
DEL,SXR,IndiGo,6E-5120,Non-stop,10/16/2026,8:25,9:45,8473,8069.52,403.48,INR,9/1/2026 6:38,Cleartrip
DEL,SXR,Air India,AI-2553,Non-stop,10/16/2026,7:35,9:10,8473,8069.52,403.48,INR,9/1/2026 6:38,Cleartrip
DEL,HYD,IndiGo,6E-6433,1 stop,10/16/2026,16:30,21:45,8484,8080,404,INR,9/1/2026 6:26,Cleartrip
CCU,BOM,IndiGo,6.00E-139,1 stop,9/8/2026,9:25,18:40,8534,8127.62,406.38,INR,9/1/2026 6:40,Cleartrip
CCU,BOM,Akasa Air,QP-1136,Non-stop,9/2/2026,5:10,7:45,8541,8134.29,406.71,INR,9/1/2026 6:40,Cleartrip
CCU,BOM,Akasa Air,QP-1184,Non-stop,10/1/2026,20:50,23:50,8541,8134.29,406.71,INR,9/1/2026 6:41,Cleartrip
CCU,BOM,Akasa Air,QP-1251,Non-stop,10/1/2026,6:00,8:45,8541,8134.29,406.71,INR,9/1/2026 6:41,Cleartrip
AMD,DEL,IndiGo,6E-932,Non-stop,9/2/2026,21:50,23:30,8570,8161.9,408.1,INR,9/1/2026 6:30,Cleartrip
MAA,DEL,Air India Express,IX-1354,1 stop,9/16/2026,14:40,22:10,8581,8172.38,408.62,INR,9/1/2026 6:32,Cleartrip
GOI,DEL,Air India Express,IX-1214,1 stop,10/1/2026,14:15,19:05,8606,8196.19,409.81,INR,9/1/2026 6:48,Cleartrip
DEL,GAU,Air India Express,IX-1085,Non-stop,9/16/2026,12:55,15:35,8610,8200,410,INR,9/1/2026 6:50,Cleartrip
DEL,SXR,Air India Express,IX-1074,1 stop,10/16/2026,11:00,13:45,8610,8200,410,INR,9/1/2026 6:38,Cleartrip
CCU,BOM,IndiGo,6E-417,1 stop,9/2/2026,17:05,0:10,8621,8210.48,410.52,INR,9/1/2026 6:40,Cleartrip
GOI,DEL,Akasa Air,QP-1816,Non-stop,10/16/2026,18:35,21:15,8629,8218.1,410.9,INR,9/1/2026 6:49,Cleartrip
CCU,BOM,Akasa Air,QP-2028,Non-stop,10/1/2026,8:30,11:15,8633,8221.9,411.1,INR,9/1/2026 6:41,Cleartrip
DEL,GAU,Air India,AI-879,Non-stop,9/16/2026,6:40,9:15,8670,8257.14,412.86,INR,9/1/2026 6:50,Cleartrip
DEL,GAU,Air India,AI-879,Non-stop,9/2/2026,6:40,9:15,8670,8257.14,412.86,INR,9/1/2026 6:49,Cleartrip
DEL,GAU,Air India,AI-1755,Non-stop,9/16/2026,14:30,17:00,8670,8257.14,412.86,INR,9/1/2026 6:50,Cleartrip
DEL,GAU,Air India,AI-1755,Non-stop,9/2/2026,14:30,17:00,8670,8257.14,412.86,INR,9/1/2026 6:49,Cleartrip
MAA,BOM,IndiGo,6E-6892,1 stop,9/2/2026,10:55,14:50,8680,8266.67,413.33,INR,9/1/2026 6:41,Cleartrip
CCU,BOM,Akasa Air,QP-1136,Non-stop,9/8/2026,5:10,7:45,8691,8277.14,413.86,INR,9/1/2026 6:40,Cleartrip
CCU,BOM,IndiGo,6E-6528,1 stop,9/8/2026,17:00,22:35,8744,8327.62,416.38,INR,9/1/2026 6:40,Cleartrip
CCU,BOM,IndiGo,6E-334,1 stop,9/2/2026,10:55,18:10,8744,8327.62,416.38,INR,9/1/2026 6:40,Cleartrip
GOI,DEL,IndiGo,6E-6264,Non-stop,10/1/2026,15:20,18:00,8745,8328.57,416.43,INR,9/1/2026 6:48,Cleartrip
GOI,DEL,IndiGo,6E-6264,Non-stop,10/16/2026,15:20,18:00,8745,8328.57,416.43,INR,9/1/2026 6:49,Cleartrip
MAA,BOM,IndiGo,6E-796,1 stop,9/2/2026,22:00,2:50,8761,8343.81,417.19,INR,9/1/2026 6:41,Cleartrip
GOI,DEL,IndiGo,6E-2708,Non-stop,10/1/2026,15:30,18:05,8779,8360.95,418.05,INR,9/1/2026 6:48,Cleartrip
MAA,DEL,Air India Express,IX-2971,1 stop,10/1/2026,10:45,20:25,8791,8372.38,418.62,INR,9/1/2026 6:32,Cleartrip
MAA,DEL,Air India Express,IX-1385,1 stop,10/1/2026,8:55,20:25,8791,8372.38,418.62,INR,9/1/2026 6:32,Cleartrip
MAA,DEL,Air India Express,IX-2975,1 stop,10/1/2026,6:30,20:25,8791,8372.38,418.62,INR,9/1/2026 6:32,Cleartrip
MAA,DEL,Air India Express,IX-2662,1 stop,10/1/2026,21:25,4:10,8791,8372.38,418.62,INR,9/1/2026 6:32,Cleartrip
MAA,DEL,Air India Express,IX-2507,1 stop,10/1/2026,16:30,4:10,8791,8372.38,418.62,INR,9/1/2026 6:32,Cleartrip
MAA,DEL,Air India Express,IX-2786,1 stop,10/1/2026,7:25,20:25,8791,8372.38,418.62,INR,9/1/2026 6:32,Cleartrip
MAA,DEL,Air India Express,IX-2661,1 stop,10/16/2026,22:05,10:20,8791,8372.38,418.62,INR,9/1/2026 6:33,Cleartrip
BLR,DEL,Akasa Air,QP-1821,Non-stop,9/16/2026,13:10,16:00,8791,8372.38,418.62,INR,9/1/2026 6:22,Cleartrip
BLR,DEL,Akasa Air,QP-1811,Non-stop,9/16/2026,4:10,7:00,8791,8372.38,418.62,INR,9/1/2026 6:22,Cleartrip
BLR,DEL,Air India Express,IX-1040,Non-stop,9/16/2026,14:40,17:30,8819,8399.05,419.95,INR,9/1/2026 6:22,Cleartrip
BLR,DEL,IndiGo,6E-860,Non-stop,9/16/2026,15:45,18:35,8820,8400,420,INR,9/1/2026 6:22,Cleartrip
BLR,DEL,IndiGo,6E-6039,Non-stop,9/16/2026,17:00,19:50,8820,8400,420,INR,9/1/2026 6:22,Cleartrip
BLR,DEL,IndiGo,6E-870,Non-stop,9/16/2026,19:30,22:15,8820,8400,420,INR,9/1/2026 6:22,Cleartrip
BLR,DEL,IndiGo,6E-869,Non-stop,9/16/2026,13:10,16:05,8820,8400,420,INR,9/1/2026 6:22,Cleartrip
BLR,DEL,IndiGo,6E-2313,Non-stop,9/16/2026,23:30,2:20,8820,8400,420,INR,9/1/2026 6:22,Cleartrip
BLR,DEL,IndiGo,6E-6034,Non-stop,9/16/2026,18:15,21:05,8820,8400,420,INR,9/1/2026 6:22,Cleartrip
CCU,BOM,IndiGo,6.00E-139,1 stop,10/16/2026,9:25,18:40,8826,8405.71,420.29,INR,9/1/2026 6:41,Cleartrip
CCU,BOM,IndiGo,6.00E-139,1 stop,10/1/2026,9:25,18:40,8826,8405.71,420.29,INR,9/1/2026 6:41,Cleartrip
CCU,BOM,Air India Express,IX-1371,1 stop,10/1/2026,18:50,7:45,8831,8410.48,420.52,INR,9/1/2026 6:41,Cleartrip
CCU,BOM,IndiGo,6E-6513,1 stop,9/2/2026,8:40,15:55,8831,8410.48,420.52,INR,9/1/2026 6:40,Cleartrip
CCU,BOM,IndiGo,6E-798,1 stop,9/8/2026,18:55,23:45,8831,8410.48,420.52,INR,9/1/2026 6:40,Cleartrip
CCU,BOM,IndiGo,6E-6623,1 stop,9/8/2026,5:20,10:55,8831,8410.48,420.52,INR,9/1/2026 6:40,Cleartrip
CCU,BOM,IndiGo,6E-798,1 stop,9/2/2026,18:55,23:45,8831,8410.48,420.52,INR,9/1/2026 6:40,Cleartrip
CCU,BOM,IndiGo,6E-6139,1 stop,9/8/2026,7:10,14:00,8831,8410.48,420.52,INR,9/1/2026 6:40,Cleartrip
CCU,BOM,Air India Express,IX-1496,1 stop,10/1/2026,11:15,20:25,8831,8410.48,420.52,INR,9/1/2026 6:41,Cleartrip
CCU,BOM,IndiGo,6E-6623,1 stop,9/2/2026,5:20,10:55,8831,8410.48,420.52,INR,9/1/2026 6:40,Cleartrip
BLR,DEL,Air India,AI-2758,Non-stop,9/16/2026,0:15,3:10,8835,8414.29,420.71,INR,9/1/2026 6:22,Cleartrip
CCU,BOM,Akasa Air,QP-1253,Non-stop,10/1/2026,17:05,20:00,8841,8420,421,INR,9/1/2026 6:41,Cleartrip
GOI,DEL,Air India Express,IX-1582,Non-stop,10/1/2026,7:55,10:40,8848,8426.67,421.33,INR,9/1/2026 6:48,Cleartrip
GOI,DEL,Air India Express,IX-1340,Non-stop,10/16/2026,15:00,17:45,8848,8426.67,421.33,INR,9/1/2026 6:49,Cleartrip
GOI,DEL,Air India Express,IX-1582,Non-stop,10/16/2026,7:55,10:40,8848,8426.67,421.33,INR,9/1/2026 6:49,Cleartrip
CCU,BOM,IndiGo,6E-2122,Non-stop,9/2/2026,7:40,10:15,8855,8433.33,421.67,INR,9/1/2026 6:40,Cleartrip
CCU,BOM,IndiGo,6E-2122,Non-stop,9/8/2026,7:40,10:15,8855,8433.33,421.67,INR,9/1/2026 6:40,Cleartrip
CCU,BOM,IndiGo,6E-2122,Non-stop,9/16/2026,7:40,10:15,8855,8433.33,421.67,INR,9/1/2026 6:40,Cleartrip
DEL,GAU,Air India Express,IX-1085,Non-stop,9/2/2026,12:55,15:35,8910,8485.71,424.29,INR,9/1/2026 6:49,Cleartrip
CCU,BOM,IndiGo,6E-318,1 stop,9/8/2026,13:30,18:25,8910,8485.71,424.29,INR,9/1/2026 6:40,Cleartrip
GOI,DEL,Akasa Air,QP-1818,Non-stop,10/16/2026,14:20,17:05,8915,8490.48,424.52,INR,9/1/2026 6:49,Cleartrip
DEL,GAU,IndiGo,6E-5041,Non-stop,10/16/2026,15:10,17:35,8920,8495.24,424.76,INR,9/1/2026 6:50,Cleartrip
CCU,BOM,IndiGo,6E-7215,1 stop,10/1/2026,18:00,0:10,8928,8502.86,425.14,INR,9/1/2026 6:41,Cleartrip
CCU,BOM,IndiGo,6E-417,1 stop,9/16/2026,17:05,0:10,8928,8502.86,425.14,INR,9/1/2026 6:40,Cleartrip
AMD,DEL,Air India,AI-424,Non-stop,9/2/2026,15:05,16:35,8936,8510.48,425.52,INR,9/1/2026 6:30,Cleartrip
CCU,BOM,IndiGo,6.00E-115,Non-stop,9/16/2026,21:40,0:25,8955,8528.57,426.43,INR,9/1/2026 6:40,Cleartrip
CCU,BOM,IndiGo,6E-5194,Non-stop,9/2/2026,6:25,9:15,8955,8528.57,426.43,INR,9/1/2026 6:40,Cleartrip
CCU,BOM,IndiGo,6E-5288,Non-stop,9/16/2026,11:35,14:35,8955,8528.57,426.43,INR,9/1/2026 6:40,Cleartrip
MAA,BOM,IndiGo,6E-6815,1 stop,9/2/2026,8:55,13:20,8996,8567.62,428.38,INR,9/1/2026 6:41,Cleartrip
CCU,BOM,Akasa Air,QP-1136,Non-stop,9/16/2026,5:10,7:45,8997,8568.57,428.43,INR,9/1/2026 6:40,Cleartrip
CCU,BOM,Akasa Air,QP-1126,Non-stop,9/2/2026,23:00,1:40,8997,8568.57,428.43,INR,9/1/2026 6:40,Cleartrip
CCU,BOM,IndiGo,6E-895,1 stop,9/16/2026,18:05,0:45,9007,8578.1,428.9,INR,9/1/2026 6:40,Cleartrip
CCU,BOM,IndiGo,6E-6528,1 stop,9/16/2026,17:00,22:35,9036,8605.71,430.29,INR,9/1/2026 6:40,Cleartrip
CCU,BOM,IndiGo,6E-334,1 stop,9/16/2026,10:55,18:10,9036,8605.71,430.29,INR,9/1/2026 6:40,Cleartrip
CCU,BOM,IndiGo,6E-6908,1 stop,9/16/2026,15:00,22:35,9036,8605.71,430.29,INR,9/1/2026 6:40,Cleartrip
MAA,BOM,IndiGo,6E-6209,1 stop,9/2/2026,14:35,19:05,9060,8628.57,431.43,INR,9/1/2026 6:41,Cleartrip
CCU,BOM,IndiGo,6E-2256,1 stop,10/16/2026,19:20,1:00,9138,8702.86,435.14,INR,9/1/2026 6:41,Cleartrip
MAA,BOM,Akasa Air,QP-1146,Non-stop,9/2/2026,13:35,15:40,9156,8720,436,INR,9/1/2026 6:41,Cleartrip
MAA,BOM,IndiGo,6E-2133,Non-stop,9/2/2026,21:55,23:40,9247,8806.67,440.33,INR,9/1/2026 6:41,Cleartrip
MAA,BOM,IndiGo,6E-2133,Non-stop,9/8/2026,21:55,23:40,9247,8806.67,440.33,INR,9/1/2026 6:42,Cleartrip
DEL,PNQ,IndiGo,6E-2623,Non-stop,10/16/2026,18:15,20:20,9288,8845.71,442.29,INR,9/1/2026 6:28,Cleartrip
DEL,PNQ,IndiGo,6E-2262,Non-stop,10/16/2026,6:10,8:10,9288,8845.71,442.29,INR,9/1/2026 6:28,Cleartrip
DEL,PNQ,IndiGo,6E-5322,Non-stop,10/16/2026,4:40,6:45,9288,8845.71,442.29,INR,9/1/2026 6:28,Cleartrip
DEL,PNQ,IndiGo,6E-2618,Non-stop,10/16/2026,23:00,1:05,9288,8845.71,442.29,INR,9/1/2026 6:28,Cleartrip
DEL,PNQ,IndiGo,6E-2487,Non-stop,10/16/2026,11:50,14:05,9288,8845.71,442.29,INR,9/1/2026 6:28,Cleartrip
DEL,PNQ,Air India Express,IX-1257,Non-stop,10/16/2026,22:25,0:40,9288,8845.71,442.29,INR,9/1/2026 6:28,Cleartrip
DEL,PNQ,IndiGo,6E-2132,Non-stop,10/16/2026,9:40,11:45,9288,8845.71,442.29,INR,9/1/2026 6:28,Cleartrip
DEL,PNQ,IndiGo,6E-2343,Non-stop,10/16/2026,2:20,4:25,9288,8845.71,442.29,INR,9/1/2026 6:28,Cleartrip
DEL,PNQ,IndiGo,6E-6437,Non-stop,10/16/2026,16:25,18:30,9288,8845.71,442.29,INR,9/1/2026 6:28,Cleartrip
AMD,DEL,Air India,AI-882,Non-stop,9/2/2026,15:55,17:45,9302,8859.05,442.95,INR,9/1/2026 6:30,Cleartrip
DEL,GAU,IndiGo,6E-2316,Non-stop,10/16/2026,17:30,19:55,9320,8876.19,443.81,INR,9/1/2026 6:50,Cleartrip
DEL,GAU,IndiGo,6E-5215,Non-stop,10/16/2026,7:40,10:10,9320,8876.19,443.81,INR,9/1/2026 6:50,Cleartrip
MAA,BOM,IndiGo,6E-6081,1 stop,9/2/2026,7:05,12:05,9327,8882.86,444.14,INR,9/1/2026 6:41,Cleartrip
CCU,BOM,IndiGo,6.00E-235,1 stop,10/16/2026,11:45,17:45,9348,8902.86,445.14,INR,9/1/2026 6:41,Cleartrip
MAA,BOM,IndiGo,6E-588,1 stop,9/2/2026,17:40,23:00,9387,8940,447,INR,9/1/2026 6:41,Cleartrip
MAA,BOM,IndiGo,6E-939,1 stop,9/2/2026,13:00,19:15,9397,8949.52,447.48,INR,9/1/2026 6:41,Cleartrip
MAA,BOM,IndiGo,6E-948,1 stop,9/2/2026,14:30,21:25,9397,8949.52,447.48,INR,9/1/2026 6:41,Cleartrip
MAA,BOM,IndiGo,6E-6002,1 stop,9/2/2026,11:10,17:45,9397,8949.52,447.48,INR,9/1/2026 6:41,Cleartrip
MAA,BOM,IndiGo,6E-5371,Non-stop,9/2/2026,14:45,16:40,9400,8952.38,447.62,INR,9/1/2026 6:41,Cleartrip
MAA,BOM,IndiGo,6E-5258,Non-stop,9/8/2026,12:45,14:45,9400,8952.38,447.62,INR,9/1/2026 6:42,Cleartrip
MAA,BOM,IndiGo,6E-6140,Non-stop,9/2/2026,2:30,4:45,9400,8952.38,447.62,INR,9/1/2026 6:41,Cleartrip
DEL,GAU,Air India,AI-1755,Non-stop,10/1/2026,14:30,17:00,9449,8999.05,449.95,INR,9/1/2026 6:50,Cleartrip
DEL,PNQ,Akasa Air,QP-1809,Non-stop,10/16/2026,18:10,20:25,9462,9011.43,450.57,INR,9/1/2026 6:28,Cleartrip
MAA,DEL,Air India Express,IX-1354,1 stop,10/1/2026,14:40,0:10,9476,9024.76,451.24,INR,9/1/2026 6:32,Cleartrip
MAA,DEL,IndiGo,6E-6797,1 stop,10/1/2026,13:10,18:45,9568,9112.38,455.62,INR,9/1/2026 6:32,Cleartrip
MAA,DEL,IndiGo,6.00E-193,1 stop,9/8/2026,20:00,2:05,9619,9160.95,458.05,INR,9/1/2026 6:32,Cleartrip
MAA,DEL,IndiGo,6E-372,1 stop,9/8/2026,9:55,15:25,9619,9160.95,458.05,INR,9/1/2026 6:32,Cleartrip
MAA,DEL,IndiGo,6E-848,1 stop,9/8/2026,17:50,23:30,9619,9160.95,458.05,INR,9/1/2026 6:32,Cleartrip
MAA,DEL,IndiGo,6E-495,1 stop,9/8/2026,7:10,12:30,9619,9160.95,458.05,INR,9/1/2026 6:32,Cleartrip
MAA,DEL,IndiGo,6.00E-253,1 stop,9/8/2026,3:10,9:40,9619,9160.95,458.05,INR,9/1/2026 6:32,Cleartrip
MAA,DEL,IndiGo,6E-539,1 stop,9/8/2026,11:25,17:40,9619,9160.95,458.05,INR,9/1/2026 6:32,Cleartrip
MAA,DEL,IndiGo,6.00E-183,1 stop,9/8/2026,16:35,23:15,9619,9160.95,458.05,INR,9/1/2026 6:32,Cleartrip
MAA,DEL,IndiGo,6E-991,1 stop,9/8/2026,9:30,14:55,9619,9160.95,458.05,INR,9/1/2026 6:32,Cleartrip
MAA,DEL,IndiGo,6E-561,1 stop,9/8/2026,22:20,4:00,9619,9160.95,458.05,INR,9/1/2026 6:32,Cleartrip
MAA,DEL,IndiGo,6E-607,1 stop,9/8/2026,5:40,11:05,9619,9160.95,458.05,INR,9/1/2026 6:32,Cleartrip
MAA,DEL,IndiGo,6E-7084,1 stop,10/1/2026,7:35,12:50,9647,9187.62,459.38,INR,9/1/2026 6:32,Cleartrip
DEL,GAU,Air India,AI-879,Non-stop,10/16/2026,6:40,9:15,9770,9304.76,465.24,INR,9/1/2026 6:50,Cleartrip
MAA,DEL,IndiGo,6E-495,1 stop,10/16/2026,7:10,12:30,9778,9312.38,465.62,INR,9/1/2026 6:33,Cleartrip
MAA,DEL,IndiGo,6.00E-244,1 stop,10/16/2026,3:55,9:15,9778,9312.38,465.62,INR,9/1/2026 6:33,Cleartrip
MAA,DEL,IndiGo,6E-834,1 stop,10/16/2026,9:05,13:55,9778,9312.38,465.62,INR,9/1/2026 6:33,Cleartrip
MAA,DEL,IndiGo,6E-6925,1 stop,10/1/2026,12:00,16:55,9778,9312.38,465.62,INR,9/1/2026 6:32,Cleartrip
MAA,DEL,IndiGo,6E-6158,1 stop,10/16/2026,16:10,21:40,9778,9312.38,465.62,INR,9/1/2026 6:33,Cleartrip
MAA,DEL,IndiGo,6E-372,1 stop,10/16/2026,9:55,15:25,9778,9312.38,465.62,INR,9/1/2026 6:33,Cleartrip
MAA,DEL,IndiGo,6E-561,1 stop,10/16/2026,22:20,4:00,9778,9312.38,465.62,INR,9/1/2026 6:33,Cleartrip
MAA,DEL,IndiGo,6E-562,1 stop,10/16/2026,18:20,23:25,9778,9312.38,465.62,INR,9/1/2026 6:33,Cleartrip
MAA,DEL,IndiGo,6E-6925,1 stop,10/16/2026,12:00,16:55,9778,9312.38,465.62,INR,9/1/2026 6:33,Cleartrip
MAA,DEL,IndiGo,6E-916,1 stop,10/16/2026,1:10,7:15,9778,9312.38,465.62,INR,9/1/2026 6:33,Cleartrip
MAA,DEL,IndiGo,6E-848,1 stop,10/16/2026,17:50,23:30,9778,9312.38,465.62,INR,9/1/2026 6:33,Cleartrip
MAA,DEL,IndiGo,6E-6081,1 stop,9/16/2026,7:05,12:10,9791,9324.76,466.24,INR,9/1/2026 6:32,Cleartrip
BLR,DEL,IndiGo,6E-6863,1 stop,10/16/2026,8:20,12:55,9829,9360.95,468.05,INR,9/1/2026 6:22,Cleartrip
BLR,DEL,IndiGo,6E-6003,1 stop,10/16/2026,15:35,20:30,9829,9360.95,468.05,INR,9/1/2026 6:22,Cleartrip
MAA,DEL,IndiGo,6E-515,1 stop,9/2/2026,12:30,22:50,9836,9367.62,468.38,INR,9/1/2026 6:31,Cleartrip
MAA,DEL,IndiGo,6E-948,Non-stop,9/2/2026,14:30,17:30,9879,9408.57,470.43,INR,9/1/2026 6:31,Cleartrip
MAA,DEL,IndiGo,6E-951,Non-stop,9/16/2026,21:50,0:35,9879,9408.57,470.43,INR,9/1/2026 6:32,Cleartrip
MAA,DEL,IndiGo,6E-939,Non-stop,9/2/2026,13:00,15:55,9879,9408.57,470.43,INR,9/1/2026 6:31,Cleartrip
MAA,DEL,IndiGo,6E-6002,Non-stop,9/2/2026,11:10,13:55,9879,9408.57,470.43,INR,9/1/2026 6:31,Cleartrip
MAA,DEL,IndiGo,6E-404,Non-stop,9/2/2026,9:15,12:10,9879,9408.57,470.43,INR,9/1/2026 6:31,Cleartrip
AMD,DEL,Air India,AI-2906,Non-stop,9/2/2026,6:25,8:15,9881,9410.48,470.52,INR,9/1/2026 6:30,Cleartrip
BLR,DEL,IndiGo,6E-6178,1 stop,10/16/2026,6:10,10:55,9908,9436.19,471.81,INR,9/1/2026 6:22,Cleartrip
BLR,DEL,IndiGo,6E-638,1 stop,10/16/2026,18:35,23:25,9908,9436.19,471.81,INR,9/1/2026 6:22,Cleartrip
BLR,DEL,IndiGo,6E-6404,1 stop,10/16/2026,11:35,16:55,9908,9436.19,471.81,INR,9/1/2026 6:22,Cleartrip
BLR,DEL,IndiGo,6E-484,1 stop,10/16/2026,8:15,13:55,9908,9436.19,471.81,INR,9/1/2026 6:22,Cleartrip
BLR,DEL,IndiGo,6E-312,1 stop,10/16/2026,9:15,13:55,9908,9436.19,471.81,INR,9/1/2026 6:22,Cleartrip
MAA,BOM,IndiGo,6E-5214,Non-stop,9/8/2026,11:00,13:00,9949,9475.24,473.76,INR,9/1/2026 6:42,Cleartrip
BLR,DEL,IndiGo,6E-6558,1 stop,10/16/2026,9:05,16:10,9973,9498.1,474.9,INR,9/1/2026 6:22,Cleartrip
BLR,DEL,Air India Express,IX-2873,1 stop,10/16/2026,4:00,10:00,10021,9543.81,477.19,INR,9/1/2026 6:22,Cleartrip
BLR,DEL,IndiGo,6E-6876,1 stop,10/16/2026,2:40,7:15,10039,9560.95,478.05,INR,9/1/2026 6:22,Cleartrip
AMD,DEL,IndiGo,6E-2209,Non-stop,9/2/2026,5:00,6:45,10250,9761.9,488.1,INR,9/1/2026 6:30,Cleartrip
MAA,DEL,IndiGo,6E-939,Non-stop,9/16/2026,13:00,15:55,10345,9852.38,492.62,INR,9/1/2026 6:32,Cleartrip
MAA,DEL,IndiGo,6E-948,Non-stop,9/16/2026,14:30,17:30,10345,9852.38,492.62,INR,9/1/2026 6:32,Cleartrip
MAA,DEL,Air India,AI-2838,Non-stop,9/16/2026,21:40,0:40,10350,9857.14,492.86,INR,9/1/2026 6:32,Cleartrip
DEL,GAU,IndiGo,6E-6048,Non-stop,10/16/2026,20:00,22:25,10370,9876.19,493.81,INR,9/1/2026 6:50,Cleartrip
MAA,DEL,IndiGo,6E-834,1 stop,9/2/2026,9:05,15:25,10376,9881.9,494.1,INR,9/1/2026 6:31,Cleartrip
MAA,DEL,IndiGo,6E-489,1 stop,9/2/2026,18:15,0:45,10376,9881.9,494.1,INR,9/1/2026 6:31,Cleartrip
MAA,DEL,IndiGo,6.00E-193,1 stop,9/2/2026,20:00,2:05,10376,9881.9,494.1,INR,9/1/2026 6:31,Cleartrip
MAA,DEL,IndiGo,6E-502,1 stop,9/2/2026,11:10,17:00,10376,9881.9,494.1,INR,9/1/2026 6:31,Cleartrip
MAA,DEL,IndiGo,6E-561,1 stop,9/2/2026,22:20,4:00,10376,9881.9,494.1,INR,9/1/2026 6:31,Cleartrip
MAA,DEL,IndiGo,6E-607,1 stop,9/2/2026,5:40,11:05,10376,9881.9,494.1,INR,9/1/2026 6:31,Cleartrip
DEL,CCU,IndiGo,6E-6053,1 stop,10/16/2026,13:05,17:30,10404,9908.57,495.43,INR,9/1/2026 6:29,Cleartrip
MAA,DEL,IndiGo,6E-6925,1 stop,9/16/2026,12:00,16:55,10535,10033.33,501.67,INR,9/1/2026 6:32,Cleartrip
MAA,DEL,IndiGo,6E-834,1 stop,9/16/2026,9:05,13:55,10535,10033.33,501.67,INR,9/1/2026 6:32,Cleartrip
MAA,DEL,IndiGo,6E-6487,1 stop,9/16/2026,21:25,2:05,10535,10033.33,501.67,INR,9/1/2026 6:32,Cleartrip
MAA,BOM,IndiGo,6E-5371,Non-stop,9/8/2026,14:45,16:40,10536,10034.29,501.71,INR,9/1/2026 6:42,Cleartrip
AMD,DEL,IndiGo,6E-7114,1 stop,9/2/2026,6:15,10:10,10586,10081.9,504.1,INR,9/1/2026 6:30,Cleartrip
DEL,CCU,IndiGo,6E-6371,1 stop,10/16/2026,6:20,13:30,10850,10333.33,516.67,INR,9/1/2026 6:29,Cleartrip
DEL,GAU,Air India Express,IX-1032,Non-stop,10/1/2026,5:45,8:35,11000,10476.19,523.81,INR,9/1/2026 6:50,Cleartrip
DEL,GAU,Air India Express,IX-1041,Non-stop,10/16/2026,18:15,20:45,11000,10476.19,523.81,INR,9/1/2026 6:50,Cleartrip
DEL,GAU,IndiGo,6E-2203,Non-stop,10/16/2026,4:45,7:10,11020,10495.24,524.76,INR,9/1/2026 6:50,Cleartrip
DEL,GAU,IndiGo,6E-5215,Non-stop,10/1/2026,7:40,10:10,11020,10495.24,524.76,INR,9/1/2026 6:50,Cleartrip
AMD,BOM,IndiGo,6E-5078,Non-stop,9/2/2026,10:55,12:20,11038,10512.38,525.62,INR,9/1/2026 6:43,Cleartrip
MAA,BOM,IndiGo,6E-5104,Non-stop,9/8/2026,16:40,18:40,11164,10632.38,531.62,INR,9/1/2026 6:42,Cleartrip
MAA,BOM,IndiGo,6E-6225,Non-stop,9/8/2026,22:30,0:30,11164,10632.38,531.62,INR,9/1/2026 6:42,Cleartrip
MAA,BOM,IndiGo,6E-6348,Non-stop,9/8/2026,9:00,10:50,11164,10632.38,531.62,INR,9/1/2026 6:42,Cleartrip
DEL,GAU,Air India,AI-879,Non-stop,10/1/2026,6:40,9:15,11245,10709.52,535.48,INR,9/1/2026 6:50,Cleartrip
CCU,BOM,IndiGo,6E-6623,1 stop,10/16/2026,5:20,10:55,11424,10880,544,INR,9/1/2026 6:41,Cleartrip
CCU,BOM,Air India Express,IX-1371,1 stop,10/16/2026,18:50,7:45,11431,10886.67,544.33,INR,9/1/2026 6:41,Cleartrip
CCU,BOM,Air India Express,IX-1543,1 stop,10/16/2026,15:15,22:40,11431,10886.67,544.33,INR,9/1/2026 6:41,Cleartrip
CCU,BOM,IndiGo,6.00E-292,1 stop,10/16/2026,16:05,23:00,11503,10955.24,547.76,INR,9/1/2026 6:41,Cleartrip
DEL,GAU,Air India,AI-1755,Non-stop,10/16/2026,14:30,17:00,11539,10989.52,549.48,INR,9/1/2026 6:50,Cleartrip
CCU,BOM,IndiGo,6E-771,1 stop,10/16/2026,6:30,13:20,11634,11080,554,INR,9/1/2026 6:41,Cleartrip
CCU,BOM,IndiGo,6E-6314,1 stop,10/16/2026,20:35,2:50,11634,11080,554,INR,9/1/2026 6:41,Cleartrip
CCU,BOM,IndiGo,6E-6438,1 stop,10/16/2026,4:50,10:15,11634,11080,554,INR,9/1/2026 6:41,Cleartrip
DEL,GAU,Air India Express,IX-1032,Non-stop,10/16/2026,5:45,8:35,11750,11190.48,559.52,INR,9/1/2026 6:50,Cleartrip
DEL,GAU,Air India Express,IX-1035,Non-stop,10/16/2026,7:30,10:00,11750,11190.48,559.52,INR,9/1/2026 6:50,Cleartrip
MAA,BOM,IndiGo,6E-5314,Non-stop,9/8/2026,6:45,8:45,11836,11272.38,563.62,INR,9/1/2026 6:42,Cleartrip
CCU,BOM,IndiGo,6E-334,1 stop,10/16/2026,10:55,18:10,12087,11511.43,575.57,INR,9/1/2026 6:41,Cleartrip
AMD,BOM,Akasa Air,QP-1194,Non-stop,9/2/2026,4:50,6:15,12143,11564.76,578.24,INR,9/1/2026 6:43,Cleartrip
DEL,CCU,IndiGo,6E-5298,1 stop,10/16/2026,9:00,15:15,12268,11683.81,584.19,INR,9/1/2026 6:29,Cleartrip
MAA,BOM,Air India,AI-2779,Non-stop,9/8/2026,7:00,9:10,12400,11809.52,590.48,INR,9/1/2026 6:42,Cleartrip
MAA,BOM,Air India,AI-2822,Non-stop,9/8/2026,9:35,11:55,12400,11809.52,590.48,INR,9/1/2026 6:42,Cleartrip
DEL,GAU,Air India Express,IX-1671,Non-stop,10/16/2026,19:55,22:30,12600,12000,600,INR,9/1/2026 6:50,Cleartrip
DEL,CCU,IndiGo,6E-5033,1 stop,10/16/2026,15:50,20:30,12828,12217.14,610.86,INR,9/1/2026 6:29,Cleartrip
DEL,CCU,IndiGo,6E-6246,1 stop,10/16/2026,5:25,10:20,13147,12520.95,626.05,INR,9/1/2026 6:29,Cleartrip
DEL,CCU,IndiGo,6E-734,1 stop,10/16/2026,16:20,22:55,13261,12629.52,631.48,INR,9/1/2026 6:29,Cleartrip
DEL,CCU,IndiGo,6E-6312,1 stop,10/16/2026,14:25,20:25,13261,12629.52,631.48,INR,9/1/2026 6:29,Cleartrip
DEL,CCU,IndiGo,6E-6459,1 stop,10/16/2026,5:55,13:25,13261,12629.52,631.48,INR,9/1/2026 6:29,Cleartrip
DEL,CCU,IndiGo,6E-6190,1 stop,10/16/2026,7:40,15:20,13316,12681.9,634.1,INR,9/1/2026 6:29,Cleartrip
AMD,BOM,Air India,AI-2546,1 stop,9/2/2026,23:00,8:05,13641,12991.43,649.57,INR,9/1/2026 6:43,Cleartrip
DEL,CCU,Akasa Air,QP-1801,Non-stop,10/16/2026,5:55,8:15,13664,13013.33,650.67,INR,9/1/2026 6:29,Cleartrip
DEL,CCU,IndiGo,6E-5119,1 stop,10/16/2026,5:10,12:00,13681,13029.52,651.48,INR,9/1/2026 6:29,Cleartrip
BLR,CCU,Air India Express,IX-2787,1 stop,10/16/2026,22:10,12:10,14978,14264.76,713.24,INR,9/1/2026 6:36,Cleartrip
AMD,DEL,Overland Airways,OF-101,"886

stop",9/8/2026,0:05,2:00,15750,15000,750,INR,9/1/2026 6:30,Cleartrip
AMD,DEL,Overland Airways,OF-108,"837

stop",10/1/2026,0:05,2:00,15780,15028.57,751.43,INR,9/1/2026 6:31,Cleartrip
AMD,BOM,Overland Airways,OF-166,"487

stop",10/1/2026,4:35,6:00,16114,15346.67,767.33,INR,9/1/2026 6:44,Cleartrip
BLR,CCU,IndiGo,6E-465,1 stop,10/16/2026,12:55,20:00,16180,15409.52,770.48,INR,9/1/2026 6:36,Cleartrip
BLR,CCU,Air India Express,IX-1526,2 stop,10/16/2026,10:05,21:45,16477,15692.38,784.62,INR,9/1/2026 6:36,Cleartrip
HYD,BOM,Overland Airways,OF-220,Non-stop,9/16/2026,5:00,6:25,16839,16037.14,801.86,INR,9/1/2026 6:34,Cleartrip
GOI,BOM,Overland Airways,OF-124,"057

stop",9/2/2026,20:55,22:15,17005,16195.24,809.76,INR,9/1/2026 6:51,Cleartrip
AMD,BOM,Overland Airways,OF-109,"299

stop",9/8/2026,4:50,6:15,17056,16243.81,812.19,INR,9/1/2026 6:43,Cleartrip
BLR,HYD,Overland Airways,OF-118,1 stop,10/1/2026,16:30,17:45,17110,16295.24,814.76,INR,9/1/2026 6:39,Cleartrip
BLR,CCU,Air India,AI-2402,1 stop,10/16/2026,6:35,16:55,17316,16491.43,824.57,INR,9/1/2026 6:36,Cleartrip
BLR,CCU,Air India,AI-2858,1 stop,10/16/2026,2:20,16:55,17316,16491.43,824.57,INR,9/1/2026 6:36,Cleartrip
AMD,DEL,Overland Airways,OF-100,"274

stop",9/16/2026,5:00,6:45,17339,16513.33,825.67,INR,9/1/2026 6:30,Cleartrip
BLR,CCU,IndiGo,6E-6653,1 stop,10/16/2026,12:35,18:10,17563,16726.67,836.33,INR,9/1/2026 6:36,Cleartrip
BLR,HYD,Overland Airways,OF-108,1 stop,9/16/2026,17:55,19:40,17682,16840,842,INR,9/1/2026 6:39,Cleartrip
BLR,CCU,Air India,AI-2811,1 stop,10/16/2026,23:40,16:55,17748,16902.86,845.14,INR,9/1/2026 6:36,Cleartrip
BLR,PNQ,Overland Airways,OF-128,1 stop,9/8/2026,4:00,5:35,17830,16980.95,849.05,INR,9/1/2026 6:45,Cleartrip
GOI,BOM,Overland Airways,OF-126,"687

stop",9/16/2026,22:35,0:05,17880,17028.57,851.43,INR,9/1/2026 6:51,Cleartrip
DEL,PNQ,Unknown,17-920,Non-stop,9/16/2026,16:55,19:25,17920,17066.67,853.33,INR,9/1/2026 6:27,Cleartrip
BLR,CCU,Overland Airways,OF-146,1 stop,9/16/2026,22:15,0:50,17926,17072.38,853.62,INR,9/1/2026 6:36,Cleartrip
BLR,CCU,IndiGo,6.00E-223,Non-stop,10/16/2026,17:05,19:55,18020,17161.9,858.1,INR,9/1/2026 6:36,Cleartrip
BLR,CCU,IndiGo,6E-6572,Non-stop,10/16/2026,15:05,17:45,18020,17161.9,858.1,INR,9/1/2026 6:36,Cleartrip
BLR,CCU,Air India,AI-2630,1 stop,10/16/2026,12:05,19:55,18198,17331.43,866.57,INR,9/1/2026 6:36,Cleartrip
BLR,PNQ,Overland Airways,OF-128,1 stop,9/16/2026,7:30,20:05,18384,17508.57,875.43,INR,9/1/2026 6:45,Cleartrip
DEL,SXR,Unknown,18-447,"692

stop",10/1/2026,12:05,13:55,18447,17568.57,878.43,INR,9/1/2026 6:38,Cleartrip
DEL,HYD,Overland Airways,OF-187,"259

stop",9/16/2026,12:20,20:45,18462,17582.86,879.14,INR,9/1/2026 6:25,Cleartrip
DEL,GAU,Unknown,18-536,1 stop,9/8/2026,4:45,7:10,18536,17653.33,882.67,INR,9/1/2026 6:49,Cleartrip
BLR,BOM,Overland Airways,OF-233,"295

stop",9/8/2026,3:45,5:30,18648,17760,888,INR,9/1/2026 6:23,Cleartrip
GOI,BOM,Overland Airways,OF-115,"057

stop",10/1/2026,5:45,9:15,19000,18095.24,904.76,INR,9/1/2026 6:52,Cleartrip
DEL,CCU,Overland Airways,OF-158,"168

stop",9/8/2026,12:55,21:45,19002,18097.14,904.86,INR,9/1/2026 6:28,Cleartrip
DEL,GAU,Unknown,19-133,Non-stop,9/16/2026,4:45,7:10,19133,18221.9,911.1,INR,9/1/2026 6:50,Cleartrip
AMD,BOM,Overland Airways,OF-122,"619

stop",9/16/2026,4:50,6:15,19164,18251.43,912.57,INR,9/1/2026 6:43,Cleartrip
BLR,PNQ,Overland Airways,OF-103,1 stop,9/2/2026,4:00,5:35,19171,18258.1,912.9,INR,9/1/2026 6:44,Cleartrip
DEL,CCU,Overland Airways,OF-180,"021

stop",9/16/2026,12:20,18:15,19181,18267.62,913.38,INR,9/1/2026 6:29,Cleartrip
BLR,BOM,Overland Airways,OF-147,"159

stop",9/16/2026,3:45,5:30,19244,18327.62,916.38,INR,9/1/2026 6:23,Cleartrip
HYD,BOM,Overland Airways,OF-207,"470

stop",9/8/2026,3:00,4:30,19299,18380,919,INR,9/1/2026 6:33,Cleartrip
BLR,HYD,Overland Airways,OF-152,1 stop,9/8/2026,20:50,22:35,19360,18438.1,921.9,INR,9/1/2026 6:38,Cleartrip
HYD,BOM,Overland Airways,OF-127,Non-stop,10/1/2026,0:55,3:10,19481,18553.33,927.67,INR,9/1/2026 6:34,Cleartrip
DEL,PNQ,Overland Airways,OF-101,Non-stop,10/16/2026,4:40,6:55,19546,18615.24,930.76,INR,9/1/2026 6:28,Cleartrip
MAA,HYD,Overland Airways,OF-100,1 stop,10/16/2026,17:15,19:00,19584,18651.43,932.57,INR,9/1/2026 6:47,Cleartrip
HYD,BOM,Overland Airways,OF-229,Non-stop,10/16/2026,16:40,18:10,19727,18787.62,939.38,INR,9/1/2026 6:35,Cleartrip
DEL,PNQ,Unknown,19-913,"622

stop",9/8/2026,15:50,22:50,19913,18964.76,948.24,INR,9/1/2026 6:26,Cleartrip
BLR,PNQ,Overland Airways,OF-114,1 stop,10/1/2026,10:00,11:40,19966,19015.24,950.76,INR,9/1/2026 6:45,Cleartrip
GOI,BOM,Overland Airways,OF-129,"087

stop",9/8/2026,22:35,0:05,19978,19026.67,951.33,INR,9/1/2026 6:51,Cleartrip
MAA,HYD,Overland Airways,OF-118,1 stop,10/1/2026,13:45,15:10,20059,19103.81,955.19,INR,9/1/2026 6:47,Cleartrip
GOI,BOM,Overland Airways,OF-147,"057

stop",10/16/2026,20:30,21:55,20119,19160.95,958.05,INR,9/1/2026 6:52,Cleartrip
AMD,DEL,Overland Airways,OF-122,"802

stop",10/16/2026,0:05,2:00,20166,19205.71,960.29,INR,9/1/2026 6:31,Cleartrip
MAA,HYD,Overland Airways,OF-101,1 stop,9/16/2026,13:20,15:05,20171,19210.48,960.52,INR,9/1/2026 6:46,Cleartrip
BLR,CCU,Overland Airways,OF-123,1 stop,9/8/2026,22:20,1:00,20182,19220.95,961.05,INR,9/1/2026 6:35,Cleartrip
DEL,PNQ,Unknown,20-538,Non-stop,10/1/2026,4:40,6:55,20538,19560,978,INR,9/1/2026 6:27,Cleartrip
MAA,DEL,Overland Airways,OF-180,"435

stop",9/16/2026,14:40,22:10,21056,20053.33,1002.67,INR,9/1/2026 6:32,Cleartrip
BLR,CCU,Overland Airways,OF-177,1 stop,10/1/2026,5:00,7:35,21874,20832.38,1041.62,INR,9/1/2026 6:36,Cleartrip
BLR,HYD,Overland Airways,OF-118,1 stop,10/16/2026,21:25,22:40,22034,20984.76,1049.24,INR,9/1/2026 6:39,Cleartrip
MAA,HYD,Overland Airways,OF-129,1 stop,9/8/2026,16:30,20:35,22173,21117.14,1055.86,INR,9/1/2026 6:46,Cleartrip
DEL,HYD,Overland Airways,OF-192,"829

stop",9/8/2026,9:00,20:45,22533,21460,1073,INR,9/1/2026 6:25,Cleartrip
BLR,HYD,Overland Airways,OF-153,1 stop,9/2/2026,23:05,3:10,22666,21586.67,1079.33,INR,9/1/2026 6:38,Cleartrip
GOI,DEL,Overland Airways,OF-181,"719

stop",10/1/2026,11:35,14:15,22907,21816.19,1090.81,INR,9/1/2026 6:48,Cleartrip
DEL,HYD,Overland Airways,OF-212,"493

stop",10/1/2026,14:10,16:30,23381,22267.62,1113.38,INR,9/1/2026 6:25,Cleartrip
DEL,CCU,Overland Airways,OF-152,"455

stop",9/2/2026,15:25,21:30,23590,22466.67,1123.33,INR,9/1/2026 6:28,Cleartrip
DEL,GAU,Unknown,23-731,Non-stop,10/1/2026,4:45,7:10,23731,22600.95,1130.05,INR,9/1/2026 6:50,Cleartrip
AMD,BOM,Unknown,24-243,"322

stop",9/2/2026,1:15,2:55,24243,23088.57,1154.43,INR,9/1/2026 6:43,Cleartrip
AMD,BOM,Overland Airways,OF-164,"172

stop",10/16/2026,6:40,9:15,24619,23446.67,1172.33,INR,9/1/2026 6:44,Cleartrip
BLR,PNQ,Overland Airways,OF-112,1 stop,10/16/2026,10:00,11:40,25028,23836.19,1191.81,INR,9/1/2026 6:45,Cleartrip
BLR,BOM,Overland Airways,OF-153,"251

stop",10/16/2026,15:00,16:50,25127,23930.48,1196.52,INR,9/1/2026 6:24,Cleartrip
MAA,HYD,Overland Airways,OF-115,1 stop,9/2/2026,22:20,3:10,25176,23977.14,1198.86,INR,9/1/2026 6:46,Cleartrip
MAA,DEL,Overland Airways,OF-171,"619

stop",9/8/2026,7:10,12:30,25262,24059.05,1202.95,INR,9/1/2026 6:32,Cleartrip
DEL,SXR,Unknown,25-365,"356

stop",10/16/2026,6:10,14:10,25365,24157.14,1207.86,INR,9/1/2026 6:38,Cleartrip
BLR,BOM,Overland Airways,OF-161,Non-stop,10/1/2026,5:00,6:50,25458,24245.71,1212.29,INR,9/1/2026 6:24,Cleartrip
DEL,SXR,Unknown,25-557,"519

stop",9/16/2026,11:30,12:55,25557,24340,1217,INR,9/1/2026 6:37,Cleartrip
DEL,HYD,Overland Airways,OF-176,"829

stop",9/2/2026,5:10,10:10,25766,24539.05,1226.95,INR,9/1/2026 6:24,Cleartrip
DEL,SXR,Unknown,26-141,"373

stop",9/8/2026,9:55,11:25,26141,24896.19,1244.81,INR,9/1/2026 6:37,Cleartrip
MAA,DEL,Overland Airways,OF-153,"836

stop",9/2/2026,12:30,22:50,26341,25086.67,1254.33,INR,9/1/2026 6:31,Cleartrip
BLR,DEL,Overland Airways,OF-228,"364

stop",9/8/2026,8:20,12:55,26562,25297.14,1264.86,INR,9/1/2026 6:21,Cleartrip
DEL,BOM,Overland Airways,OF-218,"500

stop",9/16/2026,9:20,11:40,27112,25820.95,1291.05,INR,9/1/2026 6:19,Cleartrip
MAA,BOM,Overland Airways,OF-140,"697

stop",10/1/2026,21:25,7:45,27126,25834.29,1291.71,INR,9/1/2026 6:42,Cleartrip
DEL,PNQ,Unknown,27-833,"220

stop",9/2/2026,6:10,13:20,27833,26507.62,1325.38,INR,9/1/2026 6:26,Cleartrip
GOI,DEL,Overland Airways,OF-167,"871

stop",9/16/2026,8:10,10:45,28268,26921.9,1346.1,INR,9/1/2026 6:48,Cleartrip
BLR,DEL,Overland Airways,OF-242,"045

stop",9/16/2026,9:20,12:10,28542,27182.86,1359.14,INR,9/1/2026 6:22,Cleartrip
HYD,BOM,Overland Airways,OF-200,Non-stop,9/2/2026,5:00,6:25,28684,27318.1,1365.9,INR,9/1/2026 6:33,Cleartrip
MAA,DEL,Overland Airways,OF-178,"217

stop",10/1/2026,21:25,4:10,28733,27364.76,1368.24,INR,9/1/2026 6:32,Cleartrip
DEL,BOM,Overland Airways,OF-243,Non-stop,10/1/2026,20:10,22:30,28978,27598.1,1379.9,INR,9/1/2026 6:20,Cleartrip
CCU,BOM,Overland Airways,OF-173,"534

stop",9/8/2026,23:00,1:40,29081,27696.19,1384.81,INR,9/1/2026 6:40,Cleartrip
CCU,BOM,Overland Airways,OF-157,"855

stop",9/16/2026,23:00,1:40,29194,27803.81,1390.19,INR,9/1/2026 6:40,Cleartrip
CCU,BOM,Overland Airways,OF-207,"633

stop",10/1/2026,5:00,7:45,29424,28022.86,1401.14,INR,9/1/2026 6:41,Cleartrip
BLR,BOM,Overland Airways,OF-236,Non-stop,9/2/2026,3:45,5:30,29459,28056.19,1402.81,INR,9/1/2026 6:23,Cleartrip
AMD,DEL,Unknown,30-335,"484

stop",9/2/2026,16:55,21:25,30335,28890.48,1444.52,INR,9/1/2026 6:30,Cleartrip
MAA,BOM,Overland Airways,OF-133,Non-stop,9/16/2026,13:35,15:40,30755,29290.48,1464.52,INR,9/1/2026 6:42,Cleartrip
MAA,BOM,Overland Airways,OF-128,"099

stop",9/2/2026,10:55,14:50,30764,29299.05,1464.95,INR,9/1/2026 6:41,Cleartrip
DEL,GAU,Unknown,30-766,Non-stop,9/2/2026,4:45,7:10,30766,29300.95,1465.05,INR,9/1/2026 6:49,Cleartrip
MAA,BOM,Overland Airways,OF-136,"382

stop",10/16/2026,14:00,16:05,31400,29904.76,1495.24,INR,9/1/2026 6:42,Cleartrip
GOI,DEL,Overland Airways,OF-160,"588

stop",10/16/2026,22:30,1:10,33827,32216.19,1610.81,INR,9/1/2026 6:49,Cleartrip
MAA,BOM,Overland Airways,OF-117,Non-stop,9/8/2026,2:30,4:45,34062,32440,1622,INR,9/1/2026 6:42,Cleartrip
DEL,BOM,Overland Airways,OF-218,"095

stop",9/8/2026,18:30,22:25,34094,32470.48,1623.52,INR,9/1/2026 6:19,Cleartrip
DEL,BOM,Overland Airways,OF-227,Non-stop,10/16/2026,8:55,11:15,34198,32569.52,1628.48,INR,9/1/2026 6:20,Cleartrip
BLR,DEL,Overland Airways,OF-212,"364

stop",9/2/2026,7:30,11:20,34322,32687.62,1634.38,INR,9/1/2026 6:21,Cleartrip
GOI,DEL,Overland Airways,OF-152,"038

stop",9/8/2026,21:40,8:55,34625,32976.19,1648.81,INR,9/1/2026 6:48,Cleartrip
GOI,DEL,Overland Airways,OF-166,"038

stop",9/2/2026,11:35,14:15,34625,32976.19,1648.81,INR,9/1/2026 6:47,Cleartrip
DEL,SXR,Unknown,35-402,"241

stop",9/2/2026,11:30,12:55,35402,33716.19,1685.81,INR,9/1/2026 6:37,Cleartrip
DEL,CCU,Overland Airways,OF-167,"185

stop",10/1/2026,10:30,12:50,36061,34343.81,1717.19,INR,9/1/2026 6:29,Cleartrip
DEL,BOM,Overland Airways,OF-222,"226

stop",9/2/2026,19:40,23:45,36342,34611.43,1730.57,INR,9/1/2026 6:19,Cleartrip
BLR,CCU,Overland Airways,OF-111,1 stop,9/2/2026,22:20,1:00,37437,35654.29,1782.71,INR,9/1/2026 6:35,Cleartrip
DEL,HYD,Overland Airways,OF-183,"809

stop",10/16/2026,10:00,14:50,39275,37404.76,1870.24,INR,9/1/2026 6:26,Cleartrip
BLR,CCU,Overland Airways,OF-107,1 stop,10/16/2026,22:10,12:10,39501,37620,1881,INR,9/1/2026 6:36,Cleartrip
BLR,DEL,Overland Airways,OF-233,"364

stop",10/1/2026,6:15,8:50,40595,38661.9,1933.1,INR,9/1/2026 6:22,Cleartrip
MAA,DEL,Overland Airways,OF-171,"430

stop",10/16/2026,22:05,10:20,40702,38763.81,1938.19,INR,9/1/2026 6:33,Cleartrip
CCU,BOM,Overland Airways,OF-168,"744

stop",9/2/2026,7:45,21:55,42351,40334.29,2016.71,INR,9/1/2026 6:40,Cleartrip
CCU,BOM,Overland Airways,OF-181,"826

stop",10/16/2026,9:25,18:40,48125,45833.33,2291.67,INR,9/1/2026 6:41,Cleartrip
